{"digest":"37dcf8607a496a898d5a2a25d9b083bd7f7cb190","css":"","imports":[{"path":"static\\variables\\ui-variables.less","digest":"a51b652b59d33fcd2efa2fd725a78735dbbcf655"},{"path":"static\\variables\\syntax-variables.less","digest":"161404ff92113205d84a38441681ded1e4527102"},{"path":"node_modules\\one-dark-ui\\styles\\ui-variables.less","digest":"1c09721e3a32e9027ca0d0fb6026352702c8644e"},{"path":"node_modules\\one-dark-syntax\\styles\\syntax-variables.less","digest":"e4284de7ac39b754d31dabc56e14274f03c21297"},{"path":"node_modules\\one-dark-syntax\\styles\\colors.less","digest":"80d6db97c3dffd1e54db08d4a532cbb750c742ac"}],"version":1}