{"_id":"mime","_rev":"167-b91d7f3a226b7b04bb68c29dcc9d3bf9","name":"mime","description":"A comprehensive library for mime-type mapping","dist-tags":{"latest":"1.3.4"},"versions":{"1.0.0":{"name":"mime","description":"A super simple utility library for dealing with mime-types","url":"http://github.com/bentomas/node-mime","keywords":["util","mime"],"author":{"name":"Benjamin Thomas","email":"benjamin@benjaminthomas.org"},"contributors":[],"dependencies":{},"lib":".","main":"mime","version":"1.0.0","_id":"mime@1.0.0","engines":{"node":"*"},"_nodeSupported":true,"_npmVersion":"0.2.7-2","_nodeVersion":"v0.3.1-pre","dist":{"tarball":"http://registry.npmjs.org/mime/-/mime-1.0.0.tgz","shasum":"0650d4779569617b3ee8bec7b8b7522e74af05be"},"directories":{}},"1.1.0":{"name":"mime","description":"A super simple utility library for dealing with mime-types","url":"http://github.com/bentomas/node-mime","keywords":["util","mime"],"author":{"name":"Benjamin Thomas","email":"benjamin@benjaminthomas.org"},"contributors":[],"dependencies":{},"lib":".","main":"mime","version":"1.1.0","_id":"mime@1.1.0","engines":{"node":"*"},"_nodeSupported":true,"_npmVersion":"0.2.7-2","_nodeVersion":"v0.3.1-pre","dist":{"tarball":"http://registry.npmjs.org/mime/-/mime-1.1.0.tgz","shasum":"a067f5be8a6c9eeb83f3733c8c22dd142a603add"},"directories":{}},"1.2.1":{"name":"mime","description":"A comprehensive library for mime-type mapping","url":"http://github.com/bentomas/node-mime","keywords":["util","mime"],"author":{"name":"Benjamin Thomas","email":"benjamin@benjaminthomas.org"},"contributors":[],"dependencies":{},"lib":".","main":"mime","version":"1.2.1","_id":"mime@1.2.1","engines":{"node":"*"},"_engineSupported":true,"_npmVersion":"0.2.16","_nodeVersion":"v0.3.1","directories":{},"modules":{"README.md":"README.md","index.js":"index.js","package.json":"package.json","mime.js":"mime.js","node.types":"node.types","mime.types":"mime.types","test.js":"test.js"},"files":[""],"_defaultsLoaded":true,"dist":{"shasum":"9876d4db9491091d154288a32893564839b8e04e","tarball":"http://registry.npmjs.org/mime/-/mime-1.2.1.tgz"}},"1.2.2":{"name":"mime","description":"A comprehensive library for mime-type mapping","url":"http://github.com/bentomas/node-mime","keywords":["util","mime"],"author":{"name":"Benjamin Thomas","email":"benjamin@benjaminthomas.org"},"contributors":[],"dependencies":{},"lib":".","main":"mime.js","version":"1.2.2","devDependencies":{},"_id":"mime@1.2.2","engines":{"node":"*"},"_engineSupported":true,"_npmVersion":"1.0.6","_nodeVersion":"v0.4.6","_defaultsLoaded":true,"dist":{"shasum":"b9d6355bf53e8d7d56693130e451daff340148cf","tarball":"http://registry.npmjs.org/mime/-/mime-1.2.2.tgz"},"scripts":{},"directories":{}},"1.2.3":{"name":"mime","description":"A comprehensive library for mime-type mapping","url":"http://github.com/bentomas/node-mime","keywords":["util","mime"],"author":{"name":"Benjamin Thomas","email":"benjamin@benjaminthomas.org"},"contributors":[],"dependencies":{},"lib":".","main":"mime.js","version":"1.2.3","_npmJsonOpts":{"file":"/home/kieffer/.npm/mime/1.2.3/package/package.json","wscript":false,"contributors":false,"serverjs":false},"_id":"mime@1.2.3","devDependencies":{},"engines":{"node":"*"},"_engineSupported":true,"_npmVersion":"1.0.27","_nodeVersion":"v0.4.6","_defaultsLoaded":true,"dist":{"shasum":"7717bad7444f42d0c7d98cdc2a7b20068f837b68","tarball":"http://registry.npmjs.org/mime/-/mime-1.2.3.tgz"},"maintainers":[{"name":"broofa","email":"robert@broofa.com"},{"name":"bentomas","email":"benjamin@benjaminthomas.org"}],"directories":{}},"1.2.4":{"author":{"name":"Robert Kieffer","email":"robert@broofa.com","url":"http://github.com/broofa"},"contributors":[{"name":"Benjamin Thomas","email":"benjamin@benjaminthomas.org","url":"http://github.com/bentomas"}],"dependencies":{},"description":"A comprehensive library for mime-type mapping","devDependencies":{"async_testing":""},"keywords":["util","mime"],"main":"mime.js","name":"mime","repository":{"url":"git://github.com/bentomas/node-mime.git","type":"git"},"version":"1.2.4","_npmJsonOpts":{"file":"/home/kieffer/.npm/mime/1.2.4/package/package.json","wscript":false,"contributors":false,"serverjs":false},"_id":"mime@1.2.4","engines":{"node":"*"},"_engineSupported":true,"_npmVersion":"1.0.27","_nodeVersion":"v0.4.6","_defaultsLoaded":true,"dist":{"shasum":"11b5fdaf29c2509255176b80ad520294f5de92b7","tarball":"http://registry.npmjs.org/mime/-/mime-1.2.4.tgz"},"maintainers":[{"name":"broofa","email":"robert@broofa.com"},{"name":"bentomas","email":"benjamin@benjaminthomas.org"}],"directories":{}},"1.2.5":{"author":{"name":"Robert Kieffer","email":"robert@broofa.com","url":"http://github.com/broofa"},"contributors":[{"name":"Benjamin Thomas","email":"benjamin@benjaminthomas.org","url":"http://github.com/bentomas"}],"dependencies":{},"description":"A comprehensive library for mime-type mapping","devDependencies":{},"keywords":["util","mime"],"main":"mime.js","name":"mime","repository":{"url":"git://github.com/bentomas/node-mime.git","type":"git"},"version":"1.2.5","_npmUser":{"name":"broofa","email":"robert@broofa.com"},"_id":"mime@1.2.5","engines":{"node":"*"},"_engineSupported":true,"_npmVersion":"1.0.106","_nodeVersion":"v0.4.6","_defaultsLoaded":true,"dist":{"shasum":"9eed073022a8bf5e16c8566c6867b8832bfbfa13","tarball":"http://registry.npmjs.org/mime/-/mime-1.2.5.tgz"},"maintainers":[{"name":"broofa","email":"robert@broofa.com"},{"name":"bentomas","email":"benjamin@benjaminthomas.org"}],"directories":{}},"1.2.6":{"author":{"name":"Robert Kieffer","email":"robert@broofa.com","url":"http://github.com/broofa"},"contributors":[{"name":"Benjamin Thomas","email":"benjamin@benjaminthomas.org","url":"http://github.com/bentomas"}],"dependencies":{},"description":"A comprehensive library for mime-type mapping","devDependencies":{},"keywords":["util","mime"],"main":"mime.js","name":"mime","repository":{"url":"git://github.com/broofa/node-mime.git","type":"git"},"version":"1.2.6","_npmUser":{"name":"bentomas","email":"benjamin@benjaminthomas.org"},"_id":"mime@1.2.6","optionalDependencies":{},"engines":{"node":"*"},"_engineSupported":true,"_npmVersion":"1.1.12","_nodeVersion":"v0.6.14","_defaultsLoaded":true,"dist":{"shasum":"b1f86c768c025fa87b48075f1709f28aeaf20365","tarball":"http://registry.npmjs.org/mime/-/mime-1.2.6.tgz"},"maintainers":[{"name":"broofa","email":"robert@broofa.com"},{"name":"bentomas","email":"benjamin@benjaminthomas.org"}],"directories":{}},"1.2.7":{"author":{"name":"Robert Kieffer","email":"robert@broofa.com","url":"http://github.com/broofa"},"contributors":[{"name":"Benjamin Thomas","email":"benjamin@benjaminthomas.org","url":"http://github.com/bentomas"}],"dependencies":{},"description":"A comprehensive library for mime-type mapping","devDependencies":{},"keywords":["util","mime"],"main":"mime.js","name":"mime","repository":{"url":"https://github.com/broofa/node-mime","type":"git"},"version":"1.2.7","_id":"mime@1.2.7","dist":{"shasum":"c7a13f33a7073d9900f288436b06b3a16200865b","tarball":"http://registry.npmjs.org/mime/-/mime-1.2.7.tgz"},"maintainers":[{"name":"broofa","email":"robert@broofa.com"},{"name":"bentomas","email":"benjamin@benjaminthomas.org"}],"directories":{}},"1.2.8":{"author":{"name":"Robert Kieffer","email":"robert@broofa.com","url":"http://github.com/broofa"},"contributors":[{"name":"Benjamin Thomas","email":"benjamin@benjaminthomas.org","url":"http://github.com/bentomas"}],"dependencies":{},"description":"A comprehensive library for mime-type mapping","devDependencies":{},"keywords":["util","mime"],"main":"mime.js","name":"mime","repository":{"url":"https://github.com/broofa/node-mime","type":"git"},"version":"1.2.8","_id":"mime@1.2.8","dist":{"shasum":"59178be248b0e06df58f6e04db3c8ee30084e110","tarball":"http://registry.npmjs.org/mime/-/mime-1.2.8.tgz"},"maintainers":[{"name":"broofa","email":"robert@broofa.com"},{"name":"bentomas","email":"benjamin@benjaminthomas.org"}],"directories":{}},"1.2.9":{"author":{"name":"Robert Kieffer","email":"robert@broofa.com","url":"http://github.com/broofa"},"contributors":[{"name":"Benjamin Thomas","email":"benjamin@benjaminthomas.org","url":"http://github.com/bentomas"}],"dependencies":{},"description":"A comprehensive library for mime-type mapping","devDependencies":{},"keywords":["util","mime"],"main":"mime.js","name":"mime","repository":{"url":"https://github.com/broofa/node-mime","type":"git"},"version":"1.2.9","_id":"mime@1.2.9","dist":{"shasum":"009cd40867bd35de521b3b966f04e2f8d4d13d09","tarball":"http://registry.npmjs.org/mime/-/mime-1.2.9.tgz"},"maintainers":[{"name":"broofa","email":"robert@broofa.com"},{"name":"bentomas","email":"benjamin@benjaminthomas.org"}],"directories":{}},"1.2.10":{"author":{"name":"Robert Kieffer","email":"robert@broofa.com","url":"http://github.com/broofa"},"contributors":[{"name":"Benjamin Thomas","email":"benjamin@benjaminthomas.org","url":"http://github.com/bentomas"}],"dependencies":{},"description":"A comprehensive library for mime-type mapping","devDependencies":{},"keywords":["util","mime"],"main":"mime.js","name":"mime","repository":{"url":"https://github.com/broofa/node-mime","type":"git"},"version":"1.2.10","_id":"mime@1.2.10","dist":{"shasum":"066380acbc3d78d4f4a51004d8988425dc68b9b1","tarball":"http://registry.npmjs.org/mime/-/mime-1.2.10.tgz"},"maintainers":[{"name":"broofa","email":"robert@broofa.com"},{"name":"bentomas","email":"benjamin@benjaminthomas.org"}],"directories":{}},"1.2.11":{"author":{"name":"Robert Kieffer","email":"robert@broofa.com","url":"http://github.com/broofa"},"contributors":[{"name":"Benjamin Thomas","email":"benjamin@benjaminthomas.org","url":"http://github.com/bentomas"}],"dependencies":{},"description":"A comprehensive library for mime-type mapping","devDependencies":{},"keywords":["util","mime"],"main":"mime.js","name":"mime","repository":{"url":"https://github.com/broofa/node-mime","type":"git"},"version":"1.2.11","bugs":{"url":"https://github.com/broofa/node-mime/issues"},"_id":"mime@1.2.11","dist":{"shasum":"58203eed86e3a5ef17aed2b7d9ebd47f0a60dd10","tarball":"http://registry.npmjs.org/mime/-/mime-1.2.11.tgz"},"_from":".","_npmVersion":"1.3.6","_npmUser":{"name":"broofa","email":"robert@broofa.com"},"maintainers":[{"name":"broofa","email":"robert@broofa.com"},{"name":"bentomas","email":"benjamin@benjaminthomas.org"}],"directories":{}},"1.3.0":{"author":{"name":"Robert Kieffer","email":"robert@broofa.com","url":"http://github.com/broofa"},"scripts":{"install":"node build/build.js > types.json","test":"node build/test.js"},"contributors":[{"name":"Benjamin Thomas","email":"benjamin@benjaminthomas.org","url":"http://github.com/bentomas"}],"dependencies":{"mime-db":"^1.2.0"},"description":"A comprehensive library for mime-type mapping","licenses":[{"type":"MIT","url":"https://raw.github.com/broofa/node-mime/master/LICENSE"}],"devDependencies":{},"keywords":["util","mime"],"main":"mime.js","name":"mime","repository":{"url":"https://github.com/broofa/node-mime","type":"git"},"version":"1.3.0","gitHead":"2e177718416ed104343446a5eec9861092650aab","bugs":{"url":"https://github.com/broofa/node-mime/issues"},"homepage":"https://github.com/broofa/node-mime","_id":"mime@1.3.0","_shasum":"447c1ac7a6e4df33e3eebf13419bd736f99067f0","_from":".","_npmVersion":"1.4.28","_npmUser":{"name":"broofa","email":"robert@broofa.com"},"maintainers":[{"name":"broofa","email":"robert@broofa.com"},{"name":"bentomas","email":"benjamin@benjaminthomas.org"}],"dist":{"shasum":"447c1ac7a6e4df33e3eebf13419bd736f99067f0","tarball":"http://registry.npmjs.org/mime/-/mime-1.3.0.tgz"},"directories":{}},"1.3.2":{"author":{"name":"Robert Kieffer","email":"robert@broofa.com","url":"http://github.com/broofa"},"scripts":{"install":"node build/build.js > types.json","test":"node build/test.js"},"bin":{"mime":"cli.js"},"contributors":[{"name":"Benjamin Thomas","email":"benjamin@benjaminthomas.org","url":"http://github.com/bentomas"}],"dependencies":{"mime-db":"^1.2.0"},"description":"A comprehensive library for mime-type mapping","licenses":[{"type":"MIT","url":"https://raw.github.com/broofa/node-mime/master/LICENSE"}],"devDependencies":{},"keywords":["util","mime"],"main":"mime.js","name":"mime","repository":{"url":"https://github.com/broofa/node-mime","type":"git"},"version":"1.3.2","gitHead":"ab8f0ab3c8139b849b2caca107553643766f0bc9","bugs":{"url":"https://github.com/broofa/node-mime/issues"},"homepage":"https://github.com/broofa/node-mime","_id":"mime@1.3.2","_shasum":"10d5293d23d8d4086cd2666a936477a49764c3bf","_from":".","_npmVersion":"1.4.28","_npmUser":{"name":"broofa","email":"robert@broofa.com"},"maintainers":[{"name":"broofa","email":"robert@broofa.com"},{"name":"bentomas","email":"benjamin@benjaminthomas.org"}],"dist":{"shasum":"10d5293d23d8d4086cd2666a936477a49764c3bf","tarball":"http://registry.npmjs.org/mime/-/mime-1.3.2.tgz"},"directories":{}},"1.3.3":{"author":{"name":"Robert Kieffer","email":"robert@broofa.com","url":"http://github.com/broofa"},"scripts":{"prepublish":"node build/build.js > types.json","test":"node build/test.js"},"bin":{"mime":"cli.js"},"contributors":[{"name":"Benjamin Thomas","email":"benjamin@benjaminthomas.org","url":"http://github.com/bentomas"}],"description":"A comprehensive library for mime-type mapping","licenses":[{"type":"MIT","url":"https://raw.github.com/broofa/node-mime/master/LICENSE"}],"dependencies":{},"devDependencies":{"mime-db":"^1.2.0"},"keywords":["util","mime"],"main":"mime.js","name":"mime","repository":{"url":"https://github.com/broofa/node-mime","type":"git"},"version":"1.3.3","gitHead":"a80fa147ce33a6ee23336542ff855fa5b3036e07","bugs":{"url":"https://github.com/broofa/node-mime/issues"},"homepage":"https://github.com/broofa/node-mime","_id":"mime@1.3.3","_shasum":"6b681b6c0c0f6b41aec7eb5ced09f43fc81d6caf","_from":".","_npmVersion":"1.4.28","_npmUser":{"name":"broofa","email":"robert@broofa.com"},"maintainers":[{"name":"broofa","email":"robert@broofa.com"},{"name":"bentomas","email":"benjamin@benjaminthomas.org"}],"dist":{"shasum":"6b681b6c0c0f6b41aec7eb5ced09f43fc81d6caf","tarball":"http://registry.npmjs.org/mime/-/mime-1.3.3.tgz"},"directories":{}},"1.3.4":{"author":{"name":"Robert Kieffer","email":"robert@broofa.com","url":"http://github.com/broofa"},"scripts":{"prepublish":"node build/build.js > types.json","test":"node build/test.js"},"bin":{"mime":"cli.js"},"contributors":[{"name":"Benjamin Thomas","email":"benjamin@benjaminthomas.org","url":"http://github.com/bentomas"}],"description":"A comprehensive library for mime-type mapping","licenses":[{"type":"MIT","url":"https://raw.github.com/broofa/node-mime/master/LICENSE"}],"dependencies":{},"devDependencies":{"mime-db":"^1.2.0"},"keywords":["util","mime"],"main":"mime.js","name":"mime","repository":{"url":"https://github.com/broofa/node-mime","type":"git"},"version":"1.3.4","gitHead":"1628f6e0187095009dcef4805c3a49706f137974","bugs":{"url":"https://github.com/broofa/node-mime/issues"},"homepage":"https://github.com/broofa/node-mime","_id":"mime@1.3.4","_shasum":"115f9e3b6b3daf2959983cb38f149a2d40eb5d53","_from":".","_npmVersion":"1.4.28","_npmUser":{"name":"broofa","email":"robert@broofa.com"},"maintainers":[{"name":"broofa","email":"robert@broofa.com"},{"name":"bentomas","email":"benjamin@benjaminthomas.org"}],"dist":{"shasum":"115f9e3b6b3daf2959983cb38f149a2d40eb5d53","tarball":"http://registry.npmjs.org/mime/-/mime-1.3.4.tgz"},"directories":{}}},"maintainers":[{"name":"broofa","email":"robert@broofa.com"},{"name":"bentomas","email":"benjamin@benjaminthomas.org"}],"author":{"name":"Robert Kieffer","email":"robert@broofa.com","url":"http://github.com/broofa"},"time":{"modified":"2015-02-07T00:04:32.434Z","created":"2011-01-20T16:27:31.008Z","1.0.0":"2011-01-20T16:27:31.008Z","1.1.0":"2011-01-20T16:27:31.008Z","1.2.1":"2011-01-20T16:27:31.008Z","1.2.2":"2011-05-09T11:56:13.470Z","1.2.3":"2011-09-07T13:19:46.375Z","1.2.4":"2011-09-18T12:00:16.878Z","1.2.5":"2012-02-16T14:14:57.547Z","1.2.6":"2012-06-26T15:32:22.315Z","1.2.7":"2012-07-19T22:34:29.843Z","1.2.8":"2013-01-10T18:31:25.510Z","1.2.9":"2013-01-17T16:59:18.360Z","1.2.10":"2013-07-25T17:03:54.344Z","1.2.11":"2013-08-15T17:46:51.772Z","1.3.0":"2015-02-05T19:45:52.999Z","1.3.1":"2015-02-05T20:08:40.328Z","1.3.2":"2015-02-05T20:21:14.114Z","1.3.3":"2015-02-07T00:03:37.869Z","1.3.4":"2015-02-07T00:04:32.434Z"},"repository":{"url":"https://github.com/broofa/node-mime","type":"git"},"users":{"dresende":true,"broofa":true,"yazgazan":true,"fgribreau":true,"m42am":true,"dannydulai":true,"kastor":true,"meryn":true,"dubban":true,"charmander":true,"spekkionu":true,"einfallstoll":true,"roryrjb":true,"themiddleman":true,"igorissen":true,"aminrx":true,"jmervine":true,"marushkevych":true,"appnus":true,"julien-f":true,"yanickrochon":true,"owaz":true,"shen-weizhong":true,"chaowi":true,"sunrising":true,"pospi":true,"boustanihani":true,"adamlu":true,"hellboy81":true,"joakin":true,"fezvrasta":true,"zhangyaochun":true,"stoneren":true,"jacquesw":true,"zeke":true,"kingcron":true,"robermac":true,"lujcon":true,"yashprit":true,"itonyyo":true,"oheard":true,"moimikey":true,"qqqppp9998":true,"dac2205":true,"staraple":true,"sarwan":true,"jcottam":true,"chriscalo":true,"kappuccino":true,"nfd":true,"mgk":true,"wmcmurray":true,"parkerproject":true,"monkeymonk":true,"gochomugo":true,"ssh0702":true,"krot47":true,"buzz-dee":true,"reecegoddard":true,"mikepol":true,"maur1th":true,"akiva":true,"pandao":true,"kparkov":true,"liushoukai":true,"antanst":true,"stany":true,"softwind":true,"flozz":true,"runningtalus":true,"musichen":true,"kikna":true,"rdesoky":true,"wkaifang":true,"evanyeung":true,"nukisman":true,"gfilip":true},"keywords":["util","mime"],"contributors":[{"name":"Benjamin Thomas","email":"benjamin@benjaminthomas.org","url":"http://github.com/bentomas"}],"bugs":{"url":"https://github.com/broofa/node-mime/issues"},"readme":"# mime\n\nComprehensive MIME type mapping API based on mime-db module.\n\n## Install\n\nInstall with [npm](http://github.com/isaacs/npm):\n\n    npm install mime\n\n## Contributing / Testing\n\n    npm run test\n\n## Command Line\n\n    mime [path_string]\n\nE.g.\n\n    > mime scripts/jquery.js\n    application/javascript\n\n## API - Queries\n\n### mime.lookup(path)\nGet the mime type associated with a file, if no mime type is found `application/octet-stream` is returned. Performs a case-insensitive lookup using the extension in `path` (the substring after the last '/' or '.').  E.g.\n\n```js\nvar mime = require('mime');\n\nmime.lookup('/path/to/file.txt');         // => 'text/plain'\nmime.lookup('file.txt');                  // => 'text/plain'\nmime.lookup('.TXT');                      // => 'text/plain'\nmime.lookup('htm');                       // => 'text/html'\n```\n\n### mime.default_type\nSets the mime type returned when `mime.lookup` fails to find the extension searched for. (Default is `application/octet-stream`.)\n\n### mime.extension(type)\nGet the default extension for `type`\n\n```js\nmime.extension('text/html');                 // => 'html'\nmime.extension('application/octet-stream');  // => 'bin'\n```\n\n### mime.charsets.lookup()\n\nMap mime-type to charset\n\n```js\nmime.charsets.lookup('text/plain');        // => 'UTF-8'\n```\n\n(The logic for charset lookups is pretty rudimentary.  Feel free to suggest improvements.)\n\n## API - Defining Custom Types\n\nCustom type mappings can be added on a per-project basis via the following APIs.\n\n### mime.define()\n\nAdd custom mime/extension mappings\n\n```js\nmime.define({\n    'text/x-some-format': ['x-sf', 'x-sft', 'x-sfml'],\n    'application/x-my-type': ['x-mt', 'x-mtt'],\n    // etc ...\n});\n\nmime.lookup('x-sft');                 // => 'text/x-some-format'\n```\n\nThe first entry in the extensions array is returned by `mime.extension()`. E.g.\n\n```js\nmime.extension('text/x-some-format'); // => 'x-sf'\n```\n\n### mime.load(filepath)\n\nLoad mappings from an Apache \".types\" format file\n\n```js\nmime.load('./my_project.types');\n```\nThe .types file format is simple -  See the `types` dir for examples.\n","readmeFilename":"README.md","homepage":"https://github.com/broofa/node-mime","_attachments":{},"_etag":"\"AV25EBRQ61RO5KS2N2M529W95\""}