{"digest":"5ffbf6494e3dd0e8acec3dca6dd61965eafa843f","css":".tree-view-resizer {\n  position: relative;\n  height: 100%;\n  overflow: hidden;\n  cursor: default;\n  -webkit-user-select: none;\n  min-width: 100px;\n  width: 200px;\n  z-index: 2;\n  display: flex;\n  flex-direction: column;\n}\n.tree-view-resizer > .order--start {\n  order: -10;\n}\n.tree-view-resizer > .order--center {\n  order: 0;\n}\n.tree-view-resizer > .order--end {\n  order: 10;\n}\n.tree-view-resizer .tree-view-resize-handle {\n  position: absolute;\n  top: 0;\n  bottom: 0;\n  width: 10px;\n  cursor: col-resize;\n  z-index: 3;\n}\n.tree-view-resizer[data-show-on-right-side='true'] .tree-view-resize-handle {\n  left: -5px;\n}\n.tree-view-resizer[data-show-on-right-side='false'] .tree-view-resize-handle {\n  right: -5px;\n}\n.tree-view-scroller {\n  display: flex;\n  flex-direction: column;\n  flex: 1;\n  width: 100%;\n  overflow: auto;\n}\n.tree-view {\n  flex-grow: 1;\n  flex-shrink: 0;\n  /*\n   * Force a new stacking context to prevent a large, duplicate paint layer from\n   * being created for tree-view's scrolling contents that can make the cost of\n   * layer tree updates scale at 3x the size of the layer rather than the\n   * optimal 1x.\n   *\n   * On high resolution displays, Chromium handles layers for scrolling content\n   * differently and inadvertently creates a duplicate paint layer the size of\n   * .tree-view-scroller because descendants of the scroller overlap the\n   * auto-created layer.\n   */\n  isolation: isolate;\n  min-width: -webkit-min-content;\n  min-height: 100%;\n  padding-left: 5px;\n  padding-right: 10px;\n  position: relative;\n}\n.tree-view .header {\n  position: relative;\n}\n.tree-view .list-tree {\n  position: static;\n}\n.tree-view .entry::before {\n  content: '';\n  position: absolute;\n}\n.platform-win32 .tree-view-resizer .tree-view-resize-handle {\n  cursor: ew-resize;\n}\n","imports":[{"path":"static/variables/ui-variables.less","digest":"c6d5219b02cf3129dbc56c526ad6541ba4e237e6"},{"path":"static/variables/syntax-variables.less","digest":"812c1b7883a023f768773d14294653adcdb932d7"},{"path":"node_modules/one-dark-ui/styles/ui-variables.less","digest":"174a79723580d128c4efde22c592790285879f08"},{"path":"node_modules/one-dark-ui/styles/ui-variables-custom.less","digest":"c18a6f2514b8bca9a476d21e54a2953130a28018"},{"path":"/home/oabraaobatista/.atom/packages/itg-dark-syntax/styles/syntax-variables.less","digest":"118b23aa0d349df2e906526ebc14bfdc5ff57e47"}],"version":1}