{"digest":"fe79143afcef3a15abdf71558e9e58cf3c43e084","css":".styleguide [data-name=\"icons\"] .example-rendered {\n  display: flex;\n  flex-wrap: wrap;\n  align-content: flex-start;\n}\n.styleguide [data-name=\"icons\"] .example-code {\n  display: none;\n}\n.styleguide [data-name=\"icons\"] .icon {\n  position: relative;\n  flex: 1 0 200px;\n  padding: 10px 0 10px 40px;\n  color: rgba(158, 163, 179, 0.6);\n}\n.styleguide [data-name=\"icons\"] .icon:before {\n  position: absolute;\n  margin-left: -32px;\n  color: #d7d9e0;\n  text-align: center;\n}\n.styleguide [data-name=\"icons\"] .icon:hover {\n  color: #d7d9e0;\n}\n.styleguide [data-name=\"icons\"] .icon:hover:before {\n  color: #ffffff;\n  font-size: 32px;\n  width: 32px;\n  height: 32px;\n  margin-top: -8px;\n  margin-left: -40px;\n}\n.styleguide [data-name=\"icons\"] .icon-logo-github:before {\n  margin-left: -60px;\n}\n.styleguide [data-name=\"icons\"] .icon-logo-github:hover:before {\n  margin-left: -100px;\n}\n.styleguide .input-search,\n.styleguide .input-textarea {\n  margin-top: 10px;\n}\n.styleguide .input-label {\n  display: block;\n  width: -webkit-max-content;\n  margin: 0 1em 1em 0;\n}\n.styleguide .input-color,\n.styleguide .input-number,\n.styleguide .input-select {\n  margin: 0 10px 0 0 !important;\n}\n.styleguide .ui-site-1,\n.styleguide .ui-site-2,\n.styleguide .ui-site-3,\n.styleguide .ui-site-4,\n.styleguide .ui-site-5 {\n  height: 10px;\n  width: 100px;\n}\n.styleguide atom-panel.modal {\n  position: relative;\n  max-width: 100%;\n  left: 0;\n  margin: 0;\n}\n.styleguide .popover-list {\n  position: relative;\n}\n.styleguide .popover-list atom-text-editor[mini],\n.styleguide .select-list atom-text-editor[mini] {\n  height: 27px;\n}\n.styleguide .tooltip {\n  position: relative;\n  opacity: 1;\n  display: inline-block;\n  margin-right: 10px;\n}\n.styleguide [data-name=\"error-messages\"] .example-rendered {\n  min-height: 60px;\n}\n","imports":[{"path":"static/variables/ui-variables.less","digest":"c6d5219b02cf3129dbc56c526ad6541ba4e237e6"},{"path":"static/variables/syntax-variables.less","digest":"812c1b7883a023f768773d14294653adcdb932d7"},{"path":"node_modules/one-dark-ui/styles/ui-variables.less","digest":"174a79723580d128c4efde22c592790285879f08"},{"path":"node_modules/one-dark-ui/styles/ui-variables-custom.less","digest":"c18a6f2514b8bca9a476d21e54a2953130a28018"},{"path":"/home/oabraaobatista/.atom/packages/itg-dark-syntax/styles/syntax-variables.less","digest":"118b23aa0d349df2e906526ebc14bfdc5ff57e47"}],"version":1}