{"digest":"0ddb32f0ff75e61a33000b048674012f1dfc73d2","css":".styleguide {\n  position: relative;\n  display: flex;\n  flex-direction: column;\n}\n.styleguide-controls {\n  position: absolute;\n  right: 10px;\n  top: 10px;\n  z-index: 100;\n}\n.styleguide-header {\n  padding: 15px;\n  border-bottom: 1px solid #17191e;\n}\n.styleguide-header h1 {\n  font-size: 2em;\n  margin: 0 0 .5em 0;\n  color: #d7d9e0;\n}\n.styleguide-header p {\n  font-size: 1.2em;\n}\n.styleguide-header p:last-of-type {\n  margin-bottom: 0;\n}\n.styleguide-sections {\n  flex: 1;\n  overflow: auto;\n}\n.styleguide-sections > section {\n  background-color: #23252c;\n  padding: 0;\n  border-bottom: 1px solid #17191e;\n  border-top: none;\n}\n.styleguide-sections > section:last-child {\n  margin-bottom: 0;\n}\n.styleguide-sections > section.collapsed {\n  background-color: #272a32;\n}\n.styleguide-sections > section.collapsed > .section-heading {\n  display: block;\n  margin: 0;\n  padding-bottom: 15px;\n  color: #9ea3b3;\n}\n.styleguide-sections > section.collapsed > .section-heading:hover {\n  color: #d7d9e0;\n  background-color: #30343d;\n}\n.styleguide-sections > section.collapsed > .section-heading:active {\n  background-color: #272a32;\n}\n.styleguide-sections > section.collapsed > * {\n  display: none;\n}\n.styleguide-sections .section-heading.section-heading {\n  padding: 15px 15px 0 15px;\n  cursor: pointer;\n  font-weight: normal;\n  font-size: 1.8em;\n  color: #d7d9e0;\n}\n.styleguide-sections section > h2 {\n  font-size: 1.5em;\n  line-height: 1.2;\n  margin: 1em 15px 0 15px;\n  color: #d7d9e0;\n}\n.styleguide-sections section > p {\n  font-size: 1.1em;\n  margin: 0.5em 15px 1em 15px;\n}\n.styleguide .example {\n  display: flex;\n  flex-wrap: wrap;\n  border-radius: 3px;\n  padding: 5px;\n}\n.styleguide .example .example-rendered,\n.styleguide .example .example-code {\n  position: relative;\n  flex: 1 1 300px;\n  min-width: 0;\n  margin: 5px;\n  border-radius: 3px;\n  border: 1px solid #17191e;\n}\n.styleguide .example .example-rendered {\n  padding: 10px;\n  background: #272a32;\n  overflow: hidden;\n}\n.styleguide .example .example-code {\n  background-color: #272a32;\n}\n.styleguide .example .example-code pre {\n  border: none;\n  background-color: inherit;\n}\n","imports":[{"path":"static/variables/ui-variables.less","digest":"c6d5219b02cf3129dbc56c526ad6541ba4e237e6"},{"path":"static/variables/syntax-variables.less","digest":"812c1b7883a023f768773d14294653adcdb932d7"},{"path":"node_modules/one-dark-ui/styles/ui-variables.less","digest":"174a79723580d128c4efde22c592790285879f08"},{"path":"node_modules/one-dark-ui/styles/ui-variables-custom.less","digest":"c18a6f2514b8bca9a476d21e54a2953130a28018"},{"path":"/home/oabraaobatista/.atom/packages/itg-dark-syntax/styles/syntax-variables.less","digest":"118b23aa0d349df2e906526ebc14bfdc5ff57e47"},{"path":"/home/oabraaobatista/.atom/packages/itg-dark-syntax/styles/syntax-variables.less","digest":"118b23aa0d349df2e906526ebc14bfdc5ff57e47"}],"version":1}