{"digest":"1a6d5b2275ef6f2b96e38cc9b9da1dfb24c5bfc9","css":".tab-bar {\n  display: -webkit-flex;\n  -webkit-user-select: none;\n  margin: 0;\n  /* Drag and Drop */\n}\n.tab-bar .tab {\n  font-size: 11px;\n  position: relative;\n  padding-left: 10px;\n  padding-right: 24px;\n  -webkit-user-drag: element;\n  -webkit-flex: 1;\n  max-width: 175px;\n  min-width: 40px;\n}\n.tab-bar .tab.active {\n  -webkit-flex: 2;\n  width: -webkit-fit-content;\n}\n.tab-bar .tab.active .title {\n  padding-right: 10px;\n}\n.tab-bar .tab .title {\n  overflow: hidden;\n  white-space: nowrap;\n  text-overflow: ellipsis;\n}\n.tab-bar .tab .title.temp {\n  font-style: italic;\n}\n.tab-bar .tab .hide-icon.icon:before {\n  display: none;\n}\n.tab-bar .tab .close-icon {\n  position: absolute;\n  top: 1px;\n  right: 10px;\n  cursor: default;\n}\n.tab-bar .tab .close-icon::before {\n  font-family: 'Octicons Regular';\n  font-weight: normal;\n  font-style: normal;\n  display: inline-block;\n  line-height: 1;\n  -webkit-font-smoothing: antialiased;\n  text-decoration: none;\n  font-size: 12px;\n  width: 12px;\n  height: 12px;\n  content: \"\\f081\";\n}\n.tab-bar .tab.modified:hover .close-icon {\n  color: #0088ff;\n}\n.tab-bar .tab.modified:not(:hover) .close-icon {\n  top: 11px;\n  right: 11px;\n  width: 8px;\n  height: 8px;\n  border: 2px solid #0088ff;\n  border-radius: 12px;\n}\n.tab-bar .tab.modified:not(:hover) .close-icon:before {\n  display: none;\n}\n.tab-bar .placeholder {\n  position: absolute;\n  top: 0;\n  z-index: 999;\n  width: 2px;\n  margin: -1px;\n  padding: 0;\n  height: 30px;\n  display: inline-block;\n  background: #0088ff;\n  list-style: none;\n}\n.tab-bar .placeholder:after {\n  content: \"\";\n  position: absolute;\n  top: 30px;\n  margin: -1px;\n  z-index: 9999;\n  width: 4px;\n  height: 4px;\n  background: #0088ff;\n  border-radius: 4px;\n  border: 1px solid transparent;\n}\n.tab-bar.hidden {\n  display: none;\n}\n","imports":[{"path":"static\\variables\\ui-variables.less","digest":"a51b652b59d33fcd2efa2fd725a78735dbbcf655"},{"path":"static\\variables\\syntax-variables.less","digest":"161404ff92113205d84a38441681ded1e4527102"},{"path":"node_modules\\one-dark-ui\\styles\\ui-variables.less","digest":"167b76db825c0cf96e489ecebedd0723861ea9cc"},{"path":"C:\\Users\\Abraão Batista\\.atom\\packages\\itg-dark-syntax\\styles\\syntax-variables.less","digest":"118b23aa0d349df2e906526ebc14bfdc5ff57e47"},{"path":"static\\variables\\octicon-mixins.less","digest":"8aa251238352597c0dee170a54f51c889ba2a320"},{"path":"static\\variables\\octicon-utf-codes.less","digest":"91a1e38c4baeb67a3d375ddbfda25243085b4e51"},{"path":"static\\variables\\octicon-utf-codes.less","digest":"91a1e38c4baeb67a3d375ddbfda25243085b4e51"}],"version":1}