{"digest":"4cf2e3a340d6d3b7d63d157d02712e8fc32b04f1","css":".cli-status.panel {\n  margin-bottom: 0px;\n}\n.cli-status .cli-panel-input {\n  display: flex;\n  justify-content: flex-end;\n  padding: 10px 0;\n  min-height: 25px;\n}\n.cli-status atom-text-editor[mini] {\n  flex: 1;\n  margin-right: 10px;\n  margin-left: 10px;\n}\n.cli-status .cli-panel-body {\n  white-space: pre;\n  word-wrap: break-word;\n  font-family: monospace;\n}\n.cli-status .panel-heading {\n  display: none;\n}\n.cli-status .btn-group {\n  display: flex;\n  align-items: center;\n  justify-content: flex-end;\n}\n.cli-status .btn-group > * {\n  margin-left: 10px;\n}\n.cli-status .btn-group .btn:first-of-type:not(:last-of-type) {\n  border-radius: 3px 0 0 3px;\n}\n.cli-status .btn-group .btn:last-of-type:not(:first-of-type) {\n  border-radius: 0 3px 3px 0;\n}\n.cli-status .btn-group .hide + .btn:last-of-type {\n  border-radius: 3px;\n}\n.cli-status .terminal {\n  max-height: 30vh;\n  overflow-y: scroll;\n  bottom: 10px;\n  border-radius: 0;\n  color: #d4d4d4;\n  background: #272a32;\n  border: 1px solid #17191e;\n}\n.cli-status .terminal .file-info {\n  width: 140px;\n  display: inline-block;\n  float: left;\n}\n.cli-status .terminal .stat-program {\n  color: #26c26a;\n}\n.cli-status .terminal .stat-link {\n  color: #cd7de8;\n}\n.cli-status .terminal .clear {\n  clear: both;\n}\n.cli-status .status-ignored {\n  opacity: 0.5;\n}\n.cli-status .status-running {\n  color: #00ffff;\n}\n.cli-status .status-info {\n  color: #0055ff;\n}\n.cli-status .status-success {\n  color: #55ff00;\n}\n.cli-status .status-error {\n  color: #ff0000;\n}\n.cli-status .icon-terminal,\n.cli-status .icon-plus {\n  cursor: pointer;\n}\n","imports":[{"path":"static/variables/ui-variables.less","digest":"c6d5219b02cf3129dbc56c526ad6541ba4e237e6"},{"path":"static/variables/syntax-variables.less","digest":"812c1b7883a023f768773d14294653adcdb932d7"},{"path":"node_modules/one-dark-ui/styles/ui-variables.less","digest":"174a79723580d128c4efde22c592790285879f08"},{"path":"node_modules/one-dark-ui/styles/ui-variables-custom.less","digest":"c18a6f2514b8bca9a476d21e54a2953130a28018"},{"path":"/home/oabraaobatista/.atom/packages/itg-dark-syntax/styles/syntax-variables.less","digest":"118b23aa0d349df2e906526ebc14bfdc5ff57e47"},{"path":"/home/oabraaobatista/.atom/packages/itg-dark-syntax/styles/syntax-variables.less","digest":"118b23aa0d349df2e906526ebc14bfdc5ff57e47"}],"version":1}