{"_id":"readable-stream","_rev":"132-ecdda53ecc0fbce8df5a12c7f840836f","name":"readable-stream","description":"Streams3, a user-land copy of the stream library from iojs v2.x","dist-tags":{"latest":"2.0.5","1.1":"1.1.13"},"versions":{"0.0.1":{"name":"readable-stream","version":"0.0.1","description":"An exploration of a new kind of readable streams for Node.js","main":"readable.js","dependencies":{},"devDependencies":{"tap":"~0.2.6"},"scripts":{"test":"tap test/*.js"},"repository":{"type":"git","url":"git://github.com/isaacs/readable-stream"},"keywords":["readable","stream","pipe"],"author":{"name":"Isaac Z. Schlueter","email":"i@izs.me","url":"http://blog.izs.me/"},"license":"BSD","_id":"readable-stream@0.0.1","dist":{"shasum":"f3efb2ca59b6e7c615f14a2e935ffdd042a46845","tarball":"http://registry.npmjs.org/readable-stream/-/readable-stream-0.0.1.tgz"},"maintainers":[{"name":"isaacs","email":"i@izs.me"}],"directories":{}},"0.0.2":{"name":"readable-stream","version":"0.0.2","description":"An exploration of a new kind of readable streams for Node.js","main":"readable.js","dependencies":{},"devDependencies":{"tap":"~0.2.6"},"scripts":{"test":"tap test/*.js"},"repository":{"type":"git","url":"git://github.com/isaacs/readable-stream"},"keywords":["readable","stream","pipe"],"author":{"name":"Isaac Z. Schlueter","email":"i@izs.me","url":"http://blog.izs.me/"},"license":"BSD","_id":"readable-stream@0.0.2","dist":{"shasum":"cce59fac644aac782792573201ebb346b257717f","tarball":"http://registry.npmjs.org/readable-stream/-/readable-stream-0.0.2.tgz"},"_npmVersion":"1.1.61","_npmUser":{"name":"isaacs","email":"i@izs.me"},"maintainers":[{"name":"isaacs","email":"i@izs.me"}],"directories":{}},"0.0.3":{"name":"readable-stream","version":"0.0.3","description":"An exploration of a new kind of readable streams for Node.js","main":"readable.js","dependencies":{},"devDependencies":{"tap":"~0.2.6"},"scripts":{"test":"tap test/*.js"},"repository":{"type":"git","url":"git://github.com/isaacs/readable-stream"},"keywords":["readable","stream","pipe"],"author":{"name":"Isaac Z. Schlueter","email":"i@izs.me","url":"http://blog.izs.me/"},"license":"BSD","_id":"readable-stream@0.0.3","dist":{"shasum":"f2fbbe635e3455bf1c7ea05c5e2ed8bf7eb8de62","tarball":"http://registry.npmjs.org/readable-stream/-/readable-stream-0.0.3.tgz"},"_npmVersion":"1.1.63","_npmUser":{"name":"isaacs","email":"i@izs.me"},"maintainers":[{"name":"isaacs","email":"i@izs.me"}],"directories":{}},"0.0.4":{"name":"readable-stream","version":"0.0.4","description":"An exploration of a new kind of readable streams for Node.js","main":"readable.js","dependencies":{},"devDependencies":{"tap":"~0.2.6"},"scripts":{"test":"tap test/simple/*.js"},"repository":{"type":"git","url":"git://github.com/isaacs/readable-stream"},"keywords":["readable","stream","pipe"],"author":{"name":"Isaac Z. Schlueter","email":"i@izs.me","url":"http://blog.izs.me/"},"license":"BSD","_id":"readable-stream@0.0.4","dist":{"shasum":"f32d76e3fb863344a548d79923007173665b3b8d","tarball":"http://registry.npmjs.org/readable-stream/-/readable-stream-0.0.4.tgz"},"_npmVersion":"1.1.68","_npmUser":{"name":"isaacs","email":"i@izs.me"},"maintainers":[{"name":"isaacs","email":"i@izs.me"}],"directories":{}},"0.1.0":{"name":"readable-stream","version":"0.1.0","description":"An exploration of a new kind of readable streams for Node.js","main":"readable.js","dependencies":{},"devDependencies":{"tap":"~0.2.6"},"scripts":{"test":"tap test/simple/*.js"},"repository":{"type":"git","url":"git://github.com/isaacs/readable-stream"},"keywords":["readable","stream","pipe"],"author":{"name":"Isaac Z. Schlueter","email":"i@izs.me","url":"http://blog.izs.me/"},"license":"BSD","_id":"readable-stream@0.1.0","dist":{"shasum":"35476301be1584653b5a0101f288cd40b33cf39e","tarball":"http://registry.npmjs.org/readable-stream/-/readable-stream-0.1.0.tgz"},"_npmVersion":"1.1.69","_npmUser":{"name":"isaacs","email":"i@izs.me"},"maintainers":[{"name":"isaacs","email":"i@izs.me"}],"directories":{}},"0.2.0":{"name":"readable-stream","version":"0.2.0","description":"An exploration of a new kind of readable streams for Node.js","main":"readable.js","dependencies":{},"devDependencies":{"tap":"~0.2.6"},"scripts":{"test":"tap test/simple/*.js"},"repository":{"type":"git","url":"git://github.com/isaacs/readable-stream"},"keywords":["readable","stream","pipe"],"author":{"name":"Isaac Z. Schlueter","email":"i@izs.me","url":"http://blog.izs.me/"},"license":"BSD","_id":"readable-stream@0.2.0","dist":{"shasum":"c237bf773b27acf9472a576435a9cb9b71504e0d","tarball":"http://registry.npmjs.org/readable-stream/-/readable-stream-0.2.0.tgz"},"_npmVersion":"1.2.0","_npmUser":{"name":"isaacs","email":"i@izs.me"},"maintainers":[{"name":"isaacs","email":"i@izs.me"}],"directories":{}},"0.3.0":{"name":"readable-stream","version":"0.3.0","description":"An exploration of a new kind of readable streams for Node.js","main":"readable.js","dependencies":{},"devDependencies":{"tap":"~0.2.6"},"scripts":{"test":"tap test/simple/*.js"},"repository":{"type":"git","url":"git://github.com/isaacs/readable-stream"},"keywords":["readable","stream","pipe"],"author":{"name":"Isaac Z. Schlueter","email":"i@izs.me","url":"http://blog.izs.me/"},"license":"BSD","_id":"readable-stream@0.3.0","dist":{"shasum":"9ae8f414672ded571ca65b5ce12e7f03e5ec4452","tarball":"http://registry.npmjs.org/readable-stream/-/readable-stream-0.3.0.tgz"},"_from":".","_npmVersion":"1.2.10","_npmUser":{"name":"tootallnate","email":"nathan@tootallnate.net"},"maintainers":[{"name":"isaacs","email":"i@izs.me"},{"name":"tootallnate","email":"nathan@tootallnate.net"}],"directories":{}},"0.3.1":{"name":"readable-stream","version":"0.3.1","description":"An exploration of a new kind of readable streams for Node.js","main":"readable.js","dependencies":{},"devDependencies":{"tap":"~0.2.6"},"scripts":{"test":"tap test/simple/*.js"},"repository":{"type":"git","url":"git://github.com/isaacs/readable-stream"},"keywords":["readable","stream","pipe"],"author":{"name":"Isaac Z. Schlueter","email":"i@izs.me","url":"http://blog.izs.me/"},"license":"BSD","_id":"readable-stream@0.3.1","dist":{"shasum":"82476ce7bbc0ae58e1d5e11f17df86ba6d76c23f","tarball":"http://registry.npmjs.org/readable-stream/-/readable-stream-0.3.1.tgz"},"_from":".","_npmVersion":"1.2.11","_npmUser":{"name":"tootallnate","email":"nathan@tootallnate.net"},"maintainers":[{"name":"isaacs","email":"i@izs.me"},{"name":"tootallnate","email":"nathan@tootallnate.net"}],"directories":{}},"1.0.0":{"name":"readable-stream","version":"1.0.0","description":"An exploration of a new kind of readable streams for Node.js","main":"readable.js","dependencies":{},"devDependencies":{"tap":"~0.2.6"},"scripts":{"test":"tap test/simple/*.js"},"repository":{"type":"git","url":"git://github.com/isaacs/readable-stream"},"keywords":["readable","stream","pipe"],"author":{"name":"Isaac Z. Schlueter","email":"i@izs.me","url":"http://blog.izs.me/"},"license":"BSD","_id":"readable-stream@1.0.0","dist":{"shasum":"805b14feb790400d17f314e337d12affcc3549bc","tarball":"http://registry.npmjs.org/readable-stream/-/readable-stream-1.0.0.tgz"},"_from":".","_npmVersion":"1.2.14","_npmUser":{"name":"isaacs","email":"i@izs.me"},"maintainers":[{"name":"isaacs","email":"i@izs.me"},{"name":"tootallnate","email":"nathan@tootallnate.net"}],"directories":{}},"1.0.1":{"name":"readable-stream","version":"1.0.1","description":"An exploration of a new kind of readable streams for Node.js","main":"readable.js","dependencies":{},"devDependencies":{"tap":"~0.2.6"},"scripts":{"test":"tap test/simple/*.js"},"repository":{"type":"git","url":"git://github.com/isaacs/readable-stream"},"keywords":["readable","stream","pipe"],"author":{"name":"Isaac Z. Schlueter","email":"i@izs.me","url":"http://blog.izs.me/"},"license":"BSD","_id":"readable-stream@1.0.1","dist":{"shasum":"04f99de4c0697c86ab65679330b0c9d167b2b9b3","tarball":"http://registry.npmjs.org/readable-stream/-/readable-stream-1.0.1.tgz"},"_from":".","_npmVersion":"1.2.14","_npmUser":{"name":"isaacs","email":"i@izs.me"},"maintainers":[{"name":"isaacs","email":"i@izs.me"},{"name":"tootallnate","email":"nathan@tootallnate.net"}],"directories":{}},"1.0.2":{"name":"readable-stream","version":"1.0.2","description":"An exploration of a new kind of readable streams for Node.js","main":"readable.js","dependencies":{},"devDependencies":{"tap":"~0.2.6"},"scripts":{"test":"tap test/simple/*.js"},"repository":{"type":"git","url":"git://github.com/isaacs/readable-stream"},"keywords":["readable","stream","pipe"],"author":{"name":"Isaac Z. Schlueter","email":"i@izs.me","url":"http://blog.izs.me/"},"license":"BSD","_id":"readable-stream@1.0.2","dist":{"shasum":"213ce36864fc1f0d4e98e03b9eb92c64042299d4","tarball":"http://registry.npmjs.org/readable-stream/-/readable-stream-1.0.2.tgz"},"_from":".","_npmVersion":"1.2.14","_npmUser":{"name":"isaacs","email":"i@izs.me"},"maintainers":[{"name":"isaacs","email":"i@izs.me"},{"name":"tootallnate","email":"nathan@tootallnate.net"}],"directories":{}},"1.0.15":{"name":"readable-stream","version":"1.0.15","description":"An exploration of a new kind of readable streams for Node.js","main":"readable.js","dependencies":{},"devDependencies":{"tap":"~0.2.6"},"scripts":{"test":"tap test/simple/*.js"},"repository":{"type":"git","url":"git://github.com/isaacs/readable-stream"},"keywords":["readable","stream","pipe"],"author":{"name":"Isaac Z. Schlueter","email":"i@izs.me","url":"http://blog.izs.me/"},"license":"BSD","bugs":{"url":"https://github.com/isaacs/readable-stream/issues"},"_id":"readable-stream@1.0.15","dist":{"shasum":"a2c160237235951da985a1572d0a3af585e4be95","tarball":"http://registry.npmjs.org/readable-stream/-/readable-stream-1.0.15.tgz"},"_from":".","_npmVersion":"1.3.7","_npmUser":{"name":"isaacs","email":"i@izs.me"},"maintainers":[{"name":"isaacs","email":"i@izs.me"},{"name":"tootallnate","email":"nathan@tootallnate.net"}],"directories":{}},"1.0.17":{"name":"readable-stream","version":"1.0.17","description":"An exploration of a new kind of readable streams for Node.js","main":"readable.js","dependencies":{},"devDependencies":{"tap":"~0.2.6"},"scripts":{"test":"tap test/simple/*.js"},"repository":{"type":"git","url":"git://github.com/isaacs/readable-stream"},"keywords":["readable","stream","pipe"],"author":{"name":"Isaac Z. Schlueter","email":"i@izs.me","url":"http://blog.izs.me/"},"license":"BSD","bugs":{"url":"https://github.com/isaacs/readable-stream/issues"},"_id":"readable-stream@1.0.17","dist":{"shasum":"cbc295fdf394dfa1225d225d02e6b6d0f409fd4b","tarball":"http://registry.npmjs.org/readable-stream/-/readable-stream-1.0.17.tgz"},"_from":".","_npmVersion":"1.3.9","_npmUser":{"name":"isaacs","email":"i@izs.me"},"maintainers":[{"name":"isaacs","email":"i@izs.me"},{"name":"tootallnate","email":"nathan@tootallnate.net"}],"directories":{}},"1.1.7":{"name":"readable-stream","version":"1.1.7","description":"An exploration of a new kind of readable streams for Node.js","main":"readable.js","dependencies":{"core-util-is":"~1.0.0","debuglog":"0.0.2"},"devDependencies":{"tap":"~0.2.6"},"scripts":{"test":"tap test/simple/*.js"},"repository":{"type":"git","url":"git://github.com/isaacs/readable-stream"},"keywords":["readable","stream","pipe"],"author":{"name":"Isaac Z. Schlueter","email":"i@izs.me","url":"http://blog.izs.me/"},"license":"MIT","optionalDependencies":{"debuglog":"0.0.2"},"bugs":{"url":"https://github.com/isaacs/readable-stream/issues"},"_id":"readable-stream@1.1.7","dist":{"shasum":"9fac85f615c91d8123d6797a37bb6492f3400d34","tarball":"http://registry.npmjs.org/readable-stream/-/readable-stream-1.1.7.tgz"},"_from":".","_npmVersion":"1.3.9","_npmUser":{"name":"isaacs","email":"i@izs.me"},"maintainers":[{"name":"isaacs","email":"i@izs.me"},{"name":"tootallnate","email":"nathan@tootallnate.net"}],"directories":{}},"1.1.8":{"name":"readable-stream","version":"1.1.8","description":"An exploration of a new kind of readable streams for Node.js","main":"readable.js","dependencies":{"core-util-is":"~1.0.0","debuglog":"0.0.2"},"devDependencies":{"tap":"~0.2.6"},"scripts":{"test":"tap test/simple/*.js"},"repository":{"type":"git","url":"git://github.com/isaacs/readable-stream"},"keywords":["readable","stream","pipe"],"author":{"name":"Isaac Z. Schlueter","email":"i@izs.me","url":"http://blog.izs.me/"},"license":"MIT","optionalDependencies":{"debuglog":"0.0.2"},"bugs":{"url":"https://github.com/isaacs/readable-stream/issues"},"_id":"readable-stream@1.1.8","dist":{"shasum":"28d42847e0feedfd2013931f37fb326fc4e25b7e","tarball":"http://registry.npmjs.org/readable-stream/-/readable-stream-1.1.8.tgz"},"_from":".","_npmVersion":"1.3.9","_npmUser":{"name":"isaacs","email":"i@izs.me"},"maintainers":[{"name":"isaacs","email":"i@izs.me"},{"name":"tootallnate","email":"nathan@tootallnate.net"}],"directories":{}},"1.1.9":{"name":"readable-stream","version":"1.1.9","description":"An exploration of a new kind of readable streams for Node.js","main":"readable.js","dependencies":{"core-util-is":"~1.0.0","debuglog":"0.0.2"},"devDependencies":{"tap":"~0.2.6"},"scripts":{"test":"tap test/simple/*.js"},"repository":{"type":"git","url":"git://github.com/isaacs/readable-stream"},"keywords":["readable","stream","pipe"],"author":{"name":"Isaac Z. Schlueter","email":"i@izs.me","url":"http://blog.izs.me/"},"license":"MIT","optionalDependencies":{"debuglog":"0.0.2"},"bugs":{"url":"https://github.com/isaacs/readable-stream/issues"},"_id":"readable-stream@1.1.9","dist":{"shasum":"d87130fbf8f9ee9c3b4058b3c58a3e30db2fcfdd","tarball":"http://registry.npmjs.org/readable-stream/-/readable-stream-1.1.9.tgz"},"_from":".","_npmVersion":"1.3.11","_npmUser":{"name":"isaacs","email":"i@izs.me"},"maintainers":[{"name":"isaacs","email":"i@izs.me"},{"name":"tootallnate","email":"nathan@tootallnate.net"}],"directories":{}},"1.0.24":{"name":"readable-stream","version":"1.0.24","description":"An exploration of a new kind of readable streams for Node.js","main":"readable.js","dependencies":{},"devDependencies":{"tap":"~0.2.6"},"scripts":{"test":"tap test/simple/*.js"},"repository":{"type":"git","url":"git://github.com/isaacs/readable-stream"},"keywords":["readable","stream","pipe"],"author":{"name":"Isaac Z. Schlueter","email":"i@izs.me","url":"http://blog.izs.me/"},"license":"BSD","bugs":{"url":"https://github.com/isaacs/readable-stream/issues"},"_id":"readable-stream@1.0.24","dist":{"shasum":"b5659d5772cd06992dffe5a3bee2eec480f1c2fe","tarball":"http://registry.npmjs.org/readable-stream/-/readable-stream-1.0.24.tgz"},"_from":".","_npmVersion":"1.2.30","_npmUser":{"name":"rvagg","email":"rod@vagg.org"},"maintainers":[{"name":"isaacs","email":"i@izs.me"},{"name":"tootallnate","email":"nathan@tootallnate.net"},{"name":"rvagg","email":"rod@vagg.org"}],"directories":{}},"1.0.25":{"name":"readable-stream","version":"1.0.25","description":"An exploration of a new kind of readable streams for Node.js","main":"readable.js","dependencies":{"string_decoder":"~0.10.x"},"devDependencies":{"tap":"~0.2.6"},"scripts":{"test":"tap test/simple/*.js"},"repository":{"type":"git","url":"git://github.com/isaacs/readable-stream"},"keywords":["readable","stream","pipe"],"author":{"name":"Isaac Z. Schlueter","email":"i@izs.me","url":"http://blog.izs.me/"},"license":"BSD","bugs":{"url":"https://github.com/isaacs/readable-stream/issues"},"homepage":"https://github.com/isaacs/readable-stream","_id":"readable-stream@1.0.25","dist":{"shasum":"df19f64e6f74fd37ecf9d3ab8dbf1e2d11c9a045","tarball":"http://registry.npmjs.org/readable-stream/-/readable-stream-1.0.25.tgz"},"_from":".","_npmVersion":"1.3.13","_npmUser":{"name":"rvagg","email":"rod@vagg.org"},"maintainers":[{"name":"isaacs","email":"i@izs.me"},{"name":"tootallnate","email":"nathan@tootallnate.net"},{"name":"rvagg","email":"rod@vagg.org"}],"directories":{}},"1.1.10":{"name":"readable-stream","version":"1.1.10","description":"An exploration of a new kind of readable streams for Node.js","main":"readable.js","dependencies":{"core-util-is":"~1.0.0","string_decoder":"~0.10.x","debuglog":"0.0.2"},"devDependencies":{"tap":"~0.2.6"},"scripts":{"test":"tap test/simple/*.js"},"repository":{"type":"git","url":"git://github.com/isaacs/readable-stream"},"keywords":["readable","stream","pipe"],"author":{"name":"Isaac Z. Schlueter","email":"i@izs.me","url":"http://blog.izs.me/"},"license":"MIT","optionalDependencies":{"debuglog":"0.0.2"},"bugs":{"url":"https://github.com/isaacs/readable-stream/issues"},"homepage":"https://github.com/isaacs/readable-stream","_id":"readable-stream@1.1.10","dist":{"shasum":"d4dc2e5319e9c90d1e71c69390ef62cd90827f65","tarball":"http://registry.npmjs.org/readable-stream/-/readable-stream-1.1.10.tgz"},"_from":".","_npmVersion":"1.3.24","_npmUser":{"name":"rvagg","email":"rod@vagg.org"},"maintainers":[{"name":"rvagg","email":"rod@vagg.org"}],"directories":{}},"1.0.25-1":{"name":"readable-stream","version":"1.0.25-1","description":"An exploration of a new kind of readable streams for Node.js","main":"readable.js","dependencies":{"string_decoder":"~0.10.x"},"devDependencies":{"tap":"~0.2.6"},"scripts":{"test":"tap test/simple/*.js"},"repository":{"type":"git","url":"git://github.com/isaacs/readable-stream"},"keywords":["readable","stream","pipe"],"author":{"name":"Isaac Z. Schlueter","email":"i@izs.me","url":"http://blog.izs.me/"},"license":"BSD","bugs":{"url":"https://github.com/isaacs/readable-stream/issues"},"homepage":"https://github.com/isaacs/readable-stream","_id":"readable-stream@1.0.25-1","dist":{"shasum":"fec786621eed34dcc3fbe5aad596c915c14683bf","tarball":"http://registry.npmjs.org/readable-stream/-/readable-stream-1.0.25-1.tgz"},"_from":".","_npmVersion":"1.3.24","_npmUser":{"name":"rvagg","email":"rod@vagg.org"},"maintainers":[{"name":"rvagg","email":"rod@vagg.org"}],"directories":{}},"1.1.11":{"name":"readable-stream","version":"1.1.11","description":"An exploration of a new kind of readable streams for Node.js","main":"readable.js","dependencies":{"core-util-is":"~1.0.0","string_decoder":"~0.10.x","debuglog":"0.0.2"},"devDependencies":{"tap":"~0.2.6"},"scripts":{"test":"tap test/simple/*.js"},"repository":{"type":"git","url":"git://github.com/isaacs/readable-stream"},"keywords":["readable","stream","pipe"],"author":{"name":"Isaac Z. Schlueter","email":"i@izs.me","url":"http://blog.izs.me/"},"license":"MIT","optionalDependencies":{"debuglog":"0.0.2"},"bugs":{"url":"https://github.com/isaacs/readable-stream/issues"},"homepage":"https://github.com/isaacs/readable-stream","_id":"readable-stream@1.1.11","dist":{"shasum":"76ae0d88df2ac36c59e7c205e0cafc81c57bc07d","tarball":"http://registry.npmjs.org/readable-stream/-/readable-stream-1.1.11.tgz"},"_from":".","_npmVersion":"1.3.24","_npmUser":{"name":"rvagg","email":"rod@vagg.org"},"maintainers":[{"name":"isaacs","email":"i@izs.me"},{"name":"tootallnate","email":"nathan@tootallnate.net"},{"name":"rvagg","email":"rod@vagg.org"}],"directories":{}},"1.0.26":{"name":"readable-stream","version":"1.0.26","description":"An exploration of a new kind of readable streams for Node.js","main":"readable.js","dependencies":{"string_decoder":"~0.10.x"},"devDependencies":{"tap":"~0.2.6"},"scripts":{"test":"tap test/simple/*.js"},"repository":{"type":"git","url":"git://github.com/isaacs/readable-stream"},"keywords":["readable","stream","pipe"],"author":{"name":"Isaac Z. Schlueter","email":"i@izs.me","url":"http://blog.izs.me/"},"license":"BSD","bugs":{"url":"https://github.com/isaacs/readable-stream/issues"},"homepage":"https://github.com/isaacs/readable-stream","_id":"readable-stream@1.0.26","dist":{"shasum":"12a9c4415f6a85374abe18b7831ba52d43105766","tarball":"http://registry.npmjs.org/readable-stream/-/readable-stream-1.0.26.tgz"},"_from":".","_npmVersion":"1.3.24","_npmUser":{"name":"rvagg","email":"rod@vagg.org"},"maintainers":[{"name":"isaacs","email":"i@izs.me"},{"name":"tootallnate","email":"nathan@tootallnate.net"},{"name":"rvagg","email":"rod@vagg.org"}],"directories":{}},"1.0.26-1":{"name":"readable-stream","version":"1.0.26-1","description":"An exploration of a new kind of readable streams for Node.js","main":"readable.js","dependencies":{"string_decoder":"~0.10.x"},"devDependencies":{"tap":"~0.2.6"},"scripts":{"test":"tap test/simple/*.js"},"repository":{"type":"git","url":"git://github.com/isaacs/readable-stream"},"keywords":["readable","stream","pipe"],"author":{"name":"Isaac Z. Schlueter","email":"i@izs.me","url":"http://blog.izs.me/"},"license":"BSD","bugs":{"url":"https://github.com/isaacs/readable-stream/issues"},"homepage":"https://github.com/isaacs/readable-stream","_id":"readable-stream@1.0.26-1","dist":{"shasum":"94a13c24ef8cc52af8a4fa6b3e1ef12444f68a0b","tarball":"http://registry.npmjs.org/readable-stream/-/readable-stream-1.0.26-1.tgz"},"_from":".","_npmVersion":"1.4.3","_npmUser":{"name":"rvagg","email":"rod@vagg.org"},"maintainers":[{"name":"isaacs","email":"i@izs.me"},{"name":"tootallnate","email":"nathan@tootallnate.net"},{"name":"rvagg","email":"rod@vagg.org"}],"directories":{}},"1.1.11-1":{"name":"readable-stream","version":"1.1.11-1","description":"An exploration of a new kind of readable streams for Node.js","main":"readable.js","dependencies":{"core-util-is":"~1.0.0","string_decoder":"~0.10.x","debuglog":"0.0.2"},"devDependencies":{"tap":"~0.2.6"},"scripts":{"test":"tap test/simple/*.js"},"repository":{"type":"git","url":"git://github.com/isaacs/readable-stream"},"keywords":["readable","stream","pipe"],"author":{"name":"Isaac Z. Schlueter","email":"i@izs.me","url":"http://blog.izs.me/"},"license":"MIT","optionalDependencies":{"debuglog":"0.0.2"},"bugs":{"url":"https://github.com/isaacs/readable-stream/issues"},"homepage":"https://github.com/isaacs/readable-stream","_id":"readable-stream@1.1.11-1","dist":{"shasum":"a06bc4edc4861e1efd58a70d38a44f6c6cc9f3fe","tarball":"http://registry.npmjs.org/readable-stream/-/readable-stream-1.1.11-1.tgz"},"_from":".","_npmVersion":"1.4.3","_npmUser":{"name":"rvagg","email":"rod@vagg.org"},"maintainers":[{"name":"isaacs","email":"i@izs.me"},{"name":"tootallnate","email":"nathan@tootallnate.net"},{"name":"rvagg","email":"rod@vagg.org"}],"directories":{}},"1.0.26-2":{"name":"readable-stream","version":"1.0.26-2","description":"An exploration of a new kind of readable streams for Node.js","main":"readable.js","dependencies":{"string_decoder":"~0.10.x"},"devDependencies":{"tap":"~0.2.6"},"scripts":{"test":"tap test/simple/*.js"},"repository":{"type":"git","url":"git://github.com/isaacs/readable-stream"},"keywords":["readable","stream","pipe"],"author":{"name":"Isaac Z. Schlueter","email":"i@izs.me","url":"http://blog.izs.me/"},"license":"BSD","bugs":{"url":"https://github.com/isaacs/readable-stream/issues"},"homepage":"https://github.com/isaacs/readable-stream","_id":"readable-stream@1.0.26-2","dist":{"shasum":"7883b21c63c1ce9373adfb1c23aa78c2906fa062","tarball":"http://registry.npmjs.org/readable-stream/-/readable-stream-1.0.26-2.tgz"},"_from":".","_npmVersion":"1.4.3","_npmUser":{"name":"rvagg","email":"rod@vagg.org"},"maintainers":[{"name":"isaacs","email":"i@izs.me"},{"name":"tootallnate","email":"nathan@tootallnate.net"},{"name":"rvagg","email":"rod@vagg.org"}],"directories":{}},"1.1.12":{"name":"readable-stream","version":"1.1.12","description":"Streams3, a user-land copy of the stream library from Node.js v0.11.x","main":"readable.js","dependencies":{"core-util-is":"~1.0.0","isarray":"0.0.1","string_decoder":"~0.10.x","inherits":"^2.0.1"},"devDependencies":{"tap":"~0.2.6"},"scripts":{"test":"tap test/simple/*.js"},"repository":{"type":"git","url":"git://github.com/isaacs/readable-stream"},"keywords":["readable","stream","pipe"],"browser":{"util":false},"author":{"name":"Isaac Z. Schlueter","email":"i@izs.me","url":"http://blog.izs.me/"},"license":"MIT","bugs":{"url":"https://github.com/isaacs/readable-stream/issues"},"homepage":"https://github.com/isaacs/readable-stream","_id":"readable-stream@1.1.12","dist":{"shasum":"960d442bbf5f6690b6b20550413931021af8e506","tarball":"http://registry.npmjs.org/readable-stream/-/readable-stream-1.1.12.tgz"},"_from":".","_npmVersion":"1.4.3","_npmUser":{"name":"rvagg","email":"rod@vagg.org"},"maintainers":[{"name":"isaacs","email":"i@izs.me"},{"name":"tootallnate","email":"nathan@tootallnate.net"},{"name":"rvagg","email":"rod@vagg.org"}],"directories":{}},"1.0.26-3":{"name":"readable-stream","version":"1.0.26-3","description":"Streams2, a user-land copy of the stream library from Node.js v0.10.x","main":"readable.js","dependencies":{"core-util-is":"~1.0.0","isarray":"0.0.1","string_decoder":"~0.10.x","inherits":"^2.0.1"},"devDependencies":{"tap":"~0.2.6"},"scripts":{"test":"tap test/simple/*.js"},"repository":{"type":"git","url":"git://github.com/isaacs/readable-stream"},"keywords":["readable","stream","pipe"],"browser":{"util":false},"author":{"name":"Isaac Z. Schlueter","email":"i@izs.me","url":"http://blog.izs.me/"},"license":"MIT","bugs":{"url":"https://github.com/isaacs/readable-stream/issues"},"homepage":"https://github.com/isaacs/readable-stream","_id":"readable-stream@1.0.26-3","dist":{"shasum":"58c1ef8dc375793221e7ea823e3328a7e7868e77","tarball":"http://registry.npmjs.org/readable-stream/-/readable-stream-1.0.26-3.tgz"},"_from":".","_npmVersion":"1.4.3","_npmUser":{"name":"rvagg","email":"rod@vagg.org"},"maintainers":[{"name":"isaacs","email":"i@izs.me"},{"name":"tootallnate","email":"nathan@tootallnate.net"},{"name":"rvagg","email":"rod@vagg.org"}],"directories":{}},"1.0.26-4":{"name":"readable-stream","version":"1.0.26-4","description":"Streams2, a user-land copy of the stream library from Node.js v0.10.x","main":"readable.js","dependencies":{"core-util-is":"~1.0.0","isarray":"0.0.1","string_decoder":"~0.10.x","inherits":"~2.0.1"},"devDependencies":{"tap":"~0.2.6"},"scripts":{"test":"tap test/simple/*.js"},"repository":{"type":"git","url":"git://github.com/isaacs/readable-stream"},"keywords":["readable","stream","pipe"],"browser":{"util":false},"author":{"name":"Isaac Z. Schlueter","email":"i@izs.me","url":"http://blog.izs.me/"},"license":"MIT","bugs":{"url":"https://github.com/isaacs/readable-stream/issues"},"homepage":"https://github.com/isaacs/readable-stream","_id":"readable-stream@1.0.26-4","dist":{"shasum":"1768852af9df316572227710fafbfa93c90fe3f9","tarball":"http://registry.npmjs.org/readable-stream/-/readable-stream-1.0.26-4.tgz"},"_from":".","_npmVersion":"1.4.3","_npmUser":{"name":"rvagg","email":"rod@vagg.org"},"maintainers":[{"name":"isaacs","email":"i@izs.me"},{"name":"tootallnate","email":"nathan@tootallnate.net"},{"name":"rvagg","email":"rod@vagg.org"}],"directories":{}},"1.1.12-1":{"name":"readable-stream","version":"1.1.12-1","description":"Streams3, a user-land copy of the stream library from Node.js v0.11.x","main":"readable.js","dependencies":{"core-util-is":"~1.0.0","isarray":"0.0.1","string_decoder":"~0.10.x","inherits":"~2.0.1"},"devDependencies":{"tap":"~0.2.6"},"scripts":{"test":"tap test/simple/*.js"},"repository":{"type":"git","url":"git://github.com/isaacs/readable-stream"},"keywords":["readable","stream","pipe"],"browser":{"util":false},"author":{"name":"Isaac Z. Schlueter","email":"i@izs.me","url":"http://blog.izs.me/"},"license":"MIT","bugs":{"url":"https://github.com/isaacs/readable-stream/issues"},"homepage":"https://github.com/isaacs/readable-stream","_id":"readable-stream@1.1.12-1","dist":{"shasum":"5a1e464880bb91ef70005e7ee850d56f5b9e012f","tarball":"http://registry.npmjs.org/readable-stream/-/readable-stream-1.1.12-1.tgz"},"_from":".","_npmVersion":"1.4.3","_npmUser":{"name":"rvagg","email":"rod@vagg.org"},"maintainers":[{"name":"isaacs","email":"i@izs.me"},{"name":"tootallnate","email":"nathan@tootallnate.net"},{"name":"rvagg","email":"rod@vagg.org"}],"directories":{}},"1.0.27-1":{"name":"readable-stream","version":"1.0.27-1","description":"Streams2, a user-land copy of the stream library from Node.js v0.10.x","main":"readable.js","dependencies":{"core-util-is":"~1.0.0","isarray":"0.0.1","string_decoder":"~0.10.x","inherits":"~2.0.1"},"devDependencies":{"tap":"~0.2.6"},"scripts":{"test":"tap test/simple/*.js"},"repository":{"type":"git","url":"git://github.com/isaacs/readable-stream"},"keywords":["readable","stream","pipe"],"browser":{"util":false},"author":{"name":"Isaac Z. Schlueter","email":"i@izs.me","url":"http://blog.izs.me/"},"license":"MIT","bugs":{"url":"https://github.com/isaacs/readable-stream/issues"},"homepage":"https://github.com/isaacs/readable-stream","_id":"readable-stream@1.0.27-1","dist":{"shasum":"6b67983c20357cefd07f0165001a16d710d91078","tarball":"http://registry.npmjs.org/readable-stream/-/readable-stream-1.0.27-1.tgz"},"_from":".","_npmVersion":"1.4.3","_npmUser":{"name":"rvagg","email":"rod@vagg.org"},"maintainers":[{"name":"isaacs","email":"i@izs.me"},{"name":"tootallnate","email":"nathan@tootallnate.net"},{"name":"rvagg","email":"rod@vagg.org"}],"directories":{}},"1.1.13-1":{"name":"readable-stream","version":"1.1.13-1","description":"Streams3, a user-land copy of the stream library from Node.js v0.11.x","main":"readable.js","dependencies":{"core-util-is":"~1.0.0","isarray":"0.0.1","string_decoder":"~0.10.x","inherits":"~2.0.1"},"devDependencies":{"tap":"~0.2.6"},"scripts":{"test":"tap test/simple/*.js"},"repository":{"type":"git","url":"git://github.com/isaacs/readable-stream"},"keywords":["readable","stream","pipe"],"browser":{"util":false},"author":{"name":"Isaac Z. Schlueter","email":"i@izs.me","url":"http://blog.izs.me/"},"license":"MIT","bugs":{"url":"https://github.com/isaacs/readable-stream/issues"},"homepage":"https://github.com/isaacs/readable-stream","_id":"readable-stream@1.1.13-1","dist":{"shasum":"fc6f04f3366bf37bae21bec2e411c1b4d2cf1a46","tarball":"http://registry.npmjs.org/readable-stream/-/readable-stream-1.1.13-1.tgz"},"_from":".","_npmVersion":"1.4.3","_npmUser":{"name":"rvagg","email":"rod@vagg.org"},"maintainers":[{"name":"isaacs","email":"i@izs.me"},{"name":"tootallnate","email":"nathan@tootallnate.net"},{"name":"rvagg","email":"rod@vagg.org"}],"directories":{}},"1.0.31":{"name":"readable-stream","version":"1.0.31","description":"Streams2, a user-land copy of the stream library from Node.js v0.10.x","main":"readable.js","dependencies":{"core-util-is":"~1.0.0","isarray":"0.0.1","string_decoder":"~0.10.x","inherits":"~2.0.1"},"devDependencies":{"tap":"~0.2.6"},"scripts":{"test":"tap test/simple/*.js"},"repository":{"type":"git","url":"git://github.com/isaacs/readable-stream"},"keywords":["readable","stream","pipe"],"browser":{"util":false},"author":{"name":"Isaac Z. Schlueter","email":"i@izs.me","url":"http://blog.izs.me/"},"license":"MIT","bugs":{"url":"https://github.com/isaacs/readable-stream/issues"},"homepage":"https://github.com/isaacs/readable-stream","_id":"readable-stream@1.0.31","_shasum":"8f2502e0bc9e3b0da1b94520aabb4e2603ecafae","_from":".","_npmVersion":"1.4.9","_npmUser":{"name":"rvagg","email":"rod@vagg.org"},"maintainers":[{"name":"isaacs","email":"i@izs.me"},{"name":"tootallnate","email":"nathan@tootallnate.net"},{"name":"rvagg","email":"rod@vagg.org"}],"dist":{"shasum":"8f2502e0bc9e3b0da1b94520aabb4e2603ecafae","tarball":"http://registry.npmjs.org/readable-stream/-/readable-stream-1.0.31.tgz"},"directories":{}},"1.1.13":{"name":"readable-stream","version":"1.1.13","description":"Streams3, a user-land copy of the stream library from Node.js v0.11.x","main":"readable.js","dependencies":{"core-util-is":"~1.0.0","isarray":"0.0.1","string_decoder":"~0.10.x","inherits":"~2.0.1"},"devDependencies":{"tap":"~0.2.6"},"scripts":{"test":"tap test/simple/*.js"},"repository":{"type":"git","url":"git://github.com/isaacs/readable-stream"},"keywords":["readable","stream","pipe"],"browser":{"util":false},"author":{"name":"Isaac Z. Schlueter","email":"i@izs.me","url":"http://blog.izs.me/"},"license":"MIT","gitHead":"3b672fd7ae92acf5b4ffdbabf74b372a0a56b051","bugs":{"url":"https://github.com/isaacs/readable-stream/issues"},"homepage":"https://github.com/isaacs/readable-stream","_id":"readable-stream@1.1.13","_shasum":"f6eef764f514c89e2b9e23146a75ba106756d23e","_from":".","_npmVersion":"1.4.23","_npmUser":{"name":"rvagg","email":"rod@vagg.org"},"maintainers":[{"name":"isaacs","email":"i@izs.me"},{"name":"tootallnate","email":"nathan@tootallnate.net"},{"name":"rvagg","email":"rod@vagg.org"}],"dist":{"shasum":"f6eef764f514c89e2b9e23146a75ba106756d23e","tarball":"http://registry.npmjs.org/readable-stream/-/readable-stream-1.1.13.tgz"},"directories":{}},"1.0.32":{"name":"readable-stream","version":"1.0.32","description":"Streams2, a user-land copy of the stream library from Node.js v0.10.x","main":"readable.js","dependencies":{"core-util-is":"~1.0.0","isarray":"0.0.1","string_decoder":"~0.10.x","inherits":"~2.0.1"},"devDependencies":{"tap":"~0.2.6"},"scripts":{"test":"tap test/simple/*.js"},"repository":{"type":"git","url":"git://github.com/isaacs/readable-stream"},"keywords":["readable","stream","pipe"],"browser":{"util":false},"author":{"name":"Isaac Z. Schlueter","email":"i@izs.me","url":"http://blog.izs.me/"},"license":"MIT","gitHead":"2024ad52b1e475465488b4ad39eb41d067ffcbb9","bugs":{"url":"https://github.com/isaacs/readable-stream/issues"},"homepage":"https://github.com/isaacs/readable-stream","_id":"readable-stream@1.0.32","_shasum":"6b44a88ba984cd0ec0834ae7d59a47c39aef48ec","_from":".","_npmVersion":"2.0.2","_nodeVersion":"0.10.31","_npmUser":{"name":"rvagg","email":"rod@vagg.org"},"maintainers":[{"name":"isaacs","email":"i@izs.me"},{"name":"tootallnate","email":"nathan@tootallnate.net"},{"name":"rvagg","email":"rod@vagg.org"}],"dist":{"shasum":"6b44a88ba984cd0ec0834ae7d59a47c39aef48ec","tarball":"http://registry.npmjs.org/readable-stream/-/readable-stream-1.0.32.tgz"},"directories":{}},"1.0.32-1":{"name":"readable-stream","version":"1.0.32-1","description":"Streams2, a user-land copy of the stream library from Node.js v0.10.x","main":"readable.js","dependencies":{"core-util-is":"~1.0.0","isarray":"0.0.1","string_decoder":"~0.10.x","inherits":"~2.0.1"},"devDependencies":{"tap":"~0.2.6"},"scripts":{"test":"tap test/simple/*.js"},"repository":{"type":"git","url":"git://github.com/isaacs/readable-stream"},"keywords":["readable","stream","pipe"],"browser":{"util":false},"author":{"name":"Isaac Z. Schlueter","email":"i@izs.me","url":"http://blog.izs.me/"},"license":"MIT","gitHead":"ad328399d5ffb05f54455744d7c1a4848d1de5c0","bugs":{"url":"https://github.com/isaacs/readable-stream/issues"},"homepage":"https://github.com/isaacs/readable-stream","_id":"readable-stream@1.0.32-1","_shasum":"069b9f04e0592d0cb2a3fc515108c0624b1facdd","_from":".","_npmVersion":"1.4.23","_npmUser":{"name":"rvagg","email":"rod@vagg.org"},"maintainers":[{"name":"isaacs","email":"i@izs.me"},{"name":"tootallnate","email":"nathan@tootallnate.net"},{"name":"rvagg","email":"rod@vagg.org"}],"dist":{"shasum":"069b9f04e0592d0cb2a3fc515108c0624b1facdd","tarball":"http://registry.npmjs.org/readable-stream/-/readable-stream-1.0.32-1.tgz"},"directories":{}},"1.0.33-1":{"name":"readable-stream","version":"1.0.33-1","description":"Streams2, a user-land copy of the stream library from Node.js v0.10.x","main":"readable.js","dependencies":{"core-util-is":"~1.0.0","isarray":"0.0.1","string_decoder":"~0.10.x","inherits":"~2.0.1"},"devDependencies":{"tap":"~0.2.6"},"scripts":{"test":"tap test/simple/*.js"},"repository":{"type":"git","url":"git://github.com/isaacs/readable-stream"},"keywords":["readable","stream","pipe"],"browser":{"util":false},"author":{"name":"Isaac Z. Schlueter","email":"i@izs.me","url":"http://blog.izs.me/"},"license":"MIT","gitHead":"cd9bc3fbcdc82211c5649b5170706b10c65c8479","bugs":{"url":"https://github.com/isaacs/readable-stream/issues"},"homepage":"https://github.com/isaacs/readable-stream","_id":"readable-stream@1.0.33-1","_shasum":"40d0d91338691291a9117c05d78adb5497c37810","_from":".","_npmVersion":"1.4.23","_npmUser":{"name":"rvagg","email":"rod@vagg.org"},"maintainers":[{"name":"isaacs","email":"i@izs.me"},{"name":"tootallnate","email":"nathan@tootallnate.net"},{"name":"rvagg","email":"rod@vagg.org"}],"dist":{"shasum":"40d0d91338691291a9117c05d78adb5497c37810","tarball":"http://registry.npmjs.org/readable-stream/-/readable-stream-1.0.33-1.tgz"},"directories":{}},"1.0.33-2":{"name":"readable-stream","version":"1.0.33-2","description":"Streams2, a user-land copy of the stream library from Node.js v0.10.x","main":"readable.js","dependencies":{"core-util-is":"~1.0.0","isarray":"0.0.1","string_decoder":"~0.10.x","inherits":"~2.0.1"},"devDependencies":{"tap":"~0.2.6"},"scripts":{"test":"tap test/simple/*.js"},"repository":{"type":"git","url":"git://github.com/isaacs/readable-stream"},"keywords":["readable","stream","pipe"],"browser":{"util":false},"author":{"name":"Isaac Z. Schlueter","email":"i@izs.me","url":"http://blog.izs.me/"},"license":"MIT","gitHead":"99b64f21f49229b53f30f3fc5e9cffc4fcb84cb6","bugs":{"url":"https://github.com/isaacs/readable-stream/issues"},"homepage":"https://github.com/isaacs/readable-stream","_id":"readable-stream@1.0.33-2","_shasum":"d89cbf08789ebd903d24b86bd1d7e502c88af8a1","_from":".","_npmVersion":"1.4.28","_npmUser":{"name":"rvagg","email":"rod@vagg.org"},"maintainers":[{"name":"isaacs","email":"i@izs.me"},{"name":"tootallnate","email":"nathan@tootallnate.net"},{"name":"rvagg","email":"rod@vagg.org"}],"dist":{"shasum":"d89cbf08789ebd903d24b86bd1d7e502c88af8a1","tarball":"http://registry.npmjs.org/readable-stream/-/readable-stream-1.0.33-2.tgz"},"directories":{}},"1.0.33":{"name":"readable-stream","version":"1.0.33","description":"Streams2, a user-land copy of the stream library from Node.js v0.10.x","main":"readable.js","dependencies":{"core-util-is":"~1.0.0","isarray":"0.0.1","string_decoder":"~0.10.x","inherits":"~2.0.1"},"devDependencies":{"tap":"~0.2.6"},"scripts":{"test":"tap test/simple/*.js"},"repository":{"type":"git","url":"git://github.com/isaacs/readable-stream"},"keywords":["readable","stream","pipe"],"browser":{"util":false},"author":{"name":"Isaac Z. Schlueter","email":"i@izs.me","url":"http://blog.izs.me/"},"license":"MIT","gitHead":"0bf97a117c5646556548966409ebc57a6dda2638","bugs":{"url":"https://github.com/isaacs/readable-stream/issues"},"homepage":"https://github.com/isaacs/readable-stream","_id":"readable-stream@1.0.33","_shasum":"3a360dd66c1b1d7fd4705389860eda1d0f61126c","_from":".","_npmVersion":"1.4.28","_npmUser":{"name":"rvagg","email":"rod@vagg.org"},"maintainers":[{"name":"isaacs","email":"i@izs.me"},{"name":"tootallnate","email":"nathan@tootallnate.net"},{"name":"rvagg","email":"rod@vagg.org"}],"dist":{"shasum":"3a360dd66c1b1d7fd4705389860eda1d0f61126c","tarball":"http://registry.npmjs.org/readable-stream/-/readable-stream-1.0.33.tgz"},"directories":{}},"2.0.0":{"name":"readable-stream","version":"2.0.0","description":"Streams3, a user-land copy of the stream library from iojs v2.x","main":"readable.js","dependencies":{"core-util-is":"~1.0.0","process-nextick-args":"~1.0.0","inherits":"~2.0.1","isarray":"0.0.1","string_decoder":"~0.10.x","util-deprecate":"~1.0.1"},"devDependencies":{"tap":"~0.2.6"},"scripts":{"test":"tap test/parallel/*.js"},"repository":{"type":"git","url":"git://github.com/nodejs/readable-stream.git"},"keywords":["readable","stream","pipe"],"browser":{"util":false},"license":"MIT","gitHead":"91173c7289ad37914745c42e37573273885e21ec","bugs":{"url":"https://github.com/nodejs/readable-stream/issues"},"homepage":"https://github.com/nodejs/readable-stream#readme","_id":"readable-stream@2.0.0","_shasum":"ab6e292d8ae392ef888151310554e7078fcb38ca","_from":".","_npmVersion":"2.11.0","_nodeVersion":"2.2.1","_npmUser":{"name":"cwmma","email":"calvin.metcalf@gmail.com"},"dist":{"shasum":"ab6e292d8ae392ef888151310554e7078fcb38ca","tarball":"http://registry.npmjs.org/readable-stream/-/readable-stream-2.0.0.tgz"},"maintainers":[{"name":"isaacs","email":"isaacs@npmjs.com"},{"name":"tootallnate","email":"nathan@tootallnate.net"},{"name":"rvagg","email":"rod@vagg.org"},{"name":"cwmma","email":"calvin.metcalf@gmail.com"}],"directories":{}},"2.0.1":{"name":"readable-stream","version":"2.0.1","description":"Streams3, a user-land copy of the stream library from iojs v2.x","main":"readable.js","dependencies":{"core-util-is":"~1.0.0","inherits":"~2.0.1","isarray":"0.0.1","process-nextick-args":"~1.0.0","string_decoder":"~0.10.x","util-deprecate":"~1.0.1"},"devDependencies":{"tap":"~0.2.6","tape":"~4.0.0","zuul":"~3.0.0"},"scripts":{"test":"tap test/parallel/*.js","browser":"zuul --browser-name $BROWSER_NAME --browser-version $BROWSER_VERSION -- test/browser.js"},"repository":{"type":"git","url":"git://github.com/nodejs/readable-stream.git"},"keywords":["readable","stream","pipe"],"browser":{"util":false},"license":"MIT","gitHead":"d175d0f68745a5014fc9c41b25b8e0e959269126","bugs":{"url":"https://github.com/nodejs/readable-stream/issues"},"homepage":"https://github.com/nodejs/readable-stream#readme","_id":"readable-stream@2.0.1","_shasum":"633479b7bd2fbe7a1e869825b40a0b333b9f2bfc","_from":".","_npmVersion":"2.11.1","_nodeVersion":"2.3.0","_npmUser":{"name":"cwmma","email":"calvin.metcalf@gmail.com"},"dist":{"shasum":"633479b7bd2fbe7a1e869825b40a0b333b9f2bfc","tarball":"http://registry.npmjs.org/readable-stream/-/readable-stream-2.0.1.tgz"},"maintainers":[{"name":"isaacs","email":"isaacs@npmjs.com"},{"name":"tootallnate","email":"nathan@tootallnate.net"},{"name":"rvagg","email":"rod@vagg.org"},{"name":"cwmma","email":"calvin.metcalf@gmail.com"}],"directories":{}},"2.0.2":{"name":"readable-stream","version":"2.0.2","description":"Streams3, a user-land copy of the stream library from iojs v2.x","main":"readable.js","dependencies":{"core-util-is":"~1.0.0","inherits":"~2.0.1","isarray":"0.0.1","process-nextick-args":"~1.0.0","string_decoder":"~0.10.x","util-deprecate":"~1.0.1"},"devDependencies":{"tap":"~0.2.6","tape":"~4.0.0","zuul":"~3.0.0"},"scripts":{"test":"tap test/parallel/*.js","browser":"zuul --browser-name $BROWSER_NAME --browser-version $BROWSER_VERSION -- test/browser.js"},"repository":{"type":"git","url":"git://github.com/nodejs/readable-stream.git"},"keywords":["readable","stream","pipe"],"browser":{"util":false},"license":"MIT","gitHead":"1a70134a71196eeabb5e27bc7580faaa68d30513","bugs":{"url":"https://github.com/nodejs/readable-stream/issues"},"homepage":"https://github.com/nodejs/readable-stream#readme","_id":"readable-stream@2.0.2","_shasum":"bec81beae8cf455168bc2e5b2b31f5bcfaed9b1b","_from":".","_npmVersion":"2.11.1","_nodeVersion":"2.3.0","_npmUser":{"name":"cwmma","email":"calvin.metcalf@gmail.com"},"dist":{"shasum":"bec81beae8cf455168bc2e5b2b31f5bcfaed9b1b","tarball":"http://registry.npmjs.org/readable-stream/-/readable-stream-2.0.2.tgz"},"maintainers":[{"name":"isaacs","email":"isaacs@npmjs.com"},{"name":"tootallnate","email":"nathan@tootallnate.net"},{"name":"rvagg","email":"rod@vagg.org"},{"name":"cwmma","email":"calvin.metcalf@gmail.com"}],"directories":{}},"2.0.3":{"name":"readable-stream","version":"2.0.3","description":"Streams3, a user-land copy of the stream library from iojs v2.x","main":"readable.js","dependencies":{"core-util-is":"~1.0.0","inherits":"~2.0.1","isarray":"0.0.1","process-nextick-args":"~1.0.0","string_decoder":"~0.10.x","util-deprecate":"~1.0.1"},"devDependencies":{"tap":"~0.2.6","tape":"~4.0.0","zuul":"~3.0.0"},"scripts":{"test":"tap test/parallel/*.js","browser":"npm run write-zuul && zuul -- test/browser.js","write-zuul":"printf \"ui: tape\nbrowsers:\n  - name: $BROWSER_NAME\n    version: $BROWSER_VERSION\n\">.zuul.yml"},"repository":{"type":"git","url":"git://github.com/nodejs/readable-stream.git"},"keywords":["readable","stream","pipe"],"browser":{"util":false},"license":"MIT","gitHead":"58099551e1ea7d99f8d13495740c5ae3f5d98053","bugs":{"url":"https://github.com/nodejs/readable-stream/issues"},"homepage":"https://github.com/nodejs/readable-stream#readme","_id":"readable-stream@2.0.3","_shasum":"4ab16b2aba452374b542a3f4f528634b9b45bb5a","_from":".","_npmVersion":"2.14.4","_nodeVersion":"4.1.1","_npmUser":{"name":"cwmma","email":"calvin.metcalf@gmail.com"},"dist":{"shasum":"4ab16b2aba452374b542a3f4f528634b9b45bb5a","tarball":"http://registry.npmjs.org/readable-stream/-/readable-stream-2.0.3.tgz"},"maintainers":[{"name":"isaacs","email":"isaacs@npmjs.com"},{"name":"tootallnate","email":"nathan@tootallnate.net"},{"name":"rvagg","email":"rod@vagg.org"},{"name":"cwmma","email":"calvin.metcalf@gmail.com"}],"directories":{}},"2.0.4":{"name":"readable-stream","version":"2.0.4","description":"Streams3, a user-land copy of the stream library from iojs v2.x","main":"readable.js","dependencies":{"core-util-is":"~1.0.0","inherits":"~2.0.1","isarray":"0.0.1","process-nextick-args":"~1.0.0","string_decoder":"~0.10.x","util-deprecate":"~1.0.1"},"devDependencies":{"tap":"~0.2.6","tape":"~4.0.0","zuul":"~3.0.0"},"scripts":{"test":"tap test/parallel/*.js","browser":"npm run write-zuul && zuul -- test/browser.js","write-zuul":"printf \"ui: tape\nbrowsers:\n  - name: $BROWSER_NAME\n    version: $BROWSER_VERSION\n\">.zuul.yml"},"repository":{"type":"git","url":"git://github.com/nodejs/readable-stream.git"},"keywords":["readable","stream","pipe"],"browser":{"util":false},"license":"MIT","gitHead":"f2a4f4a659bacbe742a494b7d2aede64fab0d4f9","bugs":{"url":"https://github.com/nodejs/readable-stream/issues"},"homepage":"https://github.com/nodejs/readable-stream#readme","_id":"readable-stream@2.0.4","_shasum":"2523ef27ffa339d7ba9da8603f2d0599d06edbd8","_from":".","_npmVersion":"2.14.4","_nodeVersion":"4.1.1","_npmUser":{"name":"cwmma","email":"calvin.metcalf@gmail.com"},"dist":{"shasum":"2523ef27ffa339d7ba9da8603f2d0599d06edbd8","tarball":"http://registry.npmjs.org/readable-stream/-/readable-stream-2.0.4.tgz"},"maintainers":[{"name":"isaacs","email":"isaacs@npmjs.com"},{"name":"tootallnate","email":"nathan@tootallnate.net"},{"name":"rvagg","email":"rod@vagg.org"},{"name":"cwmma","email":"calvin.metcalf@gmail.com"}],"directories":{}},"2.0.5":{"name":"readable-stream","version":"2.0.5","description":"Streams3, a user-land copy of the stream library from iojs v2.x","main":"readable.js","dependencies":{"core-util-is":"~1.0.0","inherits":"~2.0.1","isarray":"0.0.1","process-nextick-args":"~1.0.6","string_decoder":"~0.10.x","util-deprecate":"~1.0.1"},"devDependencies":{"tap":"~0.2.6","tape":"~4.0.0","zuul":"~3.0.0"},"scripts":{"test":"tap test/parallel/*.js","browser":"npm run write-zuul && zuul -- test/browser.js","write-zuul":"printf \"ui: tape\nbrowsers:\n  - name: $BROWSER_NAME\n    version: $BROWSER_VERSION\n\">.zuul.yml"},"repository":{"type":"git","url":"git://github.com/nodejs/readable-stream.git"},"keywords":["readable","stream","pipe"],"browser":{"util":false},"license":"MIT","gitHead":"a4f23d8e451267684a8160679ce16e16149fe72b","bugs":{"url":"https://github.com/nodejs/readable-stream/issues"},"homepage":"https://github.com/nodejs/readable-stream#readme","_id":"readable-stream@2.0.5","_shasum":"a2426f8dcd4551c77a33f96edf2886a23c829669","_from":".","_npmVersion":"3.3.12","_nodeVersion":"5.1.1","_npmUser":{"name":"cwmma","email":"calvin.metcalf@gmail.com"},"dist":{"shasum":"a2426f8dcd4551c77a33f96edf2886a23c829669","tarball":"http://registry.npmjs.org/readable-stream/-/readable-stream-2.0.5.tgz"},"maintainers":[{"name":"isaacs","email":"isaacs@npmjs.com"},{"name":"tootallnate","email":"nathan@tootallnate.net"},{"name":"rvagg","email":"rod@vagg.org"},{"name":"cwmma","email":"calvin.metcalf@gmail.com"}],"directories":{}}},"readme":"# readable-stream\n\n***Node-core streams for userland*** [![Build Status](https://travis-ci.org/nodejs/readable-stream.svg?branch=master)](https://travis-ci.org/nodejs/readable-stream)\n\n\n[![NPM](https://nodei.co/npm/readable-stream.png?downloads=true&downloadRank=true)](https://nodei.co/npm/readable-stream/)\n[![NPM](https://nodei.co/npm-dl/readable-stream.png?&months=6&height=3)](https://nodei.co/npm/readable-stream/)\n\n\n[![Sauce Test Status](https://saucelabs.com/browser-matrix/readable-stream.svg)](https://saucelabs.com/u/readable-stream)\n\n```bash\nnpm install --save readable-stream\n```\n\n***Node-core streams for userland***\n\nThis package is a mirror of the Streams2 and Streams3 implementations in\nNode-core, including [documentation](doc/stream.markdown).\n\nIf you want to guarantee a stable streams base, regardless of what version of\nNode you, or the users of your libraries are using, use **readable-stream** *only* and avoid the *\"stream\"* module in Node-core, for background see [this blogpost](http://r.va.gg/2014/06/why-i-dont-use-nodes-core-stream-module.html).\n\nAs of version 2.0.0 **readable-stream** uses semantic versioning.  \n\n# Streams WG Team Members\n\n* **Chris Dickinson** ([@chrisdickinson](https://github.com/chrisdickinson)) &lt;christopher.s.dickinson@gmail.com&gt;\n  - Release GPG key: 9554F04D7259F04124DE6B476D5A82AC7E37093B\n* **Calvin Metcalf** ([@calvinmetcalf](https://github.com/calvinmetcalf)) &lt;calvin.metcalf@gmail.com&gt;\n  - Release GPG key: F3EF5F62A87FC27A22E643F714CE4FF5015AA242\n* **Rod Vagg** ([@rvagg](https://github.com/rvagg)) &lt;rod@vagg.org&gt;\n  - Release GPG key: DD8F2338BAE7501E3DD5AC78C273792F7D83545D\n* **Sam Newman** ([@sonewman](https://github.com/sonewman)) &lt;newmansam@outlook.com&gt;\n* **Mathias Buus** ([@mafintosh](https://github.com/mafintosh)) &lt;mathiasbuus@gmail.com&gt;\n* **Domenic Denicola** ([@domenic](https://github.com/domenic)) &lt;d@domenic.me&gt;\n","maintainers":[{"name":"isaacs","email":"isaacs@npmjs.com"},{"name":"tootallnate","email":"nathan@tootallnate.net"},{"name":"rvagg","email":"rod@vagg.org"},{"name":"cwmma","email":"calvin.metcalf@gmail.com"}],"time":{"modified":"2015-12-16T18:34:28.164Z","created":"2012-07-27T04:46:57.281Z","0.0.1":"2012-07-27T04:46:58.911Z","0.0.2":"2012-09-10T18:32:22.628Z","0.0.3":"2012-10-15T18:50:21.287Z","0.0.4":"2012-12-03T05:37:50.997Z","0.1.0":"2012-12-14T00:10:04.841Z","0.1.1":"2013-01-11T23:30:36.295Z","0.2.0":"2013-01-11T23:31:27.220Z","0.3.0":"2013-02-14T22:59:03.141Z","0.3.1":"2013-02-20T19:18:23.014Z","1.0.0":"2013-03-09T19:16:19.726Z","1.0.1":"2013-03-11T02:20:24.538Z","1.0.2":"2013-03-11T16:31:26.752Z","1.0.15":"2013-08-02T22:03:15.036Z","1.0.17":"2013-08-26T22:38:58.256Z","1.1.7":"2013-08-26T23:14:28.483Z","1.1.8":"2013-08-30T20:01:01.457Z","1.1.9":"2013-09-13T15:00:47.024Z","1.0.24":"2014-01-09T02:20:53.648Z","1.1.10":"2014-01-09T02:23:03.021Z","1.0.25":"2014-01-23T23:17:57.824Z","1.0.25-1":"2014-01-27T22:03:56.772Z","1.1.11":"2014-02-20T03:54:13.407Z","1.0.26":"2014-02-20T03:54:55.627Z","1.0.26-1":"2014-03-03T03:12:37.608Z","1.1.11-1":"2014-03-03T03:19:04.045Z","1.0.26-2":"2014-03-03T03:19:46.573Z","1.1.12":"2014-03-30T09:01:27.971Z","1.0.26-3":"2014-03-30T09:03:46.744Z","1.0.26-4":"2014-03-30T13:49:34.616Z","1.1.12-1":"2014-03-30T13:50:13.330Z","1.0.27-1":"2014-04-17T09:03:01.624Z","1.1.13-1":"2014-04-17T09:03:21.224Z","1.0.31":"2014-08-20T10:26:55.144Z","1.1.13":"2014-08-20T10:55:14.998Z","1.0.32":"2014-09-22T01:43:26.059Z","1.0.32-1":"2014-10-09T06:07:02.866Z","1.0.33-1":"2014-10-09T06:07:43.858Z","1.0.33-2":"2014-10-25T10:09:17.264Z","1.0.33":"2014-10-25T10:11:42.356Z","2.0.0":"2015-06-10T10:08:29.243Z","2.0.1":"2015-06-22T09:31:22.112Z","2.0.2":"2015-07-16T14:31:16.619Z","2.0.3":"2015-10-22T21:48:30.092Z","2.0.4":"2015-10-31T16:41:08.789Z","2.0.5":"2015-12-16T18:34:28.164Z"},"repository":{"type":"git","url":"git://github.com/nodejs/readable-stream.git"},"users":{"fgribreau":true,"aredridel":true,"isao":true,"feross":true,"fiveisprime":true,"tunnckocore":true,"kahboom":true,"alanshaw":true,"redmed":true,"stanzhai":true,"ryanj":true,"chalassa":true,"markthethomas":true,"derickchou0129":true,"simplyianm":true,"jefrancomix":true,"phoenix-xsy":true,"pengzhisun":true,"itonyyo":true,"9joneg":true,"dudley":true,"gyaresu":true,"michaelnisi":true,"brycereynolds":true,"fotooo":true,"wenbing":true,"xieranmaya":true,"kcando":true},"readmeFilename":"README.md","homepage":"https://github.com/nodejs/readable-stream#readme","keywords":["readable","stream","pipe"],"bugs":{"url":"https://github.com/nodejs/readable-stream/issues"},"license":"MIT","_attachments":{},"_etag":"\"3EOIL5JTL47JFABLY3LGTYV7\""}