{"digest":"192842722d4ac4b895e970a5909508526224f864","css":".terminal-plus {\n  letter-spacing: normal;\n  position: inherit;\n}\n.terminal-plus ul {\n  padding: 0;\n  margin: 0;\n}\n.terminal-plus .icon::before {\n  margin: 0;\n  padding: 0;\n}\n.terminal-plus .icon-x::before {\n  content: '\\f081' !important;\n  line-height: normal;\n}\n.terminal-plus.terminal-view {\n  display: -webkit-flex;\n  flex-direction: column;\n  align-items: center;\n  flex-wrap: nowrap;\n}\n.terminal-plus.terminal-view .panel-divider {\n  order: 1;\n  display: inherit;\n  flex: 0 0 auto;\n  position: absolute;\n  height: 8px;\n  margin-top: -4px;\n  z-index: 3;\n  -webkit-user-select: none;\n  cursor: ns-resize;\n  width: 100%;\n}\n.terminal-plus.terminal-view .btn-toolbar {\n  order: 2;\n  flex: 0 0 auto;\n  width: 100%;\n  padding: 4px 2px 4px 2px;\n}\n.terminal-plus.terminal-view .btn-toolbar .left {\n  float: left;\n}\n.terminal-plus.terminal-view .btn-toolbar .right {\n  float: right;\n}\n.terminal-plus.terminal-view .btn-toolbar .btn {\n  top: 0;\n  height: auto;\n  line-height: normal;\n  padding: 0;\n  margin: 0 5px;\n}\n.terminal-plus.terminal-view .xterm {\n  display: -webkit-flex;\n  order: 3;\n  flex: 1;\n  width: 100%;\n  height: 0px;\n  padding: 0 5px;\n}\n.terminal-plus.terminal-view .xterm > .terminal {\n  display: -webkit-flex;\n  flex-direction: column;\n  align-content: flex-end;\n  position: relative;\n  width: 100%;\n  overflow: hidden;\n}\n.terminal-plus.terminal-view .xterm > .terminal > div {\n  flex: 1 0 auto;\n  white-space: nowrap;\n  font-size: inherit;\n}\n.terminal-plus.terminal-view .xterm > .terminal > div > span {\n  display: inline-block;\n  line-height: inherit;\n  height: inherit;\n}\n.terminal-plus.terminal-view .cursor-blink .terminal-cursor {\n  -webkit-animation: blink 1s step-start 0s infinite;\n  -webkit-animation-delay: 1s;\n}\n@-webkit-keyframes blink {\n  50% {\n    background: transparent;\n  }\n}\n.terminal-plus.status-bar {\n  display: -webkit-flex;\n  flex-direction: row;\n  align-items: center;\n  -webkit-user-select: none;\n  margin: 0 10px;\n  box-sizing: content-box;\n  height: 20px;\n}\n.terminal-plus.status-bar i {\n  cursor: pointer;\n  display: inherit;\n  text-align: center;\n  align-self: center;\n  line-height: 20px;\n}\n.terminal-plus.status-bar .icon-x {\n  color: red;\n  justify-content: flex-end;\n}\n.terminal-plus.status-bar .status-container {\n  display: inherit;\n  position: relative;\n  width: 100%;\n  height: 100%;\n  line-height: 20px;\n  margin: 0 5px;\n}\n.terminal-plus.status-bar .status-container .status-icon {\n  display: inherit;\n  cursor: pointer;\n  -webkit-transition: opacity 0.25s ease-in-out, color 0.5s ease-in-out;\n  -webkit-user-drag: element;\n  padding: 0 5px;\n  opacity: 0.5;\n  height: 100%;\n}\n.terminal-plus.status-bar .status-container .status-icon.active {\n  opacity: 1;\n}\n.terminal-plus.status-bar .status-container .is-dragging {\n  border-bottom: 1px solid #0088ff;\n}\n.terminal-plus.status-bar .status-container .placeholder {\n  pointer-events: none;\n  position: absolute;\n  top: -16px;\n  color: #0088ff;\n  z-index: 999;\n  margin: 0 -6px;\n  padding: 0;\n  height: 10px;\n  line-height: 10px;\n}\n.terminal-plus.status-bar .status-container .placeholder::before {\n  font-size: 16px;\n  font-family: 'Octicons Regular';\n  font-weight: normal;\n  font-style: normal;\n  display: inline-block;\n  -webkit-font-smoothing: antialiased;\n  text-decoration: none;\n  content: \"\\f05b\";\n}\n.terminal-plus .inserted {\n  -webkit-animation: flash 0.25s linear 6 alternate;\n}\n@-webkit-keyframes flash {\n  0% {\n    opacity: 0.5;\n  }\n  100% {\n    opacity: 1;\n  }\n}\n","imports":[{"path":"static/variables/ui-variables.less","digest":"c6d5219b02cf3129dbc56c526ad6541ba4e237e6"},{"path":"static/variables/syntax-variables.less","digest":"812c1b7883a023f768773d14294653adcdb932d7"},{"path":"node_modules/one-dark-ui/styles/ui-variables.less","digest":"174a79723580d128c4efde22c592790285879f08"},{"path":"node_modules/one-dark-ui/styles/ui-variables-custom.less","digest":"c18a6f2514b8bca9a476d21e54a2953130a28018"},{"path":"/home/oabraaobatista/.atom/packages/itg-dark-syntax/styles/syntax-variables.less","digest":"118b23aa0d349df2e906526ebc14bfdc5ff57e47"}],"version":1}