{"digest":"99476a17ddf77d8732a609994c95ea68bd1ecf28","css":".terminal-view .standard {\n  background-color: black;\n  color: white;\n}\n.terminal-view .standard .terminal-cursor {\n  background-color: white;\n}\n.terminal-view .homebrew {\n  background-color: black;\n  color: #29fe14;\n}\n.terminal-view .homebrew ::selection {\n  background-color: rgba(7, 30, 155, 0.99);\n}\n.terminal-view .homebrew .terminal-cursor {\n  background-color: #37fe26;\n}\n.terminal-view .grass {\n  background-color: #13773d;\n  color: #fff0a5;\n}\n.terminal-view .grass ::selection {\n  background-color: rgba(182, 73, 38, 0.99);\n}\n.terminal-view .grass .terminal-cursor {\n  background-color: #8e2800;\n}\n.terminal-view .man-page {\n  background-color: #fef49c;\n  color: black;\n}\n.terminal-view .man-page ::selection {\n  background-color: rgba(178, 215, 255, 0.99);\n}\n.terminal-view .man-page .terminal-cursor {\n  background-color: #929292;\n}\n.terminal-view .inverse {\n  background-color: white;\n  color: black;\n}\n.terminal-view .inverse ::selection {\n  background-color: rgba(178, 215, 255, 0.99);\n}\n.terminal-view .inverse .terminal-cursor {\n  background-color: #929292;\n}\n.terminal-view .novel {\n  background-color: #dfdbc4;\n  color: #4d2f2e;\n}\n.terminal-view .novel ::selection {\n  background-color: rgba(155, 153, 122, 0.99);\n}\n.terminal-view .novel .terminal-cursor {\n  background-color: #736359;\n}\n.terminal-view .ocean {\n  background-color: #2c66c9;\n  color: white;\n}\n.terminal-view .ocean ::selection {\n  background-color: rgba(41, 134, 255, 0.99);\n}\n.terminal-view .ocean .terminal-cursor {\n  background-color: #929292;\n}\n.terminal-view .pro {\n  background-color: black;\n  color: #f4f4f4;\n}\n.terminal-view .pro ::selection {\n  background-color: rgba(82, 82, 82, 0.99);\n}\n.terminal-view .pro .terminal-cursor {\n  background-color: #606060;\n}\n.terminal-view .red {\n  background-color: black;\n  color: #ff260e;\n}\n.terminal-view .red ::selection {\n  background-color: rgba(7, 30, 155, 0.99);\n}\n.terminal-view .red .terminal-cursor {\n  background-color: #ff260e;\n}\n.terminal-view .red-sands {\n  background-color: #8f3527;\n  color: #d7c9a7;\n}\n.terminal-view .red-sands ::selection {\n  background-color: rgba(60, 25, 22, 0.99);\n}\n.terminal-view .red-sands .terminal-cursor {\n  background-color: white;\n}\n.terminal-view .silver-aerogel {\n  background-color: #929292;\n  color: black;\n}\n.terminal-view .silver-aerogel ::selection {\n  background-color: rgba(120, 123, 156, 0.99);\n}\n.terminal-view .silver-aerogel .terminal-cursor {\n  background-color: #e0e0e0;\n}\n.terminal-view .solid-colors {\n  background-color: #788497;\n  color: black;\n}\n.terminal-view .solid-colors ::selection {\n  background-color: rgba(178, 215, 255, 0.99);\n}\n.terminal-view .solid-colors .terminal-cursor {\n  background-color: white;\n}\n.terminal-view .dracula {\n  background-color: #1e1f29;\n  color: white;\n}\n.terminal-view .dracula ::selection {\n  background-color: #44475a;\n}\n.terminal-view .dracula .terminal-cursor {\n  background-color: #999999;\n}\n","imports":[{"path":"static/variables/ui-variables.less","digest":"c6d5219b02cf3129dbc56c526ad6541ba4e237e6"},{"path":"static/variables/syntax-variables.less","digest":"812c1b7883a023f768773d14294653adcdb932d7"},{"path":"/home/oabraaobatista/.atom/packages/terminal-plus/styles/themes/standard.less","digest":"c34d06a2fa84dd3af8c103cd201153e9f510ac79"},{"path":"/home/oabraaobatista/.atom/packages/terminal-plus/styles/themes/homebrew.less","digest":"49caccc39d98d88c3e425b484286b0b37a962bd3"},{"path":"/home/oabraaobatista/.atom/packages/terminal-plus/styles/themes/grass.less","digest":"74eb7d911c9be0eb410902d148d6de624eb6eec9"},{"path":"/home/oabraaobatista/.atom/packages/terminal-plus/styles/themes/man-page.less","digest":"c9d2e8d41ac5d4303fed98fa39903c1190d973ac"},{"path":"/home/oabraaobatista/.atom/packages/terminal-plus/styles/themes/inverse.less","digest":"483d0e1f5f84aaf658501585682e49e611d33ed6"},{"path":"/home/oabraaobatista/.atom/packages/terminal-plus/styles/themes/novel.less","digest":"f0f070b13cb06ecf929f2877415916d8ede075e2"},{"path":"/home/oabraaobatista/.atom/packages/terminal-plus/styles/themes/ocean.less","digest":"574cede9a6b559f396473126ccd53ecf2c674367"},{"path":"/home/oabraaobatista/.atom/packages/terminal-plus/styles/themes/pro.less","digest":"4e9b1413d6950e125bef3fd38b11719d3053c9e9"},{"path":"/home/oabraaobatista/.atom/packages/terminal-plus/styles/themes/red.less","digest":"c19703e52e4aa7d4c4ced32cb1bd78d4bddf7567"},{"path":"/home/oabraaobatista/.atom/packages/terminal-plus/styles/themes/red-sands.less","digest":"372c2592c5ab69ae6387da3c15f80a2a0e5d3e82"},{"path":"/home/oabraaobatista/.atom/packages/terminal-plus/styles/themes/silver-aerogel.less","digest":"e4bb7bf7b86bfb7c57df9862a10d53e8d9c72c8b"},{"path":"/home/oabraaobatista/.atom/packages/terminal-plus/styles/themes/solid-colors.less","digest":"6001f270c1453d3504e0406e823359dd4464bdb2"},{"path":"/home/oabraaobatista/.atom/packages/terminal-plus/styles/themes/dracula.less","digest":"d92f22ede3de8f62a40c5d0615dfa54ff1916f2b"}],"version":1}