{"digest":"a25a3b8c740ed552295164442b4ff8d8d1515f52","css":".key-binding-resolver {\n  -webkit-flex: 0.25;\n  overflow: auto;\n}\n.key-binding-resolver .keystroke {\n  margin-right: 1em;\n}\n.key-binding-resolver table .used {\n  color: #73c990;\n}\n.key-binding-resolver table .unused {\n  color: #9ea3b3;\n}\n.key-binding-resolver table .unmatched {\n  color: rgba(158, 163, 179, 0.6);\n}\n.key-binding-resolver table .used .command::before,\n.key-binding-resolver table .unused .command::before {\n  font-family: 'Octicons Regular';\n  font-weight: normal;\n  font-style: normal;\n  display: inline-block;\n  line-height: 1;\n  -webkit-font-smoothing: antialiased;\n  text-decoration: none;\n  font-size: 16px;\n  width: 16px;\n  height: 16px;\n  content: \"\\f03a\";\n}\n.key-binding-resolver table .unmatched .command::before {\n  font-family: 'Octicons Regular';\n  font-weight: normal;\n  font-style: normal;\n  display: inline-block;\n  line-height: 1;\n  -webkit-font-smoothing: antialiased;\n  text-decoration: none;\n  font-size: 16px;\n  width: 16px;\n  height: 16px;\n  content: \"\\f081\";\n}\n.key-binding-resolver table .command,\n.key-binding-resolver table .selector,\n.key-binding-resolver table .source {\n  min-width: 10em;\n}\n.key-binding-resolver table .source {\n  cursor: pointer;\n}\n","imports":[{"path":"static\\variables\\ui-variables.less","digest":"a51b652b59d33fcd2efa2fd725a78735dbbcf655"},{"path":"static\\variables\\syntax-variables.less","digest":"161404ff92113205d84a38441681ded1e4527102"},{"path":"node_modules\\one-dark-ui\\styles\\ui-variables.less","digest":"167b76db825c0cf96e489ecebedd0723861ea9cc"},{"path":"C:\\Users\\Abraão Batista\\.atom\\packages\\itg-dark-syntax\\styles\\syntax-variables.less","digest":"118b23aa0d349df2e906526ebc14bfdc5ff57e47"},{"path":"static\\variables\\octicon-mixins.less","digest":"8aa251238352597c0dee170a54f51c889ba2a320"},{"path":"static\\variables\\octicon-utf-codes.less","digest":"91a1e38c4baeb67a3d375ddbfda25243085b4e51"},{"path":"static\\variables\\octicon-utf-codes.less","digest":"91a1e38c4baeb67a3d375ddbfda25243085b4e51"}],"version":1}