{"digest":"bdc05339d81a76cc67928c580e87b01beab67cb7","css":"atom-workspace .horizontal .vertical {\n  position: relative;\n}\nbackground-tips {\n  display: block;\n  pointer-events: none;\n  position: absolute;\n  top: 0;\n  left: 0;\n  right: 0;\n  bottom: 0;\n  overflow: hidden;\n}\nbackground-tips .background-message {\n  -webkit-user-select: none;\n  cursor: default;\n}\nbackground-tips .background-message .message {\n  padding: 0 30px;\n  opacity: 0;\n  transition: opacity 0.3s ease-in-out;\n}\nbackground-tips .background-message .message.fade-in {\n  opacity: 1;\n}\nbackground-tips .background-message .message .keystroke {\n  border: 2px solid;\n  padding: 0 5px;\n  border-radius: 9px;\n  font-family: \"Helvetica Neue\", Arial, sans-serif;\n}\n","imports":[{"path":"static\\variables\\ui-variables.less","digest":"a51b652b59d33fcd2efa2fd725a78735dbbcf655"},{"path":"static\\variables\\syntax-variables.less","digest":"161404ff92113205d84a38441681ded1e4527102"},{"path":"node_modules\\one-dark-ui\\styles\\ui-variables.less","digest":"167b76db825c0cf96e489ecebedd0723861ea9cc"},{"path":"C:\\Users\\Abraão Batista\\.atom\\packages\\itg-dark-syntax\\styles\\syntax-variables.less","digest":"118b23aa0d349df2e906526ebc14bfdc5ff57e47"}],"version":1}