{"digest":"3521cb6d319ddd2a236ee23a928e4dffd5eacb6a","css":".about {\n  display: flex;\n  flex-direction: column;\n  align-items: center;\n  justify-content: flex-start;\n  -webkit-user-select: none;\n  cursor: default;\n  overflow: auto;\n  text-align: center;\n  font-size: 1.25em;\n  line-height: 1.4;\n  padding: 4em;\n  color: #9ea3b3;\n  background-color: #272a32;\n}\n.about button {\n  cursor: default;\n}\n.about a:focus {\n  color: inherit;\n}\n.about img,\n.about a {\n  -webkit-user-drag: none;\n}\n.about .group-start {\n  margin-top: 4em;\n}\n.about .group-item {\n  margin-top: 1.5em;\n}\n.about-container {\n  width: 100%;\n  max-width: 500px;\n}\n.about-atom-io:hover .about-logo {\n  color: #40a977;\n}\n.about-logo {\n  display: block;\n  width: 100%;\n  max-width: 280px;\n  margin: 0 auto 1em auto;\n  color: #d7d9e0;\n  transition: color 0.2s;\n}\n.about-version-container:hover {\n  color: #c9ccd5;\n}\n.about-version-container:active {\n  color: #f4f4f6;\n}\n.about-version {\n  margin-right: .5em;\n  font-size: 1.25em;\n  vertical-align: middle;\n}\n.about-header-release-notes {\n  vertical-align: middle;\n  margin-left: 1em;\n}\n.about-updates-box {\n  display: flex;\n  align-items: center;\n  padding: 10px;\n  border: 1px solid #17191e;\n  border-radius: 6px;\n  background-color: #30343d;\n}\n.about-updates-status {\n  flex: 1;\n  margin-left: .5em;\n  text-align: left;\n}\n.about-updates-item,\n.about-default-update-message .about-updates-label {\n  display: none;\n}\n.about-updates-item.is-shown,\n.about-default-update-message .about-updates-label.is-shown {\n  display: block;\n}\n.about-updates-label {\n  color: rgba(158, 163, 179, 0.6);\n}\n.about-updates-label.is-strong {\n  color: #9ea3b3;\n}\n.about-updates-version {\n  margin: 0 .4em;\n}\n.about-updates-release-notes {\n  margin: 0 1em 0 1.5em;\n}\n.about-auto-updates {\n  margin-top: 1em;\n}\n.about-auto-updates input {\n  margin-right: .5em;\n}\n.about-metrics {\n  font-size: .9em;\n  line-height: 1.3;\n  text-align: left;\n  color: rgba(158, 163, 179, 0.6);\n}\n.about-love .icon::before {\n  position: relative;\n  top: 1px;\n  width: auto;\n  margin-right: 0;\n  font-size: 1.5em;\n}\n.about-love .icon-logo-github::before {\n  top: 3px;\n}\n.about-credits {\n  color: rgba(158, 163, 179, 0.6);\n}\n.about-release-notes {\n  color: #0088ff;\n}\n","imports":[{"path":"static\\variables\\ui-variables.less","digest":"a51b652b59d33fcd2efa2fd725a78735dbbcf655"},{"path":"static\\variables\\syntax-variables.less","digest":"161404ff92113205d84a38441681ded1e4527102"},{"path":"node_modules\\one-dark-ui\\styles\\ui-variables.less","digest":"167b76db825c0cf96e489ecebedd0723861ea9cc"},{"path":"C:\\Users\\Abraão Batista\\.atom\\packages\\itg-dark-syntax\\styles\\syntax-variables.less","digest":"118b23aa0d349df2e906526ebc14bfdc5ff57e47"},{"path":"node_modules\\about\\styles\\variables.less","digest":"216f8c03eba841727de86545798d60b04e25ceb2"}],"version":1}