{"_id":"oauth-sign","_rev":"17-a7cd3b3d0d55d5e194e8023e9e20a706","name":"oauth-sign","description":"OAuth 1 signing. Formerly a vendor lib in mikeal/request, now a standalone module.","dist-tags":{"latest":"0.8.1"},"versions":{"0.2.0":{"author":{"name":"Mikeal Rogers","email":"mikeal.rogers@gmail.com","url":"http://www.futurealoof.com"},"name":"oauth-sign","description":"OAuth 1 signing. Formerly a vendor lib in mikeal/request, now a standalone module.","version":"0.2.0","repository":{"url":"https://github.com/mikeal/oauth-sign"},"main":"index.js","dependencies":{},"devDependencies":{},"optionalDependencies":{},"engines":{"node":"*"},"scripts":{"test":"node test.js"},"_npmUser":{"name":"mikeal","email":"mikeal.rogers@gmail.com"},"_id":"oauth-sign@0.2.0","_engineSupported":true,"_npmVersion":"1.1.24","_nodeVersion":"v0.8.1","_defaultsLoaded":true,"dist":{"shasum":"a0e6a1715daed062f322b622b7fe5afd1035b6e2","tarball":"http://registry.npmjs.org/oauth-sign/-/oauth-sign-0.2.0.tgz"},"maintainers":[{"name":"mikeal","email":"mikeal.rogers@gmail.com"}],"directories":{}},"0.3.0":{"author":{"name":"Mikeal Rogers","email":"mikeal.rogers@gmail.com","url":"http://www.futurealoof.com"},"name":"oauth-sign","description":"OAuth 1 signing. Formerly a vendor lib in mikeal/request, now a standalone module.","version":"0.3.0","repository":{"url":"https://github.com/mikeal/oauth-sign"},"main":"index.js","dependencies":{},"devDependencies":{},"optionalDependencies":{},"engines":{"node":"*"},"scripts":{"test":"node test.js"},"_id":"oauth-sign@0.3.0","dist":{"shasum":"cb540f93bb2b22a7d5941691a288d60e8ea9386e","tarball":"http://registry.npmjs.org/oauth-sign/-/oauth-sign-0.3.0.tgz"},"_from":".","_npmVersion":"1.2.14","_npmUser":{"name":"mikeal","email":"mikeal.rogers@gmail.com"},"maintainers":[{"name":"mikeal","email":"mikeal.rogers@gmail.com"}],"directories":{}},"0.4.0":{"author":{"name":"Mikeal Rogers","email":"mikeal.rogers@gmail.com","url":"http://www.futurealoof.com"},"name":"oauth-sign","description":"OAuth 1 signing. Formerly a vendor lib in mikeal/request, now a standalone module.","version":"0.4.0","repository":{"url":"https://github.com/mikeal/oauth-sign"},"main":"index.js","dependencies":{},"devDependencies":{},"optionalDependencies":{},"engines":{"node":"*"},"scripts":{"test":"node test.js"},"bugs":{"url":"https://github.com/mikeal/oauth-sign/issues"},"_id":"oauth-sign@0.4.0","dist":{"shasum":"f22956f31ea7151a821e5f2fb32c113cad8b9f69","tarball":"http://registry.npmjs.org/oauth-sign/-/oauth-sign-0.4.0.tgz"},"_from":".","_npmVersion":"1.3.2","_npmUser":{"name":"mikeal","email":"mikeal.rogers@gmail.com"},"maintainers":[{"name":"mikeal","email":"mikeal.rogers@gmail.com"}],"directories":{}},"0.5.0":{"author":{"name":"Mikeal Rogers","email":"mikeal.rogers@gmail.com","url":"http://www.futurealoof.com"},"name":"oauth-sign","description":"OAuth 1 signing. Formerly a vendor lib in mikeal/request, now a standalone module.","version":"0.5.0","repository":{"url":"https://github.com/mikeal/oauth-sign"},"main":"index.js","dependencies":{},"devDependencies":{},"optionalDependencies":{},"engines":{"node":"*"},"scripts":{"test":"node test.js"},"gitHead":"6fea86c2d4a38e1b3780ad0cc56f00196e5213c1","bugs":{"url":"https://github.com/mikeal/oauth-sign/issues"},"homepage":"https://github.com/mikeal/oauth-sign","_id":"oauth-sign@0.5.0","_shasum":"d767f5169325620eab2e087ef0c472e773db6461","_from":".","_npmVersion":"2.0.0","_npmUser":{"name":"mikeal","email":"mikeal.rogers@gmail.com"},"maintainers":[{"name":"mikeal","email":"mikeal.rogers@gmail.com"}],"dist":{"shasum":"d767f5169325620eab2e087ef0c472e773db6461","tarball":"http://registry.npmjs.org/oauth-sign/-/oauth-sign-0.5.0.tgz"},"directories":{}},"0.6.0":{"author":{"name":"Mikeal Rogers","email":"mikeal.rogers@gmail.com","url":"http://www.futurealoof.com"},"name":"oauth-sign","description":"OAuth 1 signing. Formerly a vendor lib in mikeal/request, now a standalone module.","version":"0.6.0","repository":{"url":"https://github.com/mikeal/oauth-sign"},"main":"index.js","dependencies":{},"devDependencies":{},"optionalDependencies":{},"engines":{"node":"*"},"scripts":{"test":"node test.js"},"gitHead":"f1b5d7714712ab7eec485cca9d18ae95db58aa6b","bugs":{"url":"https://github.com/mikeal/oauth-sign/issues"},"homepage":"https://github.com/mikeal/oauth-sign","_id":"oauth-sign@0.6.0","_shasum":"7dbeae44f6ca454e1f168451d630746735813ce3","_from":".","_npmVersion":"1.4.14","_npmUser":{"name":"nylen","email":"jnylen@gmail.com"},"maintainers":[{"name":"mikeal","email":"mikeal.rogers@gmail.com"},{"name":"nylen","email":"jnylen@gmail.com"}],"dist":{"shasum":"7dbeae44f6ca454e1f168451d630746735813ce3","tarball":"http://registry.npmjs.org/oauth-sign/-/oauth-sign-0.6.0.tgz"},"directories":{}},"0.7.0":{"author":{"name":"Mikeal Rogers","email":"mikeal.rogers@gmail.com","url":"http://www.futurealoof.com"},"name":"oauth-sign","description":"OAuth 1 signing. Formerly a vendor lib in mikeal/request, now a standalone module.","version":"0.7.0","repository":{"url":"https://github.com/mikeal/oauth-sign"},"main":"index.js","dependencies":{},"devDependencies":{},"optionalDependencies":{},"engines":{"node":"*"},"scripts":{"test":"node test.js"},"gitHead":"494c8991dbe1c672141445e0df0266a322ef8aac","bugs":{"url":"https://github.com/mikeal/oauth-sign/issues"},"homepage":"https://github.com/mikeal/oauth-sign","_id":"oauth-sign@0.7.0","_shasum":"1fd7eb1a357d27dc83c167dadae5d7e3bb42824c","_from":".","_npmVersion":"1.4.14","_npmUser":{"name":"nylen","email":"jnylen@gmail.com"},"maintainers":[{"name":"mikeal","email":"mikeal.rogers@gmail.com"},{"name":"nylen","email":"jnylen@gmail.com"},{"name":"simov","email":"simeonvelichkov@gmail.com"}],"dist":{"shasum":"1fd7eb1a357d27dc83c167dadae5d7e3bb42824c","tarball":"http://registry.npmjs.org/oauth-sign/-/oauth-sign-0.7.0.tgz"},"directories":{}},"0.8.0":{"author":{"name":"Mikeal Rogers","email":"mikeal.rogers@gmail.com","url":"http://www.futurealoof.com"},"name":"oauth-sign","description":"OAuth 1 signing. Formerly a vendor lib in mikeal/request, now a standalone module.","version":"0.8.0","license":"Apache-2.0","repository":{"url":"git+https://github.com/mikeal/oauth-sign.git"},"main":"index.js","dependencies":{},"devDependencies":{},"optionalDependencies":{},"engines":{"node":"*"},"scripts":{"test":"node test.js"},"gitHead":"e1f2b42ff039901ce977f8e81918767d97d496b5","bugs":{"url":"https://github.com/mikeal/oauth-sign/issues"},"homepage":"https://github.com/mikeal/oauth-sign#readme","_id":"oauth-sign@0.8.0","_shasum":"938fdc875765ba527137d8aec9d178e24debc553","_from":".","_npmVersion":"2.10.1","_nodeVersion":"0.12.4","_npmUser":{"name":"simov","email":"simeonvelichkov@gmail.com"},"maintainers":[{"name":"mikeal","email":"mikeal.rogers@gmail.com"},{"name":"nylen","email":"jnylen@gmail.com"},{"name":"simov","email":"simeonvelichkov@gmail.com"}],"dist":{"shasum":"938fdc875765ba527137d8aec9d178e24debc553","tarball":"http://registry.npmjs.org/oauth-sign/-/oauth-sign-0.8.0.tgz"},"directories":{}},"0.8.1":{"author":{"name":"Mikeal Rogers","email":"mikeal.rogers@gmail.com","url":"http://www.futurealoof.com"},"name":"oauth-sign","description":"OAuth 1 signing. Formerly a vendor lib in mikeal/request, now a standalone module.","version":"0.8.1","license":"Apache-2.0","repository":{"url":"git+https://github.com/mikeal/oauth-sign.git"},"main":"index.js","dependencies":{},"devDependencies":{},"optionalDependencies":{},"engines":{"node":"*"},"scripts":{"test":"node test.js"},"gitHead":"9c7229a336c9face98b83f93b72cb7c80dbba08d","bugs":{"url":"https://github.com/mikeal/oauth-sign/issues"},"homepage":"https://github.com/mikeal/oauth-sign#readme","_id":"oauth-sign@0.8.1","_shasum":"182439bdb91378bf7460e75c64ea43e6448def06","_from":".","_npmVersion":"3.6.0","_nodeVersion":"5.5.0","_npmUser":{"name":"simov","email":"simeonvelichkov@gmail.com"},"dist":{"shasum":"182439bdb91378bf7460e75c64ea43e6448def06","tarball":"http://registry.npmjs.org/oauth-sign/-/oauth-sign-0.8.1.tgz"},"maintainers":[{"name":"mikeal","email":"mikeal.rogers@gmail.com"},{"name":"nylen","email":"jnylen@gmail.com"},{"name":"simov","email":"simeonvelichkov@gmail.com"}],"directories":{}}},"readme":"oauth-sign\n==========\n\nOAuth 1 signing. Formerly a vendor lib in mikeal/request, now a standalone module. \n","maintainers":[{"name":"mikeal","email":"mikeal.rogers@gmail.com"},{"name":"nylen","email":"jnylen@gmail.com"},{"name":"simov","email":"simeonvelichkov@gmail.com"}],"time":{"modified":"2016-01-31T07:18:27.473Z","created":"2013-03-01T20:23:20.098Z","0.2.0":"2013-03-01T20:23:20.779Z","0.3.0":"2013-04-22T05:12:37.269Z","0.4.0":"2013-09-23T22:58:47.722Z","0.5.0":"2014-10-13T15:50:26.714Z","0.6.0":"2015-01-04T01:30:55.552Z","0.7.0":"2015-03-21T20:51:35.145Z","0.8.0":"2015-05-28T10:43:18.008Z","0.8.1":"2016-01-31T07:18:27.473Z"},"author":{"name":"Mikeal Rogers","email":"mikeal.rogers@gmail.com","url":"http://www.futurealoof.com"},"repository":{"url":"git+https://github.com/mikeal/oauth-sign.git"},"homepage":"https://github.com/mikeal/oauth-sign#readme","bugs":{"url":"https://github.com/mikeal/oauth-sign/issues"},"readmeFilename":"README.md","license":"Apache-2.0","_attachments":{},"_etag":"\"9P5ESQ0UNHJTR4Z0BAF8IOD2W\""}