{"_id":"core-util-is","_rev":"9-47366c22524fb52a00edb81d89caeb24","name":"core-util-is","description":"The `util.is*` functions introduced in Node v0.12.","dist-tags":{"latest":"1.0.2"},"versions":{"1.0.0":{"name":"core-util-is","version":"1.0.0","description":"The `util.is*` functions introduced in Node v0.12.","main":"lib/util.js","repository":{"type":"git","url":"git://github.com/isaacs/core-util-is"},"keywords":["util","isBuffer","isArray","isNumber","isString","isRegExp","isThis","isThat","polyfill"],"author":{"name":"Isaac Z. Schlueter","email":"i@izs.me","url":"http://blog.izs.me/"},"license":"MIT","bugs":{"url":"https://github.com/isaacs/core-util-is/issues"},"_id":"core-util-is@1.0.0","dist":{"shasum":"740c74c400e72707b95cc75d509543f8ad7f83de","tarball":"http://registry.npmjs.org/core-util-is/-/core-util-is-1.0.0.tgz"},"_from":".","_npmVersion":"1.3.9","_npmUser":{"name":"isaacs","email":"i@izs.me"},"maintainers":[{"name":"isaacs","email":"i@izs.me"}],"directories":{}},"1.0.1":{"name":"core-util-is","version":"1.0.1","description":"The `util.is*` functions introduced in Node v0.12.","main":"lib/util.js","repository":{"type":"git","url":"git://github.com/isaacs/core-util-is"},"keywords":["util","isBuffer","isArray","isNumber","isString","isRegExp","isThis","isThat","polyfill"],"author":{"name":"Isaac Z. Schlueter","email":"i@izs.me","url":"http://blog.izs.me/"},"license":"MIT","bugs":{"url":"https://github.com/isaacs/core-util-is/issues"},"homepage":"https://github.com/isaacs/core-util-is","_id":"core-util-is@1.0.1","dist":{"shasum":"6b07085aef9a3ccac6ee53bf9d3df0c1521a5538","tarball":"http://registry.npmjs.org/core-util-is/-/core-util-is-1.0.1.tgz"},"_from":".","_npmVersion":"1.3.23","_npmUser":{"name":"isaacs","email":"i@izs.me"},"maintainers":[{"name":"isaacs","email":"i@izs.me"}],"directories":{}},"1.0.2":{"name":"core-util-is","version":"1.0.2","description":"The `util.is*` functions introduced in Node v0.12.","main":"lib/util.js","repository":{"type":"git","url":"git://github.com/isaacs/core-util-is.git"},"keywords":["util","isBuffer","isArray","isNumber","isString","isRegExp","isThis","isThat","polyfill"],"author":{"name":"Isaac Z. Schlueter","email":"i@izs.me","url":"http://blog.izs.me/"},"license":"MIT","bugs":{"url":"https://github.com/isaacs/core-util-is/issues"},"scripts":{"test":"tap test.js"},"devDependencies":{"tap":"^2.3.0"},"gitHead":"a177da234df5638b363ddc15fa324619a38577c8","homepage":"https://github.com/isaacs/core-util-is#readme","_id":"core-util-is@1.0.2","_shasum":"b5fd54220aa2bc5ab57aab7140c940754503c1a7","_from":".","_npmVersion":"3.3.2","_nodeVersion":"4.0.0","_npmUser":{"name":"isaacs","email":"i@izs.me"},"dist":{"shasum":"b5fd54220aa2bc5ab57aab7140c940754503c1a7","tarball":"http://registry.npmjs.org/core-util-is/-/core-util-is-1.0.2.tgz"},"maintainers":[{"name":"isaacs","email":"i@izs.me"}],"directories":{}}},"readme":"# core-util-is\n\nThe `util.is*` functions introduced in Node v0.12.\n","maintainers":[{"name":"isaacs","email":"i@izs.me"}],"time":{"modified":"2015-11-20T00:37:33.081Z","created":"2013-08-26T22:51:58.467Z","1.0.0":"2013-08-26T22:51:59.881Z","1.0.1":"2014-01-08T05:50:45.831Z","1.0.2":"2015-11-20T00:37:33.081Z"},"author":{"name":"Isaac Z. Schlueter","email":"i@izs.me","url":"http://blog.izs.me/"},"repository":{"type":"git","url":"git://github.com/isaacs/core-util-is.git"},"users":{"tunnckocore":true,"wenbing":true,"cparker15":true,"monjer":true},"homepage":"https://github.com/isaacs/core-util-is#readme","keywords":["util","isBuffer","isArray","isNumber","isString","isRegExp","isThis","isThat","polyfill"],"bugs":{"url":"https://github.com/isaacs/core-util-is/issues"},"license":"MIT","readmeFilename":"README.md","_attachments":{},"_etag":"\"75RK9UUWAHLYO40UZKLLOJ8YF\""}