{"digest":"c928c6e5a9508d14097a0524462f17d0cd2c1d48","css":".archive-editor {\n  background-color: #30343d;\n  overflow: auto;\n}\n.archive-editor .archive-container {\n  height: 100%;\n  width: 100%;\n}\n.archive-editor .archive-container .inset-panel {\n  border-width: 0;\n}\n.archive-editor .archive-container .inset-panel .panel-heading {\n  border-radius: 0;\n}\n.archive-editor .archive-container .archive-tree {\n  padding: 5px;\n}\n","imports":[{"path":"static/variables/ui-variables.less","digest":"c6d5219b02cf3129dbc56c526ad6541ba4e237e6"},{"path":"static/variables/syntax-variables.less","digest":"812c1b7883a023f768773d14294653adcdb932d7"},{"path":"node_modules/one-dark-ui/styles/ui-variables.less","digest":"174a79723580d128c4efde22c592790285879f08"},{"path":"node_modules/one-dark-ui/styles/ui-variables-custom.less","digest":"c18a6f2514b8bca9a476d21e54a2953130a28018"},{"path":"/home/oabraaobatista/.atom/packages/itg-dark-syntax/styles/syntax-variables.less","digest":"118b23aa0d349df2e906526ebc14bfdc5ff57e47"}],"version":1}