{"digest":"c6219f3cf9291b98baaaa4600bcf84958692006f","css":".styleguide {\n  position: relative;\n  overflow: auto;\n}\n.styleguide > section.bordered {\n  padding: 20px;\n}\n.styleguide > section :last-child {\n  margin-bottom: 0;\n}\n.styleguide > section.collapsed > .section-heading {\n  display: block;\n  margin: 0;\n  color: #9ea3b3;\n}\n.styleguide > section.collapsed > * {\n  display: none;\n}\n.styleguide section .section-heading {\n  cursor: pointer;\n  font-weight: bold;\n  font-size: 1.6em;\n  color: #d7d9e0;\n}\n.styleguide section .section-heading:hover {\n  color: #d7d9e0;\n}\n.styleguide h2 {\n  font-size: 1.5em;\n  line-height: 1.2;\n  margin: 1.75em 0 0 0;\n  color: #d7d9e0;\n}\n.styleguide p {\n  font-size: 1.2em;\n  margin: .5em 0 1em 0;\n}\n.styleguide section[data-name=\"styleguide\"] {\n  border-top: none;\n}\n.styleguide .popover-list {\n  position: relative;\n}\n.styleguide .select-list atom-text-editor[mini],\n.styleguide .popover-list atom-text-editor[mini] {\n  height: 27px;\n}\n.styleguide .tooltip {\n  position: relative;\n  opacity: 1;\n  display: inline-block;\n  margin-right: 10px;\n}\n.styleguide .btn-collapse-all {\n  position: absolute;\n  right: 10px;\n  top: 10px;\n  z-index: 100;\n}\n.example {\n  display: -webkit-flex;\n  border: 1px solid #17191e;\n  border-radius: 3px;\n  margin: 10px 0;\n}\n.example > * {\n  width: 50%;\n}\n.example .example-rendered {\n  position: relative;\n  padding: 10px;\n  background: #25282f;\n  overflow: hidden;\n  border-radius: 3px 0 0 3px;\n}\n.example .example-rendered .ui-site-1,\n.example .example-rendered .ui-site-2,\n.example .example-rendered .ui-site-3,\n.example .example-rendered .ui-site-4,\n.example .example-rendered .ui-site-5 {\n  height: 10px;\n  width: 100px;\n}\n.example .example-code {\n  position: relative;\n  background-color: #272a32;\n  border-left: 1px solid #17191e;\n}\n.example .example-code.show-example-space-pen .example-space-pen {\n  display: block;\n}\n.example .example-code.show-example-html .example-html {\n  display: block;\n}\n.example .example-code .btn-group {\n  position: absolute;\n  top: 10px;\n  right: 10px;\n  z-index: 10;\n}\n.styleguide [data-name=\"icons\"] .example-rendered {\n  display: flex;\n  flex-wrap: wrap;\n  align-content: flex-start;\n}\n.styleguide [data-name=\"icons\"] .icon {\n  flex-basis: 50%;\n  padding: 10px 0 10px 40px;\n  color: rgba(158, 163, 179, 0.6);\n}\n.styleguide [data-name=\"icons\"] .icon:before {\n  position: absolute;\n  margin-left: -32px;\n  color: #d7d9e0;\n  text-align: center;\n}\n.styleguide [data-name=\"icons\"] .icon:hover {\n  color: #d7d9e0;\n}\n.styleguide [data-name=\"icons\"] .icon:hover:before {\n  color: #ffffff;\n  font-size: 32px;\n  width: 32px;\n  height: 32px;\n  margin-top: -8px;\n  margin-left: -40px;\n}\n.styleguide [data-name=\"icons\"] .icon-logo-github:before {\n  margin-left: -60px;\n}\n.styleguide [data-name=\"icons\"] .icon-logo-github:hover:before {\n  margin-left: -100px;\n}\n","imports":[{"path":"static\\variables\\ui-variables.less","digest":"a51b652b59d33fcd2efa2fd725a78735dbbcf655"},{"path":"static\\variables\\syntax-variables.less","digest":"161404ff92113205d84a38441681ded1e4527102"},{"path":"node_modules\\one-dark-ui\\styles\\ui-variables.less","digest":"167b76db825c0cf96e489ecebedd0723861ea9cc"},{"path":"C:\\Users\\Abraão Batista\\.atom\\packages\\itg-dark-syntax\\styles\\syntax-variables.less","digest":"118b23aa0d349df2e906526ebc14bfdc5ff57e47"},{"path":"C:\\Users\\Abraão Batista\\.atom\\packages\\itg-dark-syntax\\styles\\syntax-variables.less","digest":"118b23aa0d349df2e906526ebc14bfdc5ff57e47"}],"version":1}