{"digest":"277f564b369e85d445df499a48f4aea2dcd000e3","css":".tab-bar {\n  display: flex;\n  -webkit-user-select: none;\n  margin: 0;\n  /* Drag and Drop */\n}\n.tab-bar .tab {\n  font-size: 11px;\n  position: relative;\n  padding-left: 10px;\n  padding-right: 24px;\n  -webkit-user-drag: element;\n  flex: 1;\n  max-width: 175px;\n  min-width: 40px;\n  transition: max-width 0.25s ease-in-out;\n}\n.tab-bar .tab.active {\n  flex: 2;\n  width: -webkit-fit-content;\n}\n.tab-bar .tab.active .title {\n  padding-right: 10px;\n}\n.tab-bar .tab .title {\n  overflow: hidden;\n  white-space: pre;\n  text-overflow: ellipsis;\n}\n.tab-bar .tab .title.temp {\n  font-style: italic;\n}\n.tab-bar .tab .hide-icon.icon:before {\n  display: none;\n}\n.tab-bar .tab .close-icon {\n  position: absolute;\n  top: 1px;\n  right: 10px;\n  cursor: default;\n}\n.tab-bar .tab .close-icon::before {\n  font-family: 'Octicons Regular';\n  font-weight: normal;\n  font-style: normal;\n  display: inline-block;\n  line-height: 1;\n  -webkit-font-smoothing: antialiased;\n  text-decoration: none;\n  font-size: 12px;\n  width: 12px;\n  height: 12px;\n  content: \"\\f081\";\n}\n.tab-bar .tab.modified:hover .close-icon {\n  color: #0088ff;\n}\n.tab-bar .tab.modified:not(:hover) .close-icon {\n  top: 11px;\n  right: 11px;\n  width: 8px;\n  height: 8px;\n  border: 2px solid #0088ff;\n  border-radius: 12px;\n}\n.tab-bar .tab.modified:not(:hover) .close-icon:before {\n  display: none;\n}\n.tab-bar .placeholder {\n  position: absolute;\n  top: 0;\n  z-index: 999;\n  width: 2px;\n  margin: -1px;\n  padding: 0;\n  height: 30px;\n  display: inline-block;\n  background: #0088ff;\n  list-style: none;\n}\n.tab-bar .placeholder:after {\n  content: \"\";\n  position: absolute;\n  top: 30px;\n  margin: -1px;\n  z-index: 9999;\n  width: 4px;\n  height: 4px;\n  background: #0088ff;\n  border-radius: 4px;\n  border: 1px solid transparent;\n}\n.tab-bar.hidden {\n  display: none;\n}\n","imports":[{"path":"static/variables/ui-variables.less","digest":"c6d5219b02cf3129dbc56c526ad6541ba4e237e6"},{"path":"static/variables/syntax-variables.less","digest":"812c1b7883a023f768773d14294653adcdb932d7"},{"path":"node_modules/one-dark-ui/styles/ui-variables.less","digest":"174a79723580d128c4efde22c592790285879f08"},{"path":"node_modules/one-dark-ui/styles/ui-variables-custom.less","digest":"c18a6f2514b8bca9a476d21e54a2953130a28018"},{"path":"/home/oabraaobatista/.atom/packages/itg-dark-syntax/styles/syntax-variables.less","digest":"118b23aa0d349df2e906526ebc14bfdc5ff57e47"},{"path":"static/variables/octicon-mixins.less","digest":"2030bff1fd92667bfd07922be221c344c90e072e"},{"path":"static/variables/octicon-utf-codes.less","digest":"698d6301324f239f0a1a144a805cdc3706c68876"},{"path":"static/variables/octicon-utf-codes.less","digest":"698d6301324f239f0a1a144a805cdc3706c68876"}],"version":1}