{"_id":"atom-space-pen-views","_rev":"67-3b69ef2f373394fe1d07de6d7e0b3f28","name":"atom-space-pen-views","description":"Atom SpacePen views that used to live in core.","dist-tags":{"latest":"2.2.0"},"versions":{"0.1.0":{"name":"atom-space-pen-views","version":"0.1.0","description":"Atom SpacePen views that used to live in core.","main":"./lib/main","scripts":{},"repository":{"type":"git","url":"https://github.com/atom/atom-space-pen-views.git"},"bugs":{"url":"https://github.com/atom/atom-space-pen-views/issues"},"licenses":[{"type":"MIT","url":"http://github.com/atom/atom-space-pen-views/raw/master/LICENSE.md"}],"dependencies":{"grim":"^0.12.0"},"devDependencies":{"coffee-script":"^1.7.0","jasmine-focused":"^1.0.4","grunt-contrib-coffee":"^0.9.0","grunt-cli":"^0.1.8","grunt":"^0.4.1","grunt-shell":"^0.2.2","grunt-coffeelint":"^0.0.6","rimraf":"^2.2.2","coffee-cache":"^0.2.0","temp":"^0.6.0"},"gitHead":"29922807a4258c6d557e467f34058c096bb2eb60","homepage":"https://github.com/atom/atom-space-pen-views","_id":"atom-space-pen-views@0.1.0","_shasum":"6a8541ac5611342fe3bd01470d0cabc939393681","_from":".","_npmVersion":"1.4.23","_npmUser":{"name":"nathansobo","email":"nathan@github.com"},"maintainers":[{"name":"nathansobo","email":"nathan@github.com"}],"dist":{"shasum":"6a8541ac5611342fe3bd01470d0cabc939393681","tarball":"https://registry.npmjs.org/atom-space-pen-views/-/atom-space-pen-views-0.1.0.tgz"},"directories":{}},"0.2.0":{"name":"atom-space-pen-views","version":"0.2.0","description":"Atom SpacePen views that used to live in core.","main":"./lib/main","scripts":{},"repository":{"type":"git","url":"https://github.com/atom/atom-space-pen-views.git"},"bugs":{"url":"https://github.com/atom/atom-space-pen-views/issues"},"licenses":[{"type":"MIT","url":"http://github.com/atom/atom-space-pen-views/raw/master/LICENSE.md"}],"dependencies":{"grim":"^0.12.0"},"devDependencies":{"coffee-script":"^1.7.0","jasmine-focused":"^1.0.4","grunt-contrib-coffee":"^0.9.0","grunt-cli":"^0.1.8","grunt":"^0.4.1","grunt-shell":"^0.2.2","grunt-coffeelint":"^0.0.6","rimraf":"^2.2.2","coffee-cache":"^0.2.0","temp":"^0.6.0"},"gitHead":"035792c8593c2f706b310b6d955e18768417ae44","homepage":"https://github.com/atom/atom-space-pen-views","_id":"atom-space-pen-views@0.2.0","_shasum":"773624b339095a9c863456fbcf4cae178c4d4c2d","_from":".","_npmVersion":"1.4.23","_npmUser":{"name":"nathansobo","email":"nathan@github.com"},"maintainers":[{"name":"nathansobo","email":"nathan@github.com"},{"name":"benogle","email":"ogle.ben@gmail.com"},{"name":"kevinsawicki","email":"kevinsawicki@gmail.com"}],"dist":{"shasum":"773624b339095a9c863456fbcf4cae178c4d4c2d","tarball":"https://registry.npmjs.org/atom-space-pen-views/-/atom-space-pen-views-0.2.0.tgz"},"directories":{}},"0.3.0":{"name":"atom-space-pen-views","version":"0.3.0","description":"Atom SpacePen views that used to live in core.","main":"./lib/main","scripts":{},"repository":{"type":"git","url":"https://github.com/atom/atom-space-pen-views.git"},"bugs":{"url":"https://github.com/atom/atom-space-pen-views/issues"},"licenses":[{"type":"MIT","url":"http://github.com/atom/atom-space-pen-views/raw/master/LICENSE.md"}],"dependencies":{"fuzzaldrin":"^2.1.0","grim":"^0.12.0"},"devDependencies":{"coffee-script":"^1.7.0","jasmine-focused":"^1.0.4","grunt-contrib-coffee":"^0.9.0","grunt-cli":"^0.1.8","grunt":"^0.4.1","grunt-shell":"^0.2.2","grunt-coffeelint":"^0.0.6","rimraf":"^2.2.2","coffee-cache":"^0.2.0","temp":"^0.6.0"},"gitHead":"5e3aba1b73fd45dc3e6f6c1acb0fad06b9331e6e","homepage":"https://github.com/atom/atom-space-pen-views","_id":"atom-space-pen-views@0.3.0","_shasum":"2263070c26f7915aa52fd874a2283e328597e624","_from":".","_npmVersion":"1.4.23","_npmUser":{"name":"nathansobo","email":"nathan@github.com"},"maintainers":[{"name":"nathansobo","email":"nathan@github.com"},{"name":"benogle","email":"ogle.ben@gmail.com"},{"name":"kevinsawicki","email":"kevinsawicki@gmail.com"}],"dist":{"shasum":"2263070c26f7915aa52fd874a2283e328597e624","tarball":"https://registry.npmjs.org/atom-space-pen-views/-/atom-space-pen-views-0.3.0.tgz"},"directories":{}},"0.4.0":{"name":"atom-space-pen-views","version":"0.4.0","description":"Atom SpacePen views that used to live in core.","main":"./lib/main","scripts":{},"repository":{"type":"git","url":"https://github.com/atom/atom-space-pen-views.git"},"bugs":{"url":"https://github.com/atom/atom-space-pen-views/issues"},"licenses":[{"type":"MIT","url":"http://github.com/atom/atom-space-pen-views/raw/master/LICENSE.md"}],"dependencies":{"fuzzaldrin":"^2.1.0","grim":"^0.12.0"},"devDependencies":{"coffee-script":"^1.7.0","jasmine-focused":"^1.0.4","grunt-contrib-coffee":"^0.9.0","grunt-cli":"^0.1.8","grunt":"^0.4.1","grunt-shell":"^0.2.2","grunt-coffeelint":"^0.0.6","rimraf":"^2.2.2","coffee-cache":"^0.2.0","temp":"^0.6.0"},"gitHead":"d0aa5125bfa38cce2c2d8fad86a48c80ad2bdd07","homepage":"https://github.com/atom/atom-space-pen-views","_id":"atom-space-pen-views@0.4.0","_shasum":"9693e927fe2e0ab7ff07322d0ee78b9b57d6fc03","_from":".","_npmVersion":"1.4.23","_npmUser":{"name":"nathansobo","email":"nathan@github.com"},"maintainers":[{"name":"nathansobo","email":"nathan@github.com"},{"name":"benogle","email":"ogle.ben@gmail.com"},{"name":"kevinsawicki","email":"kevinsawicki@gmail.com"}],"dist":{"shasum":"9693e927fe2e0ab7ff07322d0ee78b9b57d6fc03","tarball":"https://registry.npmjs.org/atom-space-pen-views/-/atom-space-pen-views-0.4.0.tgz"},"directories":{}},"0.5.0":{"name":"atom-space-pen-views","version":"0.5.0","description":"Atom SpacePen views that used to live in core.","main":"./lib/main","scripts":{},"repository":{"type":"git","url":"https://github.com/atom/atom-space-pen-views.git"},"bugs":{"url":"https://github.com/atom/atom-space-pen-views/issues"},"licenses":[{"type":"MIT","url":"http://github.com/atom/atom-space-pen-views/raw/master/LICENSE.md"}],"dependencies":{"fuzzaldrin":"^2.1.0","grim":"^0.12.0"},"devDependencies":{"coffee-script":"^1.7.0","jasmine-focused":"^1.0.4","grunt-contrib-coffee":"^0.9.0","grunt-cli":"^0.1.8","grunt":"^0.4.1","grunt-shell":"^0.2.2","grunt-coffeelint":"^0.0.6","rimraf":"^2.2.2","coffee-cache":"^0.2.0","temp":"^0.6.0"},"gitHead":"4ce324415be18d81c2f06958abd98a659e018ac9","homepage":"https://github.com/atom/atom-space-pen-views","_id":"atom-space-pen-views@0.5.0","_shasum":"dda2aca056bf103fda54627788a63142ccffed62","_from":".","_npmVersion":"1.4.23","_npmUser":{"name":"nathansobo","email":"nathan@github.com"},"maintainers":[{"name":"nathansobo","email":"nathan@github.com"},{"name":"benogle","email":"ogle.ben@gmail.com"},{"name":"kevinsawicki","email":"kevinsawicki@gmail.com"}],"dist":{"shasum":"dda2aca056bf103fda54627788a63142ccffed62","tarball":"https://registry.npmjs.org/atom-space-pen-views/-/atom-space-pen-views-0.5.0.tgz"},"directories":{}},"0.6.0":{"name":"atom-space-pen-views","version":"0.6.0","description":"Atom SpacePen views that used to live in core.","main":"./lib/main","scripts":{},"repository":{"type":"git","url":"https://github.com/atom/atom-space-pen-views.git"},"bugs":{"url":"https://github.com/atom/atom-space-pen-views/issues"},"licenses":[{"type":"MIT","url":"http://github.com/atom/atom-space-pen-views/raw/master/LICENSE.md"}],"dependencies":{"fuzzaldrin":"^2.1.0","grim":"^0.12.0"},"devDependencies":{"coffee-script":"^1.7.0","jasmine-focused":"^1.0.4","grunt-contrib-coffee":"^0.9.0","grunt-cli":"^0.1.8","grunt":"^0.4.1","grunt-shell":"^0.2.2","grunt-coffeelint":"^0.0.6","rimraf":"^2.2.2","coffee-cache":"^0.2.0","temp":"^0.6.0"},"gitHead":"4d61d5ce459a7ba072f02974d1d148080363969d","homepage":"https://github.com/atom/atom-space-pen-views","_id":"atom-space-pen-views@0.6.0","_shasum":"d931e3c683a9b0e157a693df3dde537d8f8c1b06","_from":".","_npmVersion":"1.4.23","_npmUser":{"name":"nathansobo","email":"nathan@github.com"},"maintainers":[{"name":"nathansobo","email":"nathan@github.com"},{"name":"benogle","email":"ogle.ben@gmail.com"},{"name":"kevinsawicki","email":"kevinsawicki@gmail.com"}],"dist":{"shasum":"d931e3c683a9b0e157a693df3dde537d8f8c1b06","tarball":"https://registry.npmjs.org/atom-space-pen-views/-/atom-space-pen-views-0.6.0.tgz"},"directories":{}},"0.7.0":{"name":"atom-space-pen-views","version":"0.7.0","description":"Atom SpacePen views that used to live in core.","main":"./lib/main","scripts":{},"repository":{"type":"git","url":"https://github.com/atom/atom-space-pen-views.git"},"bugs":{"url":"https://github.com/atom/atom-space-pen-views/issues"},"licenses":[{"type":"MIT","url":"http://github.com/atom/atom-space-pen-views/raw/master/LICENSE.md"}],"dependencies":{"fuzzaldrin":"^2.1.0","grim":"^0.12.0","space-pen":"^4.0.0"},"devDependencies":{"coffee-script":"^1.7.0","jasmine-focused":"^1.0.4","grunt-contrib-coffee":"^0.9.0","grunt-cli":"^0.1.8","grunt":"^0.4.1","grunt-shell":"^0.2.2","grunt-coffeelint":"^0.0.6","rimraf":"^2.2.2","coffee-cache":"^0.2.0","temp":"^0.6.0"},"gitHead":"331cf48490a698e265686ac10031ee9f34f29742","homepage":"https://github.com/atom/atom-space-pen-views","_id":"atom-space-pen-views@0.7.0","_shasum":"1f2a948d7e942bd0a53d9d60cf59a10d2f7a9b32","_from":".","_npmVersion":"1.4.23","_npmUser":{"name":"nathansobo","email":"nathan@github.com"},"maintainers":[{"name":"nathansobo","email":"nathan@github.com"},{"name":"benogle","email":"ogle.ben@gmail.com"},{"name":"kevinsawicki","email":"kevinsawicki@gmail.com"}],"dist":{"shasum":"1f2a948d7e942bd0a53d9d60cf59a10d2f7a9b32","tarball":"https://registry.npmjs.org/atom-space-pen-views/-/atom-space-pen-views-0.7.0.tgz"},"directories":{}},"0.8.0":{"name":"atom-space-pen-views","version":"0.8.0","description":"Atom SpacePen views that used to live in core.","main":"./lib/main","scripts":{},"repository":{"type":"git","url":"https://github.com/atom/atom-space-pen-views.git"},"bugs":{"url":"https://github.com/atom/atom-space-pen-views/issues"},"licenses":[{"type":"MIT","url":"http://github.com/atom/atom-space-pen-views/raw/master/LICENSE.md"}],"dependencies":{"fuzzaldrin":"^2.1.0","grim":"^0.12.0","space-pen":"^4.0.2"},"devDependencies":{"coffee-script":"^1.7.0","jasmine-focused":"^1.0.4","grunt-contrib-coffee":"^0.9.0","grunt-cli":"^0.1.8","grunt":"^0.4.1","grunt-shell":"^0.2.2","grunt-coffeelint":"^0.0.6","rimraf":"^2.2.2","coffee-cache":"^0.2.0","temp":"^0.6.0"},"gitHead":"776c0eb0f9b960e1bba4b2ba66f0a4dcfab401b9","homepage":"https://github.com/atom/atom-space-pen-views","_id":"atom-space-pen-views@0.8.0","_shasum":"7cfa29e38bef0390c70d9fb6e87939fa2b43d9e7","_from":".","_npmVersion":"1.4.23","_npmUser":{"name":"nathansobo","email":"nathan@github.com"},"maintainers":[{"name":"nathansobo","email":"nathan@github.com"},{"name":"benogle","email":"ogle.ben@gmail.com"},{"name":"kevinsawicki","email":"kevinsawicki@gmail.com"}],"dist":{"shasum":"7cfa29e38bef0390c70d9fb6e87939fa2b43d9e7","tarball":"https://registry.npmjs.org/atom-space-pen-views/-/atom-space-pen-views-0.8.0.tgz"},"directories":{}},"0.9.0":{"name":"atom-space-pen-views","version":"0.9.0","description":"Atom SpacePen views that used to live in core.","main":"./lib/main","scripts":{},"repository":{"type":"git","url":"https://github.com/atom/atom-space-pen-views.git"},"bugs":{"url":"https://github.com/atom/atom-space-pen-views/issues"},"licenses":[{"type":"MIT","url":"http://github.com/atom/atom-space-pen-views/raw/master/LICENSE.md"}],"dependencies":{"fuzzaldrin":"^2.1.0","grim":"^0.12.0","space-pen":"^4.1.0"},"devDependencies":{"coffee-script":"^1.7.0","jasmine-focused":"^1.0.4","grunt-contrib-coffee":"^0.9.0","grunt-cli":"^0.1.8","grunt":"^0.4.1","grunt-shell":"^0.2.2","grunt-coffeelint":"^0.0.6","rimraf":"^2.2.2","coffee-cache":"^0.2.0","temp":"^0.6.0"},"gitHead":"9aa6450e515b1c2aeffc459156e9a08073cbd288","homepage":"https://github.com/atom/atom-space-pen-views","_id":"atom-space-pen-views@0.9.0","_shasum":"5a99ee4ac1608db8d92787e591199b2d5a4fa39d","_from":".","_npmVersion":"1.4.23","_npmUser":{"name":"nathansobo","email":"nathan@github.com"},"maintainers":[{"name":"nathansobo","email":"nathan@github.com"},{"name":"benogle","email":"ogle.ben@gmail.com"},{"name":"kevinsawicki","email":"kevinsawicki@gmail.com"}],"dist":{"shasum":"5a99ee4ac1608db8d92787e591199b2d5a4fa39d","tarball":"https://registry.npmjs.org/atom-space-pen-views/-/atom-space-pen-views-0.9.0.tgz"},"directories":{}},"0.10.0":{"name":"atom-space-pen-views","version":"0.10.0","description":"Atom SpacePen views that used to live in core.","main":"./lib/main","scripts":{},"repository":{"type":"git","url":"https://github.com/atom/atom-space-pen-views.git"},"bugs":{"url":"https://github.com/atom/atom-space-pen-views/issues"},"licenses":[{"type":"MIT","url":"http://github.com/atom/atom-space-pen-views/raw/master/LICENSE.md"}],"dependencies":{"fuzzaldrin":"^2.1.0","grim":"^0.12.0","space-pen":"^4.1.0"},"devDependencies":{"coffee-script":"^1.7.0","jasmine-focused":"^1.0.4","grunt-contrib-coffee":"^0.9.0","grunt-cli":"^0.1.8","grunt":"^0.4.1","grunt-shell":"^0.2.2","grunt-coffeelint":"^0.0.6","rimraf":"^2.2.2","coffee-cache":"^0.2.0","temp":"^0.6.0"},"gitHead":"bf496a8fa1ba7e88a7c590f4790c148bd861db29","homepage":"https://github.com/atom/atom-space-pen-views","_id":"atom-space-pen-views@0.10.0","_shasum":"3efed9951f8e27ecd9da4b7c6a53d3f1e47f654e","_from":".","_npmVersion":"1.4.23","_npmUser":{"name":"nathansobo","email":"nathan@github.com"},"maintainers":[{"name":"nathansobo","email":"nathan@github.com"},{"name":"benogle","email":"ogle.ben@gmail.com"},{"name":"kevinsawicki","email":"kevinsawicki@gmail.com"}],"dist":{"shasum":"3efed9951f8e27ecd9da4b7c6a53d3f1e47f654e","tarball":"https://registry.npmjs.org/atom-space-pen-views/-/atom-space-pen-views-0.10.0.tgz"},"directories":{}},"0.11.0":{"name":"atom-space-pen-views","version":"0.11.0","description":"Atom SpacePen views that used to live in core.","main":"./lib/main","scripts":{},"repository":{"type":"git","url":"https://github.com/atom/atom-space-pen-views.git"},"bugs":{"url":"https://github.com/atom/atom-space-pen-views/issues"},"licenses":[{"type":"MIT","url":"http://github.com/atom/atom-space-pen-views/raw/master/LICENSE.md"}],"dependencies":{"fuzzaldrin":"^2.1.0","grim":"^0.12.0","space-pen":"^4.1.1"},"devDependencies":{"coffee-script":"^1.7.0","jasmine-focused":"^1.0.4","grunt-contrib-coffee":"^0.9.0","grunt-cli":"^0.1.8","grunt":"^0.4.1","grunt-shell":"^0.2.2","grunt-coffeelint":"^0.0.6","rimraf":"^2.2.2","coffee-cache":"^0.2.0","temp":"^0.6.0"},"gitHead":"d3244a2a9f39031a73e70372ecd2fd64a200f11f","homepage":"https://github.com/atom/atom-space-pen-views","_id":"atom-space-pen-views@0.11.0","_shasum":"4963b92de3a13fc8172bb5ac5437e31e24346b6f","_from":".","_npmVersion":"1.4.23","_npmUser":{"name":"nathansobo","email":"nathan@github.com"},"maintainers":[{"name":"nathansobo","email":"nathan@github.com"},{"name":"benogle","email":"ogle.ben@gmail.com"},{"name":"kevinsawicki","email":"kevinsawicki@gmail.com"}],"dist":{"shasum":"4963b92de3a13fc8172bb5ac5437e31e24346b6f","tarball":"https://registry.npmjs.org/atom-space-pen-views/-/atom-space-pen-views-0.11.0.tgz"},"directories":{}},"0.13.0":{"name":"atom-space-pen-views","version":"0.13.0","description":"Atom SpacePen views that used to live in core.","main":"./lib/main","scripts":{},"repository":{"type":"git","url":"https://github.com/atom/atom-space-pen-views.git"},"bugs":{"url":"https://github.com/atom/atom-space-pen-views/issues"},"licenses":[{"type":"MIT","url":"http://github.com/atom/atom-space-pen-views/raw/master/LICENSE.md"}],"dependencies":{"fuzzaldrin":"^2.1.0","grim":"^0.12.0","space-pen":"^4.1.1"},"devDependencies":{"coffee-script":"^1.7.0","jasmine-focused":"^1.0.4","grunt-contrib-coffee":"^0.9.0","grunt-cli":"^0.1.8","grunt":"^0.4.1","grunt-shell":"^0.2.2","grunt-coffeelint":"^0.0.6","rimraf":"^2.2.2","coffee-cache":"^0.2.0","temp":"^0.6.0"},"gitHead":"742768be175def710419462b7b7d1785bb99055f","homepage":"https://github.com/atom/atom-space-pen-views","_id":"atom-space-pen-views@0.13.0","_shasum":"264c63d3667fa39bbeff5b354dae8da4a6f1fa17","_from":".","_npmVersion":"1.4.23","_npmUser":{"name":"nathansobo","email":"nathan@github.com"},"maintainers":[{"name":"nathansobo","email":"nathan@github.com"},{"name":"benogle","email":"ogle.ben@gmail.com"},{"name":"kevinsawicki","email":"kevinsawicki@gmail.com"}],"dist":{"shasum":"264c63d3667fa39bbeff5b354dae8da4a6f1fa17","tarball":"https://registry.npmjs.org/atom-space-pen-views/-/atom-space-pen-views-0.13.0.tgz"},"directories":{}},"0.14.0":{"name":"atom-space-pen-views","version":"0.14.0","description":"Atom SpacePen views that used to live in core.","main":"./lib/main","scripts":{},"repository":{"type":"git","url":"https://github.com/atom/atom-space-pen-views.git"},"bugs":{"url":"https://github.com/atom/atom-space-pen-views/issues"},"licenses":[{"type":"MIT","url":"http://github.com/atom/atom-space-pen-views/raw/master/LICENSE.md"}],"dependencies":{"fuzzaldrin":"^2.1.0","grim":"^0.12.0","space-pen":"^4.1.1"},"devDependencies":{"coffee-script":"^1.7.0","jasmine-focused":"^1.0.4","grunt-contrib-coffee":"^0.9.0","grunt-cli":"^0.1.8","grunt":"^0.4.1","grunt-shell":"^0.2.2","grunt-coffeelint":"^0.0.6","rimraf":"^2.2.2","coffee-cache":"^0.2.0","temp":"^0.6.0"},"gitHead":"be449b1435bafa5ed458d6517de5c5f28c97fbcb","homepage":"https://github.com/atom/atom-space-pen-views","_id":"atom-space-pen-views@0.14.0","_shasum":"55251cfee4611949a976f0bcae75b2fc89064d11","_from":".","_npmVersion":"1.4.23","_npmUser":{"name":"nathansobo","email":"nathan@github.com"},"maintainers":[{"name":"nathansobo","email":"nathan@github.com"},{"name":"benogle","email":"ogle.ben@gmail.com"},{"name":"kevinsawicki","email":"kevinsawicki@gmail.com"}],"dist":{"shasum":"55251cfee4611949a976f0bcae75b2fc89064d11","tarball":"https://registry.npmjs.org/atom-space-pen-views/-/atom-space-pen-views-0.14.0.tgz"},"directories":{}},"0.15.0":{"name":"atom-space-pen-views","version":"0.15.0","description":"Atom SpacePen views that used to live in core.","main":"./lib/main","scripts":{},"repository":{"type":"git","url":"https://github.com/atom/atom-space-pen-views.git"},"bugs":{"url":"https://github.com/atom/atom-space-pen-views/issues"},"licenses":[{"type":"MIT","url":"http://github.com/atom/atom-space-pen-views/raw/master/LICENSE.md"}],"dependencies":{"fuzzaldrin":"^2.1.0","grim":"^0.12.0","space-pen":"^4.1.1"},"devDependencies":{"coffee-script":"^1.7.0","jasmine-focused":"^1.0.4","grunt-contrib-coffee":"^0.9.0","grunt-cli":"^0.1.8","grunt":"^0.4.1","grunt-shell":"^0.2.2","grunt-coffeelint":"^0.0.6","rimraf":"^2.2.2","coffee-cache":"^0.2.0","temp":"^0.6.0"},"gitHead":"38d1b933d8c287f429e25494e2f82d790443a2a3","homepage":"https://github.com/atom/atom-space-pen-views","_id":"atom-space-pen-views@0.15.0","_shasum":"594a656d4593c1af2062a97f1219005d8d311021","_from":".","_npmVersion":"1.4.23","_npmUser":{"name":"nathansobo","email":"nathan@github.com"},"maintainers":[{"name":"nathansobo","email":"nathan@github.com"},{"name":"benogle","email":"ogle.ben@gmail.com"},{"name":"kevinsawicki","email":"kevinsawicki@gmail.com"}],"dist":{"shasum":"594a656d4593c1af2062a97f1219005d8d311021","tarball":"https://registry.npmjs.org/atom-space-pen-views/-/atom-space-pen-views-0.15.0.tgz"},"directories":{}},"0.16.0":{"name":"atom-space-pen-views","version":"0.16.0","description":"Atom SpacePen views that used to live in core.","main":"./lib/main","scripts":{},"repository":{"type":"git","url":"https://github.com/atom/atom-space-pen-views.git"},"bugs":{"url":"https://github.com/atom/atom-space-pen-views/issues"},"licenses":[{"type":"MIT","url":"http://github.com/atom/atom-space-pen-views/raw/master/LICENSE.md"}],"dependencies":{"fuzzaldrin":"^2.1.0","grim":"^0.12.0","space-pen":"^4.1.1"},"devDependencies":{"coffee-script":"^1.7.0","jasmine-focused":"^1.0.4","grunt-contrib-coffee":"^0.9.0","grunt-cli":"^0.1.8","grunt":"^0.4.1","grunt-shell":"^0.2.2","grunt-coffeelint":"^0.0.6","rimraf":"^2.2.2","coffee-cache":"^0.2.0","temp":"^0.6.0"},"gitHead":"65ba384aa1094c0ac07a89f524ae0daa40dc1a87","homepage":"https://github.com/atom/atom-space-pen-views","_id":"atom-space-pen-views@0.16.0","_shasum":"73ce03fb582e9af608c47499ba84e63a9ce844e3","_from":".","_npmVersion":"1.4.23","_npmUser":{"name":"nathansobo","email":"nathan@github.com"},"maintainers":[{"name":"nathansobo","email":"nathan@github.com"},{"name":"benogle","email":"ogle.ben@gmail.com"},{"name":"kevinsawicki","email":"kevinsawicki@gmail.com"},{"name":"maxbrunsfeld","email":"maxbrunsfeld@gmail.com"}],"dist":{"shasum":"73ce03fb582e9af608c47499ba84e63a9ce844e3","tarball":"https://registry.npmjs.org/atom-space-pen-views/-/atom-space-pen-views-0.16.0.tgz"},"directories":{}},"0.17.0":{"name":"atom-space-pen-views","version":"0.17.0","description":"Atom SpacePen views that used to live in core.","main":"./lib/main","scripts":{},"repository":{"type":"git","url":"https://github.com/atom/atom-space-pen-views.git"},"bugs":{"url":"https://github.com/atom/atom-space-pen-views/issues"},"licenses":[{"type":"MIT","url":"http://github.com/atom/atom-space-pen-views/raw/master/LICENSE.md"}],"dependencies":{"fuzzaldrin":"^2.1.0","grim":"^0.12.0","space-pen":"^4.1.1"},"devDependencies":{"coffee-script":"^1.7.0","jasmine-focused":"^1.0.4","grunt-contrib-coffee":"^0.9.0","grunt-cli":"^0.1.8","grunt":"^0.4.1","grunt-shell":"^0.2.2","grunt-coffeelint":"^0.0.6","rimraf":"^2.2.2","coffee-cache":"^0.2.0","temp":"^0.6.0"},"gitHead":"50a16d5424f6564146957e84e4a66d8465ff345c","homepage":"https://github.com/atom/atom-space-pen-views","_id":"atom-space-pen-views@0.17.0","_shasum":"575acc87821cf55b0584f4cec0e44f1323f49cf2","_from":".","_npmVersion":"1.4.23","_npmUser":{"name":"nathansobo","email":"nathan@github.com"},"maintainers":[{"name":"nathansobo","email":"nathan@github.com"},{"name":"benogle","email":"ogle.ben@gmail.com"},{"name":"kevinsawicki","email":"kevinsawicki@gmail.com"},{"name":"maxbrunsfeld","email":"maxbrunsfeld@gmail.com"}],"dist":{"shasum":"575acc87821cf55b0584f4cec0e44f1323f49cf2","tarball":"https://registry.npmjs.org/atom-space-pen-views/-/atom-space-pen-views-0.17.0.tgz"},"directories":{}},"0.18.0":{"name":"atom-space-pen-views","version":"0.18.0","description":"Atom SpacePen views that used to live in core.","main":"./lib/main","scripts":{},"repository":{"type":"git","url":"https://github.com/atom/atom-space-pen-views.git"},"bugs":{"url":"https://github.com/atom/atom-space-pen-views/issues"},"licenses":[{"type":"MIT","url":"http://github.com/atom/atom-space-pen-views/raw/master/LICENSE.md"}],"dependencies":{"fuzzaldrin":"^2.1.0","grim":"^0.12.0","space-pen":"^4.2.1"},"devDependencies":{"coffee-script":"^1.7.0","jasmine-focused":"^1.0.4","grunt-contrib-coffee":"^0.9.0","grunt-cli":"^0.1.8","grunt":"^0.4.1","grunt-shell":"^0.2.2","grunt-coffeelint":"^0.0.6","rimraf":"^2.2.2","coffee-cache":"^0.2.0","temp":"^0.6.0"},"gitHead":"c4dcae1e5c0591665a99a453ced1a215acf0d878","homepage":"https://github.com/atom/atom-space-pen-views","_id":"atom-space-pen-views@0.18.0","_shasum":"d7e372e1c327bb35ef5496c8adddfa8a242d71eb","_from":".","_npmVersion":"1.4.23","_npmUser":{"name":"nathansobo","email":"nathan@github.com"},"maintainers":[{"name":"nathansobo","email":"nathan@github.com"},{"name":"benogle","email":"ogle.ben@gmail.com"},{"name":"kevinsawicki","email":"kevinsawicki@gmail.com"},{"name":"maxbrunsfeld","email":"maxbrunsfeld@gmail.com"}],"dist":{"shasum":"d7e372e1c327bb35ef5496c8adddfa8a242d71eb","tarball":"https://registry.npmjs.org/atom-space-pen-views/-/atom-space-pen-views-0.18.0.tgz"},"directories":{}},"0.19.0":{"name":"atom-space-pen-views","version":"0.19.0","description":"Atom SpacePen views that used to live in core.","main":"./lib/main","scripts":{},"repository":{"type":"git","url":"https://github.com/atom/atom-space-pen-views.git"},"bugs":{"url":"https://github.com/atom/atom-space-pen-views/issues"},"licenses":[{"type":"MIT","url":"http://github.com/atom/atom-space-pen-views/raw/master/LICENSE.md"}],"dependencies":{"fuzzaldrin":"^2.1.0","grim":"^0.12.0","space-pen":"^4.2.2"},"devDependencies":{"coffee-script":"^1.7.0","jasmine-focused":"^1.0.4","grunt-contrib-coffee":"^0.9.0","grunt-cli":"^0.1.8","grunt":"^0.4.1","grunt-shell":"^0.2.2","grunt-coffeelint":"^0.0.6","rimraf":"^2.2.2","coffee-cache":"^0.2.0","temp":"^0.6.0"},"gitHead":"8da5806990d2c6fce6e1d02b4842ec38c2767c0c","homepage":"https://github.com/atom/atom-space-pen-views","_id":"atom-space-pen-views@0.19.0","_shasum":"31ddba42745fa63ddc6f23cefc3bd1aae281bc8f","_from":".","_npmVersion":"1.4.23","_npmUser":{"name":"nathansobo","email":"nathan@github.com"},"maintainers":[{"name":"nathansobo","email":"nathan@github.com"},{"name":"benogle","email":"ogle.ben@gmail.com"},{"name":"kevinsawicki","email":"kevinsawicki@gmail.com"},{"name":"maxbrunsfeld","email":"maxbrunsfeld@gmail.com"}],"dist":{"shasum":"31ddba42745fa63ddc6f23cefc3bd1aae281bc8f","tarball":"https://registry.npmjs.org/atom-space-pen-views/-/atom-space-pen-views-0.19.0.tgz"},"directories":{}},"0.20.0":{"name":"atom-space-pen-views","version":"0.20.0","description":"Atom SpacePen views that used to live in core.","main":"./lib/main","scripts":{},"repository":{"type":"git","url":"https://github.com/atom/atom-space-pen-views.git"},"bugs":{"url":"https://github.com/atom/atom-space-pen-views/issues"},"licenses":[{"type":"MIT","url":"http://github.com/atom/atom-space-pen-views/raw/master/LICENSE.md"}],"dependencies":{"fuzzaldrin":"^2.1.0","grim":"^0.12.0","space-pen":"^4.2.2"},"devDependencies":{"coffee-script":"^1.7.0","jasmine-focused":"^1.0.4","grunt-contrib-coffee":"^0.9.0","grunt-cli":"^0.1.8","grunt":"^0.4.1","grunt-shell":"^0.2.2","grunt-coffeelint":"^0.0.6","rimraf":"^2.2.2","coffee-cache":"^0.2.0","temp":"^0.6.0"},"gitHead":"cbb2f0d2e1b3295f5a56388fdd61850ccf1b531f","homepage":"https://github.com/atom/atom-space-pen-views","_id":"atom-space-pen-views@0.20.0","_shasum":"552401bc4324a85772b20e96aac0a4650be937de","_from":".","_npmVersion":"1.4.23","_npmUser":{"name":"nathansobo","email":"nathan@github.com"},"maintainers":[{"name":"nathansobo","email":"nathan@github.com"},{"name":"benogle","email":"ogle.ben@gmail.com"},{"name":"kevinsawicki","email":"kevinsawicki@gmail.com"},{"name":"maxbrunsfeld","email":"maxbrunsfeld@gmail.com"}],"dist":{"shasum":"552401bc4324a85772b20e96aac0a4650be937de","tarball":"https://registry.npmjs.org/atom-space-pen-views/-/atom-space-pen-views-0.20.0.tgz"},"directories":{}},"0.21.0":{"name":"atom-space-pen-views","version":"0.21.0","description":"Atom SpacePen views that used to live in core.","main":"./lib/main","scripts":{},"repository":{"type":"git","url":"https://github.com/atom/atom-space-pen-views.git"},"bugs":{"url":"https://github.com/atom/atom-space-pen-views/issues"},"licenses":[{"type":"MIT","url":"http://github.com/atom/atom-space-pen-views/raw/master/LICENSE.md"}],"dependencies":{"fuzzaldrin":"^2.1.0","grim":"^0.12.0","space-pen":"^4.3.0"},"devDependencies":{"coffee-script":"^1.7.0","jasmine-focused":"^1.0.4","grunt-contrib-coffee":"^0.9.0","grunt-cli":"^0.1.8","grunt":"^0.4.1","grunt-shell":"^0.2.2","grunt-coffeelint":"^0.0.6","rimraf":"^2.2.2","coffee-cache":"^0.2.0","temp":"^0.6.0"},"gitHead":"c9d2dff2aa5d3acc89b5ab16ad2b69721c6d0034","homepage":"https://github.com/atom/atom-space-pen-views","_id":"atom-space-pen-views@0.21.0","_shasum":"4a281b0c795e4e06c9728fb7470d2e5314a50424","_from":".","_npmVersion":"1.4.23","_npmUser":{"name":"nathansobo","email":"nathan@github.com"},"maintainers":[{"name":"nathansobo","email":"nathan@github.com"},{"name":"benogle","email":"ogle.ben@gmail.com"},{"name":"kevinsawicki","email":"kevinsawicki@gmail.com"},{"name":"maxbrunsfeld","email":"maxbrunsfeld@gmail.com"}],"dist":{"shasum":"4a281b0c795e4e06c9728fb7470d2e5314a50424","tarball":"https://registry.npmjs.org/atom-space-pen-views/-/atom-space-pen-views-0.21.0.tgz"},"directories":{}},"1.0.0":{"name":"atom-space-pen-views","version":"1.0.0","description":"Atom SpacePen views that used to live in core.","main":"./lib/main","scripts":{},"repository":{"type":"git","url":"https://github.com/atom/atom-space-pen-views.git"},"bugs":{"url":"https://github.com/atom/atom-space-pen-views/issues"},"licenses":[{"type":"MIT","url":"http://github.com/atom/atom-space-pen-views/raw/master/LICENSE.md"}],"dependencies":{"fuzzaldrin":"^2.1.0","grim":"^1.0.0","space-pen":"^4.3.0"},"devDependencies":{"coffee-script":"^1.7.0","jasmine-focused":"^1.0.4","grunt-contrib-coffee":"^0.9.0","grunt-cli":"^0.1.8","grunt":"^0.4.1","grunt-shell":"^0.2.2","grunt-coffeelint":"^0.0.6","rimraf":"^2.2.2","coffee-cache":"^0.2.0","temp":"^0.6.0"},"gitHead":"728ed56a53c322336e8f9ca0953863057d3c46e6","homepage":"https://github.com/atom/atom-space-pen-views","_id":"atom-space-pen-views@1.0.0","_shasum":"3bc6d101155c155cf5699b08a792c0521cee03cb","_from":".","_npmVersion":"1.4.28","_npmUser":{"name":"nathansobo","email":"nathan@github.com"},"maintainers":[{"name":"nathansobo","email":"nathan@github.com"},{"name":"benogle","email":"ogle.ben@gmail.com"},{"name":"kevinsawicki","email":"kevinsawicki@gmail.com"},{"name":"maxbrunsfeld","email":"maxbrunsfeld@gmail.com"}],"dist":{"shasum":"3bc6d101155c155cf5699b08a792c0521cee03cb","tarball":"https://registry.npmjs.org/atom-space-pen-views/-/atom-space-pen-views-1.0.0.tgz"},"directories":{}},"2.0.0":{"name":"atom-space-pen-views","version":"2.0.0","description":"Atom SpacePen views that used to live in core.","main":"./lib/main","scripts":{},"repository":{"type":"git","url":"https://github.com/atom/atom-space-pen-views.git"},"bugs":{"url":"https://github.com/atom/atom-space-pen-views/issues"},"licenses":[{"type":"MIT","url":"http://github.com/atom/atom-space-pen-views/raw/master/LICENSE.md"}],"dependencies":{"fuzzaldrin":"^2.1.0","grim":"^1.0.0","space-pen":"^5.0.0"},"devDependencies":{"coffee-script":"^1.7.0","jasmine-focused":"^1.0.4","grunt-contrib-coffee":"^0.9.0","grunt-cli":"^0.1.8","grunt":"^0.4.1","grunt-shell":"^0.2.2","grunt-coffeelint":"^0.0.6","rimraf":"^2.2.2","coffee-cache":"^0.2.0","temp":"^0.6.0"},"gitHead":"f2cebf47e493a22cc1f7041f13ec305978e35719","homepage":"https://github.com/atom/atom-space-pen-views","_id":"atom-space-pen-views@2.0.0","_shasum":"d77f43d9e136a207a7c4f19e1fe5a3e80c671826","_from":".","_npmVersion":"1.4.28","_npmUser":{"name":"nathansobo","email":"nathan@github.com"},"maintainers":[{"name":"nathansobo","email":"nathan@github.com"},{"name":"benogle","email":"ogle.ben@gmail.com"},{"name":"kevinsawicki","email":"kevinsawicki@gmail.com"},{"name":"maxbrunsfeld","email":"maxbrunsfeld@gmail.com"}],"dist":{"shasum":"d77f43d9e136a207a7c4f19e1fe5a3e80c671826","tarball":"https://registry.npmjs.org/atom-space-pen-views/-/atom-space-pen-views-2.0.0.tgz"},"directories":{}},"2.0.1":{"name":"atom-space-pen-views","version":"2.0.1","description":"Atom SpacePen views that used to live in core.","main":"./lib/main","scripts":{},"repository":{"type":"git","url":"https://github.com/atom/atom-space-pen-views.git"},"bugs":{"url":"https://github.com/atom/atom-space-pen-views/issues"},"licenses":[{"type":"MIT","url":"http://github.com/atom/atom-space-pen-views/raw/master/LICENSE.md"}],"dependencies":{"fuzzaldrin":"^2.1.0","grim":"^1.0.0","space-pen":"^5.0.0"},"devDependencies":{"coffee-script":"^1.7.0","jasmine-focused":"^1.0.4","grunt-contrib-coffee":"^0.9.0","grunt-cli":"^0.1.8","grunt":"^0.4.1","grunt-shell":"^0.2.2","grunt-coffeelint":"^0.0.6","rimraf":"^2.2.2","coffee-cache":"^0.2.0","temp":"^0.6.0"},"gitHead":"dd6e395ec8352ecd21aca8e36ac19f3dfff15ada","homepage":"https://github.com/atom/atom-space-pen-views","_id":"atom-space-pen-views@2.0.1","_shasum":"0a86e99d434c38ceaf7c35bb9036e8119b926f9a","_from":".","_npmVersion":"1.4.28","_npmUser":{"name":"nathansobo","email":"nathan@github.com"},"maintainers":[{"name":"nathansobo","email":"nathan@github.com"},{"name":"benogle","email":"ogle.ben@gmail.com"},{"name":"kevinsawicki","email":"kevinsawicki@gmail.com"},{"name":"maxbrunsfeld","email":"maxbrunsfeld@gmail.com"}],"dist":{"shasum":"0a86e99d434c38ceaf7c35bb9036e8119b926f9a","tarball":"https://registry.npmjs.org/atom-space-pen-views/-/atom-space-pen-views-2.0.1.tgz"},"directories":{}},"2.0.2":{"name":"atom-space-pen-views","version":"2.0.2","description":"Atom SpacePen views that used to live in core.","main":"./lib/main","scripts":{},"repository":{"type":"git","url":"https://github.com/atom/atom-space-pen-views.git"},"bugs":{"url":"https://github.com/atom/atom-space-pen-views/issues"},"licenses":[{"type":"MIT","url":"http://github.com/atom/atom-space-pen-views/raw/master/LICENSE.md"}],"dependencies":{"fuzzaldrin":"^2.1.0","grim":"^1.0.0","space-pen":"^5.0.1"},"devDependencies":{"coffee-script":"^1.7.0","jasmine-focused":"^1.0.4","grunt-contrib-coffee":"^0.9.0","grunt-cli":"^0.1.8","grunt":"^0.4.1","grunt-shell":"^0.2.2","grunt-coffeelint":"^0.0.6","rimraf":"^2.2.2","coffee-cache":"^0.2.0","temp":"^0.6.0"},"gitHead":"c02b4aa42e8ebb0146ec6bb9c2808d21ea5afa93","homepage":"https://github.com/atom/atom-space-pen-views","_id":"atom-space-pen-views@2.0.2","_shasum":"b1fc5ec4e73964fad126df153980c15223a4b6ea","_from":".","_npmVersion":"1.4.28","_npmUser":{"name":"nathansobo","email":"nathan@github.com"},"maintainers":[{"name":"nathansobo","email":"nathan@github.com"},{"name":"benogle","email":"ogle.ben@gmail.com"},{"name":"kevinsawicki","email":"kevinsawicki@gmail.com"},{"name":"maxbrunsfeld","email":"maxbrunsfeld@gmail.com"}],"dist":{"shasum":"b1fc5ec4e73964fad126df153980c15223a4b6ea","tarball":"https://registry.npmjs.org/atom-space-pen-views/-/atom-space-pen-views-2.0.2.tgz"},"directories":{}},"2.0.3":{"name":"atom-space-pen-views","version":"2.0.3","description":"Atom SpacePen views that used to live in core.","main":"./lib/main","scripts":{"prepublish":"grunt clean lint coffee"},"repository":{"type":"git","url":"https://github.com/atom/atom-space-pen-views.git"},"bugs":{"url":"https://github.com/atom/atom-space-pen-views/issues"},"licenses":[{"type":"MIT","url":"http://github.com/atom/atom-space-pen-views/raw/master/LICENSE.md"}],"dependencies":{"fuzzaldrin":"^2.1.0","grim":"^1.0.0","space-pen":"^5.0.1"},"devDependencies":{"coffee-script":"^1.7.0","jasmine-focused":"^1.0.4","grunt-contrib-coffee":"^0.9.0","grunt-cli":"^0.1.8","grunt":"^0.4.1","grunt-coffeelint":"^0.0.6","rimraf":"^2.2.2","coffee-cache":"^0.2.0","temp":"^0.6.0"},"gitHead":"dc797a4547ca94429bdec8fd1ad3f573ae179f80","homepage":"https://github.com/atom/atom-space-pen-views","_id":"atom-space-pen-views@2.0.3","_shasum":"1310bd62459d7694a5939ff5ec3c62b060bae587","_from":".","_npmVersion":"1.4.28","_npmUser":{"name":"kevinsawicki","email":"kevinsawicki@gmail.com"},"maintainers":[{"name":"nathansobo","email":"nathan@github.com"},{"name":"benogle","email":"ogle.ben@gmail.com"},{"name":"kevinsawicki","email":"kevinsawicki@gmail.com"},{"name":"maxbrunsfeld","email":"maxbrunsfeld@gmail.com"}],"dist":{"shasum":"1310bd62459d7694a5939ff5ec3c62b060bae587","tarball":"https://registry.npmjs.org/atom-space-pen-views/-/atom-space-pen-views-2.0.3.tgz"},"directories":{}},"2.0.4":{"name":"atom-space-pen-views","version":"2.0.4","description":"Atom SpacePen views that used to live in core.","main":"./lib/main","scripts":{"prepublish":"grunt clean lint coffee"},"repository":{"type":"git","url":"https://github.com/atom/atom-space-pen-views.git"},"bugs":{"url":"https://github.com/atom/atom-space-pen-views/issues"},"licenses":[{"type":"MIT","url":"http://github.com/atom/atom-space-pen-views/raw/master/LICENSE.md"}],"dependencies":{"fuzzaldrin":"^2.1.0","grim":"^1.0.0","space-pen":"^5.0.1"},"devDependencies":{"coffee-script":"^1.7.0","jasmine-focused":"^1.0.4","grunt-contrib-coffee":"^0.9.0","grunt-cli":"^0.1.8","grunt":"^0.4.1","grunt-coffeelint":"^0.0.6","rimraf":"^2.2.2","coffee-cache":"^0.2.0","temp":"^0.6.0"},"gitHead":"c05388fe0988421c3400180a1df7b73ddc055ffa","homepage":"https://github.com/atom/atom-space-pen-views","_id":"atom-space-pen-views@2.0.4","_shasum":"9ce135c57fd762d39c1afcd1540a59f6947a25c7","_from":".","_npmVersion":"1.4.28","_npmUser":{"name":"kevinsawicki","email":"kevinsawicki@gmail.com"},"maintainers":[{"name":"nathansobo","email":"nathan@github.com"},{"name":"benogle","email":"ogle.ben@gmail.com"},{"name":"kevinsawicki","email":"kevinsawicki@gmail.com"},{"name":"maxbrunsfeld","email":"maxbrunsfeld@gmail.com"}],"dist":{"shasum":"9ce135c57fd762d39c1afcd1540a59f6947a25c7","tarball":"https://registry.npmjs.org/atom-space-pen-views/-/atom-space-pen-views-2.0.4.tgz"},"directories":{}},"2.0.5":{"name":"atom-space-pen-views","version":"2.0.5","description":"Atom SpacePen views that used to live in core.","main":"./lib/main","scripts":{"prepublish":"grunt clean lint coffee"},"repository":{"type":"git","url":"https://github.com/atom/atom-space-pen-views.git"},"bugs":{"url":"https://github.com/atom/atom-space-pen-views/issues"},"licenses":[{"type":"MIT","url":"http://github.com/atom/atom-space-pen-views/raw/master/LICENSE.md"}],"dependencies":{"fuzzaldrin":"^2.1.0","space-pen":"^5.0.1"},"devDependencies":{"coffee-script":"^1.7.0","jasmine-focused":"^1.0.4","grunt-contrib-coffee":"^0.9.0","grunt-cli":"^0.1.8","grunt":"^0.4.1","grunt-coffeelint":"^0.0.6","rimraf":"^2.2.2","coffee-cache":"^0.2.0","temp":"^0.6.0"},"gitHead":"0e5fc262cc62d453bbd6dce9ecaec5caddc553f9","homepage":"https://github.com/atom/atom-space-pen-views","_id":"atom-space-pen-views@2.0.5","_shasum":"4ef545a6ef396c8342717b0d9d2569577a2651f4","_from":".","_npmVersion":"1.4.28","_npmUser":{"name":"kevinsawicki","email":"kevinsawicki@gmail.com"},"maintainers":[{"name":"nathansobo","email":"nathan@github.com"},{"name":"benogle","email":"ogle.ben@gmail.com"},{"name":"kevinsawicki","email":"kevinsawicki@gmail.com"},{"name":"maxbrunsfeld","email":"maxbrunsfeld@gmail.com"}],"dist":{"shasum":"4ef545a6ef396c8342717b0d9d2569577a2651f4","tarball":"https://registry.npmjs.org/atom-space-pen-views/-/atom-space-pen-views-2.0.5.tgz"},"directories":{}},"2.1.0":{"name":"atom-space-pen-views","version":"2.1.0","description":"Atom SpacePen views that used to live in core.","main":"./lib/main","scripts":{"prepublish":"grunt clean lint coffee"},"repository":{"type":"git","url":"https://github.com/atom/atom-space-pen-views.git"},"bugs":{"url":"https://github.com/atom/atom-space-pen-views/issues"},"licenses":[{"type":"MIT","url":"http://github.com/atom/atom-space-pen-views/raw/master/LICENSE.md"}],"dependencies":{"fuzzaldrin":"^2.1.0","space-pen":"^5.0.1"},"devDependencies":{"coffee-script":"^1.7.0","jasmine-focused":"^1.0.4","grunt-contrib-coffee":"^0.9.0","grunt-cli":"^0.1.8","grunt":"^0.4.1","grunt-coffeelint":"^0.0.6","rimraf":"^2.2.2","coffee-cache":"^0.2.0","temp":"^0.6.0"},"gitHead":"75ccee886e723a7a4913a4286e089225eec8834d","homepage":"https://github.com/atom/atom-space-pen-views","_id":"atom-space-pen-views@2.1.0","_shasum":"688e73a04a1cc0f5a41c254c6875e72d58faffb1","_from":".","_npmVersion":"1.4.23","_npmUser":{"name":"benogle","email":"ogle.ben@gmail.com"},"maintainers":[{"name":"nathansobo","email":"nathan@github.com"},{"name":"benogle","email":"ogle.ben@gmail.com"},{"name":"kevinsawicki","email":"kevinsawicki@gmail.com"},{"name":"maxbrunsfeld","email":"maxbrunsfeld@gmail.com"}],"dist":{"shasum":"688e73a04a1cc0f5a41c254c6875e72d58faffb1","tarball":"https://registry.npmjs.org/atom-space-pen-views/-/atom-space-pen-views-2.1.0.tgz"},"directories":{}},"2.1.1":{"name":"atom-space-pen-views","version":"2.1.1","description":"Atom SpacePen views that used to live in core.","main":"./lib/main","scripts":{"prepublish":"grunt clean lint coffee"},"repository":{"type":"git","url":"git+https://github.com/atom/atom-space-pen-views.git"},"bugs":{"url":"https://github.com/atom/atom-space-pen-views/issues"},"licenses":[{"type":"MIT","url":"http://github.com/atom/atom-space-pen-views/raw/master/LICENSE.md"}],"dependencies":{"fuzzaldrin":"^2.1.0","space-pen":"^5.1.2"},"devDependencies":{"coffee-script":"^1.7.0","jasmine-focused":"^1.0.4","grunt-contrib-coffee":"^0.9.0","grunt-cli":"^0.1.8","grunt":"^0.4.1","grunt-coffeelint":"^0.0.6","rimraf":"^2.2.2","coffee-cache":"^0.2.0","temp":"^0.6.0"},"gitHead":"73e07af07b90c47da1b37e29d98f3c66f9d87125","homepage":"https://github.com/atom/atom-space-pen-views#readme","_id":"atom-space-pen-views@2.1.1","_shasum":"ba96efa01bdf03f9deb512ff0ef60041099a8b51","_from":".","_npmVersion":"3.3.8","_nodeVersion":"4.2.1","_npmUser":{"name":"nathansobo","email":"nathan@github.com"},"dist":{"shasum":"ba96efa01bdf03f9deb512ff0ef60041099a8b51","tarball":"https://registry.npmjs.org/atom-space-pen-views/-/atom-space-pen-views-2.1.1.tgz"},"maintainers":[{"name":"nathansobo","email":"nathan@github.com"},{"name":"benogle","email":"ogle.ben@gmail.com"},{"name":"kevinsawicki","email":"kevinsawicki@gmail.com"},{"name":"maxbrunsfeld","email":"maxbrunsfeld@gmail.com"}],"directories":{}},"2.2.0":{"name":"atom-space-pen-views","version":"2.2.0","description":"Atom SpacePen views that used to live in core.","main":"./lib/main","scripts":{"prepublish":"grunt clean lint coffee"},"repository":{"type":"git","url":"git+https://github.com/atom/atom-space-pen-views.git"},"bugs":{"url":"https://github.com/atom/atom-space-pen-views/issues"},"licenses":[{"type":"MIT","url":"http://github.com/atom/atom-space-pen-views/raw/master/LICENSE.md"}],"dependencies":{"fuzzaldrin":"^2.1.0","space-pen":"^5.1.2"},"devDependencies":{"coffee-script":"^1.7.0","jasmine-focused":"^1.0.4","grunt-contrib-coffee":"^0.9.0","grunt-cli":"^0.1.8","grunt":"^0.4.1","grunt-coffeelint":"^0.0.6","rimraf":"^2.2.2","coffee-cache":"^0.2.0","temp":"^0.6.0"},"gitHead":"e5412df46fa21eee0d32da318e0dc6e1a57d9a4f","homepage":"https://github.com/atom/atom-space-pen-views#readme","_id":"atom-space-pen-views@2.2.0","_shasum":"a65b2c920ed02f724014fa7d3e5c3d78fbf59997","_from":".","_npmVersion":"2.14.12","_nodeVersion":"4.2.6","_npmUser":{"name":"lee-dohm","email":"lee@lee-dohm.com"},"dist":{"shasum":"a65b2c920ed02f724014fa7d3e5c3d78fbf59997","tarball":"https://registry.npmjs.org/atom-space-pen-views/-/atom-space-pen-views-2.2.0.tgz"},"maintainers":[{"name":"benogle","email":"ogle.ben@gmail.com"},{"name":"kevinsawicki","email":"kevinsawicki@gmail.com"},{"name":"lee-dohm","email":"lee@lee-dohm.com"},{"name":"maxbrunsfeld","email":"maxbrunsfeld@gmail.com"},{"name":"nathansobo","email":"nathan@github.com"}],"_npmOperationalInternal":{"host":"packages-6-west.internal.npmjs.com","tmp":"tmp/atom-space-pen-views-2.2.0.tgz_1456170559195_0.8350376533344388"},"directories":{}}},"readme":"# Atom SpacePen Views [![Build Status](https://travis-ci.org/atom/atom-space-pen-views.svg?branch=master)](https://travis-ci.org/atom/atom-space-pen-views)\n\nThis library contains SpacePen views that used to be provided as part of Atom\nCore. `TextEditorView`, `SelectListView`, and `ScrollView` exports from the\n`atom` module are now deprecated will soon be removed, but can still be used in\npackages by depending on this library in your `package.json`.\n\n## TextEditorView\n\nA text editor can now be created in Atom by inserting an `<atom-text-editor>`\ntag in any location you want an editor. However, if you still want to use the\nSpacePen view in order to conveniently convert packages off the deprecated\nexport, you can use this class.\n\n### Example\n\n```coffee\n{View} = require 'space-pen'\n{TextEditorView} = require 'atom-space-pen-views'\n\nclass MyView extends View\n  @content: ->\n    @div =>\n      @div \"Type your answer:\"\n      @subview 'answer', new TextEditorView(mini: true)\n```\n\n### Constructor Params\n\nPass an optional params object to the constructor with the following keys:\n\n* `mini` If `true`, will construct a single-line editor for use as an input\n    field.\n* `placeholderText` A string of placeholder text to appear in the editor when\n    empty\n\n### Methods\n\n#### `::getModel`\n\nReturns the underlying `TextEditor` model instance.\n\n## ScrollView\n\n Handles several core events to update scroll position:\n\n * `core:move-up` Scrolls the view up\n * `core:move-down` Scrolls the view down\n * `core:page-up` Scrolls the view up by the height of the page\n * `core:page-down` Scrolls the view down by the height of the page\n * `core:move-to-top` Scrolls the editor to the top\n * `core:move-to-bottom` Scroll the editor to the bottom\n\n Subclasses must call `super` if overriding the `initialize` method.\n\n### Example\n\n ```coffee\n {ScrollView} = require 'atom-space-pen-views'\n\n class MyView extends ScrollView\n   @content: ->\n     @div()\n\n   initialize: ->\n     super\n     @text('super long content that will scroll')\n ```\n\n## SelectListView\n\nEssential: Provides a view that renders a list of items with an editor that\nfilters the items. Used by many packages such as the fuzzy-finder,\ncommand-palette, symbols-view and autocomplete.\n\n\n### Example\n\n```coffee\n{SelectListView} = require 'atom-space-pen-views'\n\nclass MySelectListView extends SelectListView\n initialize: ->\n   super\n   @addClass('overlay from-top')\n   @setItems(['Hello', 'World'])\n   @panel ?= atom.workspace.addModalPanel(item: this) \n   @panel.show()\n   @focusFilterEditor()\n\n viewForItem: (item) ->\n   \"<li>#{item}</li>\"\n\n confirmed: (item) ->\n   console.log(\"#{item} was selected\")\n   \n cancelled: ->\n   console.log(\"This view was cancelled\")\n```\n\n## Methods\n\n### Subclasses Must Implement\n\n#### `::viewForItem`\n\nCreate a view for the given model item. This method must be overridden by\nsubclasses. Called when the item is about to appended to the list view.\n\n* `item` The model item being rendered. This will always be one of the items\n  previously passed to `::setItems`.\n\nReturns a String of HTML, DOM element, jQuery object, or View. Note the root element must be an `li`.\n\n#### `::confirmed`\n\nCallback function for when an item is selected. This method must\nbe overridden by subclasses.\n\n* `item` The selected model item. This will always be one of the items\n  previously passed to `::setItems`.\n\nReturns a DOM element, jQuery object, or {View}.\n\n### Managing the list of items\n\n#### `::setItems`\n\nSet the array of items to display in the list. This should be\nmodel items, not actual views. `::viewForItem` will be called to render the\nitem when it is being appended to the list view.\n\n* `items` The array of model items to display in the list (default: []).\n\n#### `::getSelectedItem`\n\nGet the model item that is currently selected in the list view.\n\n#### `::getFilterKey`\n\nGet the property name to use when filtering items.\n\nThis method may be overridden by classes to allow fuzzy filtering based\non a specific property of the item objects.\n\nFor example if the objects you pass to {::setItems} are of the type\n`{\"id\": 3, \"name\": \"Atom\"}` then you would return `\"name\"` from this method\nto fuzzy filter by that property when text is entered into this view's\neditor.\n\n\n#### `::getFilterQuery`\n\nGet the filter query to use when fuzzy filtering the visible elements.\n\nBy default this method returns the text in the mini editor but it can be\noverridden by subclasses if needed.\n\nReturns a {String} to use when fuzzy filtering the elements to display.\n\n\n#### `::setMaxItems`\n\nSet the maximum numbers of items to display in the list.\n\nThis should be called before `setItems` is called or else the first time the\nlist displays it will include all the items.\n\n* `maxItems` The maximum {Number} of items to display.\n\n#### `::populateList`\n\nExtended: Populate the list view with the model items previously set by calling\n{::setItems}.\n\nSubclasses may override this method but should always call `super`.\n\n### Messages\n\n#### `::setError`\n\nSet the error message to display.\n\n* `message` A string with an error message (default: '').\n\n#### `::setLoading`\n\nSet the loading message to display.\n\n* `message` A string with a loading message (default: '').\n\n#### `::getEmptyMessage`\n\nGet the message to display when there are no items.\n\nSubclasses may override this method to customize the message.\n\n* `itemCount` The {Number} of items in the array specified to {::setItems}\n* `filteredItemCount` The {Number} of items that pass the fuzzy filter test.\n\nReturns a {String} message (default: 'No matches found').\n\n### View Actions\n\n#### `::cancel`\n\nCancel and close this select list view.\n\nThis restores focus to the previously focused element if `::storeFocusedElement`\nwas called prior to this view being attached.\n\n#### `::focusFilterEditor`\n\nFocus the fuzzy filter editor view.\n\n#### `::storeFocusedElement`\n\nStore the currently focused element. This element will be given back focus when\n`::cancel` is called.\n","maintainers":[{"email":"atom@github.com","name":"atom-team"},{"email":"lee@lee-dohm.com","name":"lee-dohm"},{"email":"nathan@github.com","name":"nathansobo"},{"email":"ogle.ben@gmail.com","name":"benogle"},{"email":"kevinsawicki@gmail.com","name":"kevinsawicki"},{"email":"maxbrunsfeld@gmail.com","name":"maxbrunsfeld"}],"time":{"modified":"2017-05-22T16:35:15.654Z","created":"2014-10-30T23:24:27.236Z","0.1.0":"2014-10-30T23:24:27.236Z","0.2.0":"2014-10-30T23:29:35.034Z","0.3.0":"2014-10-30T23:39:12.785Z","0.4.0":"2014-10-30T23:56:59.961Z","0.5.0":"2014-11-03T18:31:14.337Z","0.6.0":"2014-11-03T18:41:23.043Z","0.7.0":"2014-11-03T20:42:13.644Z","0.8.0":"2014-11-04T00:24:02.201Z","0.9.0":"2014-11-04T00:37:49.282Z","0.10.0":"2014-11-04T00:47:57.304Z","0.11.0":"2014-11-04T01:03:56.279Z","0.13.0":"2014-11-06T21:13:16.872Z","0.14.0":"2014-11-10T15:31:09.171Z","0.15.0":"2014-11-10T16:41:57.875Z","0.16.0":"2014-11-25T15:32:18.949Z","0.17.0":"2014-11-25T15:39:19.263Z","0.18.0":"2014-11-25T16:10:56.727Z","0.19.0":"2014-11-25T16:55:01.824Z","0.20.0":"2014-11-25T17:23:07.572Z","0.21.0":"2014-12-10T02:57:37.281Z","1.0.0":"2015-01-02T19:36:56.106Z","2.0.0":"2015-01-05T18:09:18.374Z","2.0.1":"2015-01-06T19:16:25.450Z","2.0.2":"2015-01-06T19:28:01.724Z","2.0.3":"2015-01-07T19:09:21.297Z","2.0.4":"2015-02-13T00:43:59.838Z","2.0.5":"2015-03-31T00:04:41.621Z","2.1.0":"2015-08-10T21:56:23.754Z","2.1.1":"2016-01-11T18:25:58.563Z","2.2.0":"2016-02-22T19:49:22.355Z"},"homepage":"https://github.com/atom/atom-space-pen-views#readme","repository":{"type":"git","url":"git+https://github.com/atom/atom-space-pen-views.git"},"bugs":{"url":"https://github.com/atom/atom-space-pen-views/issues"},"readmeFilename":"README.md","users":{"capaj":true,"rafalt":true,"danielbayley":true},"_attachments":{},"_etag":"W/\"59231343-c516\"","_lastModified":"Mon, 22 May 2017 16:35:15 GMT"}