{"_id":"generate-object-property","_rev":"6-0bec6754ead89ded2562d20af9bc289c","name":"generate-object-property","description":"Generate safe JS code that can used to reference a object property","dist-tags":{"latest":"1.2.0"},"versions":{"1.0.0":{"name":"generate-object-property","version":"1.0.0","description":"Generate safe JS code that can used to reference a object property","repository":{"type":"git","url":"git://github.com/mafintosh/generate-object-property"},"devDependencies":{"tape":"^2.13.0"},"scripts":{"test":"tape test.js"},"bugs":{"url":"https://github.com/mafintosh/generate-object-property/issues"},"homepage":"https://github.com/mafintosh/generate-object-property","_id":"generate-object-property@1.0.0","_shasum":"08fb28c45e4da28bfb6e82fd19f259681dd91ffc","_from":".","_npmVersion":"1.4.9","_npmUser":{"name":"mafintosh","email":"mathiasbuus@gmail.com"},"maintainers":[{"name":"mafintosh","email":"mathiasbuus@gmail.com"}],"dist":{"shasum":"08fb28c45e4da28bfb6e82fd19f259681dd91ffc","tarball":"http://registry.npmjs.org/generate-object-property/-/generate-object-property-1.0.0.tgz"},"directories":{}},"1.1.0":{"name":"generate-object-property","version":"1.1.0","description":"Generate safe JS code that can used to reference a object property","repository":{"type":"git","url":"https://github.com/mafintosh/generate-object-property"},"devDependencies":{"tape":"^2.13.0"},"scripts":{"test":"tape test.js"},"dependencies":{"is-property":"^1.0.0"},"gitHead":"836774061a38438800ebd8cb103f322ddbd1f118","bugs":{"url":"https://github.com/mafintosh/generate-object-property/issues"},"homepage":"https://github.com/mafintosh/generate-object-property","_id":"generate-object-property@1.1.0","_shasum":"d9b9beccc3ce7e9fc6053d3bdf46c1dd9a0d8b34","_from":".","_npmVersion":"1.4.21","_npmUser":{"name":"mafintosh","email":"mathiasbuus@gmail.com"},"maintainers":[{"name":"mafintosh","email":"mathiasbuus@gmail.com"}],"dist":{"shasum":"d9b9beccc3ce7e9fc6053d3bdf46c1dd9a0d8b34","tarball":"http://registry.npmjs.org/generate-object-property/-/generate-object-property-1.1.0.tgz"},"directories":{}},"1.1.1":{"name":"generate-object-property","version":"1.1.1","description":"Generate safe JS code that can used to reference a object property","repository":{"type":"git","url":"https://github.com/mafintosh/generate-object-property"},"devDependencies":{"tape":"^2.13.0"},"scripts":{"test":"tape test.js"},"dependencies":{"is-property":"^1.0.0"},"bugs":{"url":"https://github.com/mafintosh/generate-object-property/issues"},"homepage":"https://github.com/mafintosh/generate-object-property","main":"index.js","author":{"name":"Mathias Buus","url":"@mafintosh"},"license":"MIT","gitHead":"366cb415f6b73904b809e554f685ef1eefe308d8","_id":"generate-object-property@1.1.1","_shasum":"8fda6b4cb69b34a189a6cebee7c4c268af47cc93","_from":".","_npmVersion":"2.7.1","_nodeVersion":"1.6.2","_npmUser":{"name":"mafintosh","email":"mathiasbuus@gmail.com"},"maintainers":[{"name":"mafintosh","email":"mathiasbuus@gmail.com"}],"dist":{"shasum":"8fda6b4cb69b34a189a6cebee7c4c268af47cc93","tarball":"http://registry.npmjs.org/generate-object-property/-/generate-object-property-1.1.1.tgz"},"directories":{}},"1.2.0":{"name":"generate-object-property","version":"1.2.0","description":"Generate safe JS code that can used to reference a object property","repository":{"type":"git","url":"https://github.com/mafintosh/generate-object-property"},"devDependencies":{"tape":"^2.13.0"},"scripts":{"test":"tape test.js"},"dependencies":{"is-property":"^1.0.0"},"bugs":{"url":"https://github.com/mafintosh/generate-object-property/issues"},"homepage":"https://github.com/mafintosh/generate-object-property","main":"index.js","author":{"name":"Mathias Buus","url":"@mafintosh"},"license":"MIT","gitHead":"0dd7d411018de54b2eae63b424c15b3e50bd678c","_id":"generate-object-property@1.2.0","_shasum":"9c0e1c40308ce804f4783618b937fa88f99d50d0","_from":".","_npmVersion":"2.9.0","_nodeVersion":"2.0.1","_npmUser":{"name":"mafintosh","email":"mathiasbuus@gmail.com"},"maintainers":[{"name":"mafintosh","email":"mathiasbuus@gmail.com"}],"dist":{"shasum":"9c0e1c40308ce804f4783618b937fa88f99d50d0","tarball":"http://registry.npmjs.org/generate-object-property/-/generate-object-property-1.2.0.tgz"},"directories":{}}},"readme":"# generate-object-property\n\nGenerate safe JS code that can used to reference a object property\n\n\tnpm install generate-object-property\n\n[![build status](http://img.shields.io/travis/mafintosh/generate-object-property.svg?style=flat)](http://travis-ci.org/mafintosh/generate-object-property)\n\n## Usage\n\n``` js\nvar gen = require('generate-object-property');\nconsole.log(gen('a','b')); // prints a.b\nconsole.log(gen('a', 'foo-bar')); // prints a[\"foo-bar\"]\n```\n\n## License\n\nMIT","maintainers":[{"name":"mafintosh","email":"mathiasbuus@gmail.com"}],"time":{"modified":"2015-05-17T20:15:04.296Z","created":"2014-05-16T00:24:21.774Z","1.0.0":"2014-05-16T00:24:21.774Z","1.1.0":"2014-07-30T14:58:04.198Z","1.1.1":"2015-03-27T14:11:09.461Z","1.2.0":"2015-05-17T20:15:04.296Z"},"homepage":"https://github.com/mafintosh/generate-object-property","repository":{"type":"git","url":"https://github.com/mafintosh/generate-object-property"},"bugs":{"url":"https://github.com/mafintosh/generate-object-property/issues"},"readmeFilename":"README.md","author":{"name":"Mathias Buus","url":"@mafintosh"},"license":"MIT","_attachments":{},"_etag":"\"72ZH0Q0U3MBSMZ2H72UQCNB13\""}