{"_id":"domify","_rev":"98-c6a185728a22416c663873fa39b90198","name":"domify","description":"turn HTML into DOM elements","dist-tags":{"latest":"1.4.0"},"versions":{"0.0.2":{"name":"domify","version":"0.0.2","description":"turn HTML into DOM elements","keywords":["dom","html","client","browser","component"],"author":{"name":"TJ Holowaychuk","email":"tj@vision-media.ca"},"dependencies":{},"component":{"scripts":{"domify":"lib/domify.js"}},"main":"index","_id":"domify@0.0.2","dist":{"shasum":"d57bfe2de46ec16f5800bf9a3f71f9082dbb5d16","tarball":"https://registry.npmjs.org/domify/-/domify-0.0.2.tgz"},"maintainers":[{"name":"tjholowaychuk","email":"tj@vision-media.ca"}],"directories":{}},"0.0.3":{"name":"domify","version":"0.0.3","description":"turn HTML into DOM elements","keywords":["dom","html","client","browser","component"],"author":{"name":"TJ Holowaychuk","email":"tj@vision-media.ca"},"dependencies":{},"component":{"scripts":{"domify":"index.js"}},"main":"index","_id":"domify@0.0.3","dist":{"shasum":"9a3364df56c3c536a88b744832e2a3bb0b336fb1","tarball":"https://registry.npmjs.org/domify/-/domify-0.0.3.tgz"},"maintainers":[{"name":"tjholowaychuk","email":"tj@vision-media.ca"}],"directories":{}},"0.1.0":{"name":"domify","version":"0.1.0","description":"turn HTML into DOM elements","keywords":["dom","html","client","browser","component"],"author":{"name":"TJ Holowaychuk","email":"tj@vision-media.ca"},"dependencies":{},"component":{"scripts":{"domify":"index.js"}},"main":"index","_id":"domify@0.1.0","dist":{"shasum":"10547c6d692b8c1c0cb880208942897cee2007a1","tarball":"https://registry.npmjs.org/domify/-/domify-0.1.0.tgz"},"_npmVersion":"1.1.64","_npmUser":{"name":"tjholowaychuk","email":"tj@vision-media.ca"},"maintainers":[{"name":"tjholowaychuk","email":"tj@vision-media.ca"}],"directories":{}},"0.2.0":{"name":"domify","version":"0.2.0","description":"turn HTML into DOM elements","keywords":["dom","html","client","browser","component"],"author":{"name":"TJ Holowaychuk","email":"tj@vision-media.ca"},"dependencies":{},"component":{"scripts":{"domify":"index.js"}},"main":"index","_id":"domify@0.2.0","dist":{"shasum":"6ad388b57cb56fa91de78cdbcfa184f8fad94055","tarball":"https://registry.npmjs.org/domify/-/domify-0.2.0.tgz"},"_from":".","_npmVersion":"1.2.14","_npmUser":{"name":"tjholowaychuk","email":"tj@vision-media.ca"},"maintainers":[{"name":"tjholowaychuk","email":"tj@vision-media.ca"}],"directories":{}},"1.0.0":{"name":"domify","version":"1.0.0","description":"turn HTML into DOM elements","keywords":["dom","html","client","browser","component"],"author":{"name":"TJ Holowaychuk","email":"tj@vision-media.ca"},"dependencies":{},"component":{"scripts":{"domify":"index.js"}},"main":"index","_id":"domify@1.0.0","dist":{"shasum":"9bd040119a3a56dbe12f406a01a3bd1b69fea5c3","tarball":"https://registry.npmjs.org/domify/-/domify-1.0.0.tgz"},"_from":".","_npmVersion":"1.2.14","_npmUser":{"name":"tjholowaychuk","email":"tj@vision-media.ca"},"maintainers":[{"name":"tjholowaychuk","email":"tj@vision-media.ca"}],"directories":{}},"1.1.1":{"name":"domify","version":"1.1.1","description":"turn HTML into DOM elements","keywords":["dom","html","client","browser","component"],"author":{"name":"TJ Holowaychuk","email":"tj@vision-media.ca"},"dependencies":{},"component":{"scripts":{"domify":"index.js"}},"main":"index","repository":{"type":"git","url":"https://github.com/component/domify.git"},"bugs":{"url":"https://github.com/component/domify/issues"},"homepage":"https://github.com/component/domify","_id":"domify@1.1.1","dist":{"shasum":"e9de93570e0f3e544a84519ddd639e88baa09477","tarball":"https://registry.npmjs.org/domify/-/domify-1.1.1.tgz"},"_from":".","_npmVersion":"1.3.13","_npmUser":{"name":"tjholowaychuk","email":"tj@vision-media.ca"},"maintainers":[{"name":"tjholowaychuk","email":"tj@vision-media.ca"}],"directories":{}},"1.2.1":{"name":"domify","version":"1.2.1","description":"turn HTML into DOM elements","keywords":["dom","html","client","browser","component"],"author":{"name":"TJ Holowaychuk","email":"tj@vision-media.ca"},"dependencies":{},"component":{"scripts":{"domify":"index.js"}},"main":"index","repository":{"type":"git","url":"https://github.com/component/domify.git"},"bugs":{"url":"https://github.com/component/domify/issues"},"homepage":"https://github.com/component/domify","_id":"domify@1.2.1","dist":{"shasum":"966d20a2405f5a07ba9a540601098aaeda652d0d","tarball":"https://registry.npmjs.org/domify/-/domify-1.2.1.tgz"},"_from":".","_npmVersion":"1.3.24","_npmUser":{"name":"jongleberry","email":"jonathanrichardong@gmail.com"},"maintainers":[{"name":"jongleberry","email":"jonathanrichardong@gmail.com"}],"directories":{}},"1.2.2":{"name":"domify","version":"1.2.2","description":"turn HTML into DOM elements","keywords":["dom","html","client","browser","component"],"author":{"name":"TJ Holowaychuk","email":"tj@vision-media.ca"},"dependencies":{},"component":{"scripts":{"domify/index.js":"index.js"}},"main":"index.js","repository":{"type":"git","url":"https://github.com/component/domify.git"},"bugs":{"url":"https://github.com/component/domify/issues"},"homepage":"https://github.com/component/domify","_id":"domify@1.2.2","dist":{"shasum":"1425961479b9bfac7383577c87bdcc019ec693b9","tarball":"https://registry.npmjs.org/domify/-/domify-1.2.2.tgz"},"_from":".","_npmVersion":"1.3.24","_npmUser":{"name":"tootallnate","email":"nathan@tootallnate.net"},"maintainers":[{"name":"tjholowaychuk","email":"tj@vision-media.ca"},{"name":"jongleberry","email":"jonathanrichardong@gmail.com"},{"name":"dominicbarnes","email":"dominic@dbarnes.info"},{"name":"tootallnate","email":"nathan@tootallnate.net"},{"name":"rauchg","email":"rauchg@gmail.com"},{"name":"retrofox","email":"rdsuarez@gmail.com"},{"name":"coreh","email":"thecoreh@gmail.com"},{"name":"forbeslindesay","email":"forbes@lindesay.co.uk"},{"name":"kelonye","email":"kelonyemitchel@gmail.com"},{"name":"mattmueller","email":"mattmuelle@gmail.com"},{"name":"yields","email":"yields@icloud.com"},{"name":"anthonyshort","email":"antshort@gmail.com"},{"name":"ianstormtaylor","email":"ian@ianstormtaylor.com"},{"name":"cristiandouce","email":"cristian@gravityonmars.com"},{"name":"swatinem","email":"arpad.borsos@googlemail.com"},{"name":"stagas","email":"gstagas@gmail.com"},{"name":"amasad","email":"amjad.masad@gmail.com"},{"name":"juliangruber","email":"julian@juliangruber.com"},{"name":"shtylman","email":"shtylman@gmail.com"},{"name":"calvinfo","email":"calvin@calv.info"}],"directories":{}},"1.3.0":{"name":"domify","version":"1.3.0","description":"turn HTML into DOM elements","keywords":["dom","html","client","browser","component"],"author":{"name":"TJ Holowaychuk","email":"tj@vision-media.ca"},"dependencies":{},"component":{"scripts":{"domify/index.js":"index.js"}},"main":"index.js","repository":{"type":"git","url":"https://github.com/component/domify.git"},"gitHead":"55b02fd3e3401292a9d15f1ed6d16cd061b8ea80","bugs":{"url":"https://github.com/component/domify/issues"},"homepage":"https://github.com/component/domify","_id":"domify@1.3.0","scripts":{},"_shasum":"242333eb8e0d695f31a6a77d941273499f3e2071","_from":".","_npmVersion":"1.4.14","_npmUser":{"name":"tootallnate","email":"nathan@tootallnate.net"},"maintainers":[{"name":"tjholowaychuk","email":"tj@vision-media.ca"},{"name":"jongleberry","email":"jonathanrichardong@gmail.com"},{"name":"dominicbarnes","email":"dominic@dbarnes.info"},{"name":"tootallnate","email":"nathan@tootallnate.net"},{"name":"rauchg","email":"rauchg@gmail.com"},{"name":"retrofox","email":"rdsuarez@gmail.com"},{"name":"coreh","email":"thecoreh@gmail.com"},{"name":"forbeslindesay","email":"forbes@lindesay.co.uk"},{"name":"kelonye","email":"kelonyemitchel@gmail.com"},{"name":"mattmueller","email":"mattmuelle@gmail.com"},{"name":"yields","email":"yields@icloud.com"},{"name":"anthonyshort","email":"antshort@gmail.com"},{"name":"ianstormtaylor","email":"ian@ianstormtaylor.com"},{"name":"cristiandouce","email":"cristian@gravityonmars.com"},{"name":"swatinem","email":"arpad.borsos@googlemail.com"},{"name":"stagas","email":"gstagas@gmail.com"},{"name":"amasad","email":"amjad.masad@gmail.com"},{"name":"juliangruber","email":"julian@juliangruber.com"},{"name":"shtylman","email":"shtylman@gmail.com"},{"name":"calvinfo","email":"calvin@calv.info"},{"name":"timoxley","email":"secoif@gmail.com"},{"name":"clintwood","email":"clint@anotherway.co.za"},{"name":"thehydroimpulse","email":"dnfagnan@gmail.com"}],"dist":{"shasum":"242333eb8e0d695f31a6a77d941273499f3e2071","tarball":"https://registry.npmjs.org/domify/-/domify-1.3.0.tgz"},"directories":{}},"1.3.1":{"name":"domify","version":"1.3.1","description":"turn HTML into DOM elements","keywords":["dom","html","client","browser","component"],"author":{"name":"TJ Holowaychuk","email":"tj@vision-media.ca"},"dependencies":{},"component":{"scripts":{"domify/index.js":"index.js"}},"main":"index.js","repository":{"type":"git","url":"https://github.com/component/domify.git"},"gitHead":"1f0c8f62a84df7710a461e135c496329cb78246f","bugs":{"url":"https://github.com/component/domify/issues"},"homepage":"https://github.com/component/domify","_id":"domify@1.3.1","scripts":{},"_shasum":"8678144538dcf539b0d1da5040a86605f48e0b01","_from":".","_npmVersion":"1.4.26","_npmUser":{"name":"jongleberry","email":"jonathanrichardong@gmail.com"},"maintainers":[{"name":"tjholowaychuk","email":"tj@vision-media.ca"},{"name":"jongleberry","email":"jonathanrichardong@gmail.com"},{"name":"dominicbarnes","email":"dominic@dbarnes.info"},{"name":"tootallnate","email":"nathan@tootallnate.net"},{"name":"rauchg","email":"rauchg@gmail.com"},{"name":"retrofox","email":"rdsuarez@gmail.com"},{"name":"coreh","email":"thecoreh@gmail.com"},{"name":"forbeslindesay","email":"forbes@lindesay.co.uk"},{"name":"kelonye","email":"kelonyemitchel@gmail.com"},{"name":"mattmueller","email":"mattmuelle@gmail.com"},{"name":"yields","email":"yields@icloud.com"},{"name":"anthonyshort","email":"antshort@gmail.com"},{"name":"ianstormtaylor","email":"ian@ianstormtaylor.com"},{"name":"cristiandouce","email":"cristian@gravityonmars.com"},{"name":"swatinem","email":"arpad.borsos@googlemail.com"},{"name":"stagas","email":"gstagas@gmail.com"},{"name":"amasad","email":"amjad.masad@gmail.com"},{"name":"juliangruber","email":"julian@juliangruber.com"},{"name":"shtylman","email":"shtylman@gmail.com"},{"name":"calvinfo","email":"calvin@calv.info"},{"name":"timoxley","email":"secoif@gmail.com"},{"name":"clintwood","email":"clint@anotherway.co.za"},{"name":"thehydroimpulse","email":"dnfagnan@gmail.com"},{"name":"timaschew","email":"timaschew@gmail.com"},{"name":"hughsk","email":"hughskennedy@gmail.com"}],"dist":{"shasum":"8678144538dcf539b0d1da5040a86605f48e0b01","tarball":"https://registry.npmjs.org/domify/-/domify-1.3.1.tgz"},"directories":{}},"1.3.2":{"name":"domify","version":"1.3.2","description":"turn HTML into DOM elements","keywords":["dom","html","client","browser","component"],"author":{"name":"TJ Holowaychuk","email":"tj@vision-media.ca"},"dependencies":{},"component":{"scripts":{"domify/index.js":"index.js"}},"main":"index.js","repository":{"type":"git","url":"https://github.com/component/domify.git"},"gitHead":"313c80fa54469115352398b156d2764a0a3b0f74","bugs":{"url":"https://github.com/component/domify/issues"},"homepage":"https://github.com/component/domify","_id":"domify@1.3.2","scripts":{},"_shasum":"40fd0e3c53167bc70800941794df65015d9c89ca","_from":".","_npmVersion":"2.7.0","_nodeVersion":"0.10.35","_npmUser":{"name":"mattmueller","email":"mattmuelle@gmail.com"},"maintainers":[{"name":"tjholowaychuk","email":"tj@vision-media.ca"},{"name":"jongleberry","email":"jonathanrichardong@gmail.com"},{"name":"dominicbarnes","email":"dominic@dbarnes.info"},{"name":"tootallnate","email":"nathan@tootallnate.net"},{"name":"rauchg","email":"rauchg@gmail.com"},{"name":"retrofox","email":"rdsuarez@gmail.com"},{"name":"coreh","email":"thecoreh@gmail.com"},{"name":"forbeslindesay","email":"forbes@lindesay.co.uk"},{"name":"kelonye","email":"kelonyemitchel@gmail.com"},{"name":"mattmueller","email":"mattmuelle@gmail.com"},{"name":"yields","email":"yields@icloud.com"},{"name":"anthonyshort","email":"antshort@gmail.com"},{"name":"ianstormtaylor","email":"ian@ianstormtaylor.com"},{"name":"cristiandouce","email":"cristian@gravityonmars.com"},{"name":"swatinem","email":"arpad.borsos@googlemail.com"},{"name":"stagas","email":"gstagas@gmail.com"},{"name":"amasad","email":"amjad.masad@gmail.com"},{"name":"juliangruber","email":"julian@juliangruber.com"},{"name":"shtylman","email":"shtylman@gmail.com"},{"name":"calvinfo","email":"calvin@calv.info"},{"name":"timoxley","email":"secoif@gmail.com"},{"name":"clintwood","email":"clint@anotherway.co.za"},{"name":"thehydroimpulse","email":"dnfagnan@gmail.com"},{"name":"timaschew","email":"timaschew@gmail.com"},{"name":"hughsk","email":"hughskennedy@gmail.com"}],"dist":{"shasum":"40fd0e3c53167bc70800941794df65015d9c89ca","tarball":"https://registry.npmjs.org/domify/-/domify-1.3.2.tgz"},"directories":{}},"1.3.3":{"name":"domify","version":"1.3.3","description":"turn HTML into DOM elements","keywords":["dom","html","client","browser","component"],"author":{"name":"TJ Holowaychuk","email":"tj@vision-media.ca"},"dependencies":{},"component":{"scripts":{"domify/index.js":"index.js"}},"main":"index.js","repository":{"type":"git","url":"https://github.com/component/domify.git"},"files":["index.js"],"gitHead":"d798cce38eed64aeef208ef72fbef7d00e5ecbf9","bugs":{"url":"https://github.com/component/domify/issues"},"homepage":"https://github.com/component/domify","_id":"domify@1.3.3","scripts":{},"_shasum":"a4f1f6c81c924698c9094a3a75c10644cb703a5c","_from":".","_npmVersion":"2.7.1","_nodeVersion":"1.6.2","_npmUser":{"name":"jongleberry","email":"jonathanrichardong@gmail.com"},"maintainers":[{"name":"tjholowaychuk","email":"tj@vision-media.ca"},{"name":"jongleberry","email":"jonathanrichardong@gmail.com"},{"name":"dominicbarnes","email":"dominic@dbarnes.info"},{"name":"tootallnate","email":"nathan@tootallnate.net"},{"name":"rauchg","email":"rauchg@gmail.com"},{"name":"retrofox","email":"rdsuarez@gmail.com"},{"name":"coreh","email":"thecoreh@gmail.com"},{"name":"forbeslindesay","email":"forbes@lindesay.co.uk"},{"name":"kelonye","email":"kelonyemitchel@gmail.com"},{"name":"mattmueller","email":"mattmuelle@gmail.com"},{"name":"yields","email":"yields@icloud.com"},{"name":"anthonyshort","email":"antshort@gmail.com"},{"name":"ianstormtaylor","email":"ian@ianstormtaylor.com"},{"name":"cristiandouce","email":"cristian@gravityonmars.com"},{"name":"swatinem","email":"arpad.borsos@googlemail.com"},{"name":"stagas","email":"gstagas@gmail.com"},{"name":"amasad","email":"amjad.masad@gmail.com"},{"name":"juliangruber","email":"julian@juliangruber.com"},{"name":"shtylman","email":"shtylman@gmail.com"},{"name":"calvinfo","email":"calvin@calv.info"},{"name":"timoxley","email":"secoif@gmail.com"},{"name":"clintwood","email":"clint@anotherway.co.za"},{"name":"thehydroimpulse","email":"dnfagnan@gmail.com"},{"name":"timaschew","email":"timaschew@gmail.com"},{"name":"hughsk","email":"hughskennedy@gmail.com"}],"dist":{"shasum":"a4f1f6c81c924698c9094a3a75c10644cb703a5c","tarball":"https://registry.npmjs.org/domify/-/domify-1.3.3.tgz"},"directories":{}},"1.4.0":{"name":"domify","version":"1.4.0","description":"turn HTML into DOM elements","keywords":["dom","html","client","browser","component"],"author":{"name":"TJ Holowaychuk","email":"tj@vision-media.ca"},"dependencies":{},"component":{"scripts":{"domify/index.js":"index.js"}},"main":"index.js","license":"MIT","repository":{"type":"git","url":"git+https://github.com/component/domify.git"},"files":["index.js"],"gitHead":"ac5066bf08ffec3dad4c64d6852f27f014021059","bugs":{"url":"https://github.com/component/domify/issues"},"homepage":"https://github.com/component/domify#readme","_id":"domify@1.4.0","scripts":{},"_shasum":"11483617f764f8695975b4bdc79b14f0803b629b","_from":".","_npmVersion":"2.11.3","_nodeVersion":"2.2.1","_npmUser":{"name":"stephenmathieson","email":"me@stephenmathieson.com"},"dist":{"shasum":"11483617f764f8695975b4bdc79b14f0803b629b","tarball":"https://registry.npmjs.org/domify/-/domify-1.4.0.tgz"},"maintainers":[{"name":"tjholowaychuk","email":"tj@vision-media.ca"},{"name":"anthonyshort","email":"antshort@gmail.com"},{"name":"thehydroimpulse","email":"dnfagnan@gmail.com"},{"name":"timaschew","email":"timaschew@gmail.com"},{"name":"hughsk","email":"hughskennedy@gmail.com"},{"name":"jongleberry","email":"jonathanrichardong@gmail.com"},{"name":"dominicbarnes","email":"dominic@dbarnes.info"},{"name":"tootallnate","email":"nathan@tootallnate.net"},{"name":"rauchg","email":"rauchg@gmail.com"},{"name":"retrofox","email":"rdsuarez@gmail.com"},{"name":"coreh","email":"thecoreh@gmail.com"},{"name":"forbeslindesay","email":"forbes@lindesay.co.uk"},{"name":"kelonye","email":"kelonyemitchel@gmail.com"},{"name":"mattmueller","email":"mattmuelle@gmail.com"},{"name":"yields","email":"yields@icloud.com"},{"name":"ianstormtaylor","email":"ian@ianstormtaylor.com"},{"name":"cristiandouce","email":"cristian@gravityonmars.com"},{"name":"swatinem","email":"arpad.borsos@googlemail.com"},{"name":"stagas","email":"gstagas@gmail.com"},{"name":"amasad","email":"amjad.masad@gmail.com"},{"name":"juliangruber","email":"julian@juliangruber.com"},{"name":"calvinfo","email":"calvin@calv.info"},{"name":"timoxley","email":"secoif@gmail.com"},{"name":"clintwood","email":"clint@anotherway.co.za"},{"name":"dfcreative","email":"df.creative@gmail.com"},{"name":"defunctzombie","email":"shtylman@gmail.com"},{"name":"stephenmathieson","email":"me@stephenmathieson.com"}],"directories":{}}},"readme":"# domify\n\nTurn HTML into DOM elements x-browser.\n\n## Usage\n\nWorks out of the box in the browser:\n\n```js\nvar domify = require('domify');\n\ndocument.addEventListener('DOMContentLoaded', function() {\n  var el = domify('<p>Hello <em>there</em></p>');\n  document.body.appendChild(el);\n});\n```\n\nYou can also run it in *node* and *iojs*. Just pass a custom implementation of `document`:\n\n```js\nvar jsdom = require('jsdom').jsdom();\n\ndomify('<p>Hello <em>there</em></p>', jsdom.defaultView.document);\n```\n\n## Running tests\n\n```\n$ npm i -g component-test\n$ make\n$ component-test browser\n```\n\n## License\n\nMIT\n","maintainers":[{"name":"tjholowaychuk","email":"tj@vision-media.ca"},{"name":"anthonyshort","email":"antshort@gmail.com"},{"name":"thehydroimpulse","email":"dnfagnan@gmail.com"},{"name":"timaschew","email":"timaschew@gmail.com"},{"name":"hughsk","email":"hughskennedy@gmail.com"},{"name":"jongleberry","email":"jonathanrichardong@gmail.com"},{"name":"dominicbarnes","email":"dominic@dbarnes.info"},{"name":"tootallnate","email":"nathan@tootallnate.net"},{"name":"rauchg","email":"rauchg@gmail.com"},{"name":"retrofox","email":"rdsuarez@gmail.com"},{"name":"coreh","email":"thecoreh@gmail.com"},{"name":"forbeslindesay","email":"forbes@lindesay.co.uk"},{"name":"kelonye","email":"kelonyemitchel@gmail.com"},{"name":"mattmueller","email":"mattmuelle@gmail.com"},{"name":"yields","email":"yields@icloud.com"},{"name":"ianstormtaylor","email":"ian@ianstormtaylor.com"},{"name":"cristiandouce","email":"cristian@gravityonmars.com"},{"name":"swatinem","email":"arpad.borsos@googlemail.com"},{"name":"stagas","email":"gstagas@gmail.com"},{"name":"amasad","email":"amjad.masad@gmail.com"},{"name":"juliangruber","email":"julian@juliangruber.com"},{"name":"calvinfo","email":"calvin@calv.info"},{"name":"timoxley","email":"secoif@gmail.com"},{"name":"clintwood","email":"clint@anotherway.co.za"},{"name":"dfcreative","email":"df.creative@gmail.com"},{"name":"defunctzombie","email":"shtylman@gmail.com"},{"name":"stephenmathieson","email":"me@stephenmathieson.com"}],"time":{"modified":"2016-11-04T21:45:25.794Z","created":"2012-08-28T20:24:34.373Z","0.0.2":"2012-08-28T20:24:35.814Z","0.0.3":"2012-08-28T21:45:44.315Z","0.1.0":"2012-10-25T00:46:22.022Z","0.2.0":"2013-05-21T15:08:14.358Z","1.0.0":"2013-06-13T16:02:44.752Z","1.1.1":"2013-11-17T07:07:35.227Z","1.2.1":"2014-01-31T07:49:36.349Z","1.2.2":"2014-02-19T22:28:27.765Z","1.3.0":"2014-07-14T19:55:48.075Z","1.3.1":"2014-09-17T22:21:48.889Z","1.3.2":"2015-03-10T23:05:23.338Z","1.3.3":"2015-04-06T05:59:36.741Z","1.4.0":"2015-08-26T02:40:31.374Z"},"author":{"name":"TJ Holowaychuk","email":"tj@vision-media.ca"},"users":{"zeke":true,"substack":true,"parroit":true,"joakin":true,"tunnckocore":true,"dexteryy":true,"h02e56":true,"wenbing":true,"moimikey":true,"akiva":true,"hzapata":true,"allain":true,"jackvial":true,"nickleefly":true,"ysk8":true,"jondashkyle":true,"hellopath":true,"stany":true,"nomemires":true,"garrickajo":true,"hecto932":true,"markoni":true,"nichoth":true,"jtavarez":true,"erikvold":true,"tehmachine":true},"repository":{"type":"git","url":"git+https://github.com/component/domify.git"},"readmeFilename":"Readme.md","homepage":"https://github.com/component/domify#readme","keywords":["dom","html","client","browser","component"],"bugs":{"url":"https://github.com/component/domify/issues"},"license":"MIT","_attachments":{},"_etag":"W/\"581d0175-52b5\"","_lastModified":"Fri, 04 Nov 2016 21:45:25 GMT"}