{"digest":"c928c6e5a9508d14097a0524462f17d0cd2c1d48","css":".archive-editor {\n  background-color: #30343d;\n  overflow: auto;\n}\n.archive-editor .archive-container {\n  height: 100%;\n  width: 100%;\n}\n.archive-editor .archive-container .inset-panel {\n  border-width: 0;\n}\n.archive-editor .archive-container .inset-panel .panel-heading {\n  border-radius: 0;\n}\n.archive-editor .archive-container .archive-tree {\n  padding: 5px;\n}\n","imports":[{"path":"static\\variables\\ui-variables.less","digest":"a51b652b59d33fcd2efa2fd725a78735dbbcf655"},{"path":"static\\variables\\syntax-variables.less","digest":"161404ff92113205d84a38441681ded1e4527102"},{"path":"node_modules\\one-dark-ui\\styles\\ui-variables.less","digest":"167b76db825c0cf96e489ecebedd0723861ea9cc"},{"path":"C:\\Users\\Abraão Batista\\.atom\\packages\\itg-dark-syntax\\styles\\syntax-variables.less","digest":"118b23aa0d349df2e906526ebc14bfdc5ff57e47"}],"version":1}