{"_id":"underscore","_rev":"691-b001c00a672491b85241cfa4535b4f1a","name":"underscore","description":"JavaScript's functional programming helper library.","dist-tags":{"latest":"1.8.3","stable":"1.8.3"},"versions":{"1.0.3":{"name":"underscore","description":"Functional programming aid for JavaScript. Works well with jQuery.","url":"http://documentcloud.github.com/underscore/","keywords":["util","functional","server","client","browser"],"author":{"name":"Jeremy Ashkenas","email":"jeremy@documentcloud.org"},"contributors":[],"dependencies":{},"lib":".","main":"underscore","version":"1.0.3","_id":"underscore@1.0.3","engines":{"node":"*"},"_nodeSupported":true,"_npmVersion":"0.2.7-2","_nodeVersion":"v0.3.1-pre","dist":{"tarball":"https://registry.npmjs.org/underscore/-/underscore-1.0.3.tgz","shasum":"7793a6f776dffa491d224eaf1d819824d4dc288a"},"directories":{},"_npmUser":{"name":"jashkenas","email":"jashkenas@gmail.com"},"maintainers":[{"name":"documentcloud","email":"jeremy@documentcloud.org"},{"name":"jashkenas","email":"jashkenas@gmail.com"}]},"1.0.4":{"name":"underscore","description":"Functional programming aid for JavaScript. Works well with jQuery.","url":"http://documentcloud.github.com/underscore/","keywords":["util","functional","server","client","browser"],"author":{"name":"Jeremy Ashkenas","email":"jeremy@documentcloud.org"},"contributors":[],"dependencies":{},"lib":".","main":"underscore","version":"1.0.4","_id":"underscore@1.0.4","engines":{"node":"*"},"_nodeSupported":true,"_npmVersion":"0.2.7-2","_nodeVersion":"v0.3.1-pre","dist":{"tarball":"https://registry.npmjs.org/underscore/-/underscore-1.0.4.tgz","shasum":"563141126b4e412f6c12c2ae2fb44ef0edd23fb2"},"directories":{},"_npmUser":{"name":"jashkenas","email":"jashkenas@gmail.com"},"maintainers":[{"name":"documentcloud","email":"jeremy@documentcloud.org"},{"name":"jashkenas","email":"jashkenas@gmail.com"}]},"1.1.0":{"name":"underscore","description":"Functional programming aid for JavaScript. Works well with jQuery.","url":"http://documentcloud.github.com/underscore/","keywords":["util","functional","server","client","browser"],"author":{"name":"Jeremy Ashkenas","email":"jeremy@documentcloud.org"},"contributors":[],"dependencies":{},"lib":".","main":"underscore","version":"1.1.0","_id":"underscore@1.1.0","engines":{"node":"*"},"_nodeSupported":true,"_npmVersion":"0.2.7-2","_nodeVersion":"v0.3.1-pre","dist":{"tarball":"https://registry.npmjs.org/underscore/-/underscore-1.1.0.tgz","shasum":"8bf44d9cc8c3a614d7940035522e1f95b682b071"},"directories":{},"_npmUser":{"name":"jashkenas","email":"jashkenas@gmail.com"},"maintainers":[{"name":"documentcloud","email":"jeremy@documentcloud.org"},{"name":"jashkenas","email":"jashkenas@gmail.com"}]},"1.1.1":{"name":"underscore","description":"Functional programming aid for JavaScript. Works well with jQuery.","url":"http://documentcloud.github.com/underscore/","keywords":["util","functional","server","client","browser"],"author":{"name":"Jeremy Ashkenas","email":"jeremy@documentcloud.org"},"contributors":[],"dependencies":{},"lib":".","main":"underscore","version":"1.1.1","_id":"underscore@1.1.1","engines":{"node":"*"},"_nodeSupported":true,"_npmVersion":"0.2.7-2","_nodeVersion":"v0.3.1-pre","dist":{"tarball":"https://registry.npmjs.org/underscore/-/underscore-1.1.1.tgz","shasum":"65dddb8cd0ee3f0094f46db72ea269d5a4f5fca4"},"directories":{},"_npmUser":{"name":"jashkenas","email":"jashkenas@gmail.com"},"maintainers":[{"name":"documentcloud","email":"jeremy@documentcloud.org"},{"name":"jashkenas","email":"jashkenas@gmail.com"}]},"1.1.2":{"name":"underscore","description":"Functional programming aid for JavaScript. Works well with jQuery.","url":"http://documentcloud.github.com/underscore/","keywords":["util","functional","server","client","browser"],"author":{"name":"Jeremy Ashkenas","email":"jeremy@documentcloud.org"},"contributors":[],"dependencies":{},"lib":".","main":"underscore","version":"1.1.2","_id":"underscore@1.1.2","engines":{"node":"*"},"_nodeSupported":true,"_npmVersion":"0.2.7-2","_nodeVersion":"v0.3.1-pre","dist":{"tarball":"https://registry.npmjs.org/underscore/-/underscore-1.1.2.tgz","shasum":"8cf4ae3900c32f3e3f06579d473a45ad768251e8"},"directories":{},"_npmUser":{"name":"jashkenas","email":"jashkenas@gmail.com"},"maintainers":[{"name":"documentcloud","email":"jeremy@documentcloud.org"},{"name":"jashkenas","email":"jashkenas@gmail.com"}]},"1.1.3":{"name":"underscore","description":"Functional programming aid for JavaScript. Works well with jQuery.","url":"http://documentcloud.github.com/underscore/","keywords":["util","functional","server","client","browser"],"author":{"name":"Jeremy Ashkenas","email":"jeremy@documentcloud.org"},"contributors":[],"dependencies":{},"lib":".","main":"underscore","version":"1.1.3","_id":"underscore@1.1.3","engines":{"node":"*"},"_nodeSupported":true,"_npmVersion":"0.2.8-1","_nodeVersion":"v0.2.5","dist":{"tarball":"https://registry.npmjs.org/underscore/-/underscore-1.1.3.tgz","shasum":"6bd1969042a65bd3966d8924c14909f2284631dd"},"directories":{},"_npmUser":{"name":"jashkenas","email":"jashkenas@gmail.com"},"maintainers":[{"name":"documentcloud","email":"jeremy@documentcloud.org"},{"name":"jashkenas","email":"jashkenas@gmail.com"}]},"1.1.4":{"name":"underscore","description":"Functional programming aid for JavaScript. Works well with jQuery.","url":"http://documentcloud.github.com/underscore/","keywords":["util","functional","server","client","browser"],"author":{"name":"Jeremy Ashkenas","email":"jeremy@documentcloud.org"},"contributors":[],"dependencies":{},"lib":".","main":"underscore.js","version":"1.1.4","_id":"underscore@1.1.4","engines":{"node":"*"},"_engineSupported":true,"_npmVersion":"0.3.9","_nodeVersion":"v0.5.0-pre","dist":{"shasum":"9e82274902865625b3a6d4c315a38ffd80047dae","tarball":"https://registry.npmjs.org/underscore/-/underscore-1.1.4.tgz"},"_npmUser":{"name":"jashkenas","email":"jashkenas@gmail.com"},"maintainers":[{"name":"documentcloud","email":"jeremy@documentcloud.org"},{"name":"jashkenas","email":"jashkenas@gmail.com"}],"directories":{}},"1.1.5":{"name":"underscore","description":"JavaScript's functional programming helper library.","homepage":"http://documentcloud.github.com/underscore/","keywords":["util","functional","server","client","browser"],"author":{"name":"Jeremy Ashkenas","email":"jeremy@documentcloud.org"},"contributors":[],"dependencies":{},"repository":{"type":"git","url":"git://github.com/documentcloud/underscore.git"},"main":"underscore.js","version":"1.1.5","_id":"underscore@1.1.5","engines":{"node":"*"},"_engineSupported":true,"_npmVersion":"0.3.16","_nodeVersion":"v0.4.2","directories":{},"files":[""],"_defaultsLoaded":true,"dist":{"shasum":"23601d62c75619998b2f0db24938102793336a56","tarball":"https://registry.npmjs.org/underscore/-/underscore-1.1.5.tgz"},"_npmUser":{"name":"jashkenas","email":"jashkenas@gmail.com"},"maintainers":[{"name":"documentcloud","email":"jeremy@documentcloud.org"},{"name":"jashkenas","email":"jashkenas@gmail.com"}]},"1.1.6":{"name":"underscore","description":"JavaScript's functional programming helper library.","homepage":"http://documentcloud.github.com/underscore/","keywords":["util","functional","server","client","browser"],"author":{"name":"Jeremy Ashkenas","email":"jeremy@documentcloud.org"},"contributors":[],"dependencies":{},"repository":{"type":"git","url":"git://github.com/documentcloud/underscore.git"},"main":"underscore.js","version":"1.1.6","_id":"underscore@1.1.6","engines":{"node":"*"},"_engineSupported":true,"_npmVersion":"0.3.18","_nodeVersion":"v0.4.2","directories":{},"files":[""],"_defaultsLoaded":true,"dist":{"shasum":"6868da1bdd72d75285be0b4e50f228e70d001a2c","tarball":"https://registry.npmjs.org/underscore/-/underscore-1.1.6.tgz"},"_npmUser":{"name":"jashkenas","email":"jashkenas@gmail.com"},"maintainers":[{"name":"documentcloud","email":"jeremy@documentcloud.org"},{"name":"jashkenas","email":"jashkenas@gmail.com"}]},"1.1.7":{"name":"underscore","description":"JavaScript's functional programming helper library.","homepage":"http://documentcloud.github.com/underscore/","keywords":["util","functional","server","client","browser"],"author":{"name":"Jeremy Ashkenas","email":"jeremy@documentcloud.org"},"contributors":[],"dependencies":{},"repository":{"type":"git","url":"git://github.com/documentcloud/underscore.git"},"main":"underscore.js","version":"1.1.7","devDependencies":{},"_id":"underscore@1.1.7","engines":{"node":"*"},"_engineSupported":true,"_npmVersion":"1.0.3","_nodeVersion":"v0.4.7","_defaultsLoaded":true,"dist":{"shasum":"40bab84bad19d230096e8d6ef628bff055d83db0","tarball":"https://registry.npmjs.org/underscore/-/underscore-1.1.7.tgz"},"scripts":{},"_npmUser":{"name":"jashkenas","email":"jashkenas@gmail.com"},"maintainers":[{"name":"documentcloud","email":"jeremy@documentcloud.org"},{"name":"jashkenas","email":"jashkenas@gmail.com"}],"directories":{}},"1.2.0":{"name":"underscore","description":"JavaScript's functional programming helper library.","homepage":"http://documentcloud.github.com/underscore/","keywords":["util","functional","server","client","browser"],"author":{"name":"Jeremy Ashkenas","email":"jeremy@documentcloud.org"},"contributors":[],"dependencies":{},"repository":{"type":"git","url":"git://github.com/documentcloud/underscore.git"},"main":"underscore.js","version":"1.2.0","_npmJsonOpts":{"file":"/Users/jashkenas/.npm/underscore/1.2.0/package/package.json","wscript":false,"contributors":false,"serverjs":false},"_id":"underscore@1.2.0","devDependencies":{},"engines":{"node":"*"},"_engineSupported":true,"_npmVersion":"1.0.22","_nodeVersion":"v0.4.10","_defaultsLoaded":true,"dist":{"shasum":"b32ce32c8c118caa8031c10b54c7f65ab3b557fd","tarball":"https://registry.npmjs.org/underscore/-/underscore-1.2.0.tgz"},"scripts":{},"maintainers":[{"name":"documentcloud","email":"jeremy@documentcloud.org"},{"name":"jashkenas","email":"jashkenas@gmail.com"}],"_npmUser":{"name":"jashkenas","email":"jashkenas@gmail.com"},"directories":{}},"1.2.1":{"name":"underscore","description":"JavaScript's functional programming helper library.","homepage":"http://documentcloud.github.com/underscore/","keywords":["util","functional","server","client","browser"],"author":{"name":"Jeremy Ashkenas","email":"jeremy@documentcloud.org"},"contributors":[],"dependencies":{},"repository":{"type":"git","url":"git://github.com/documentcloud/underscore.git"},"main":"underscore.js","version":"1.2.1","_npmJsonOpts":{"file":"/Users/jashkenas/.npm/underscore/1.2.1/package/package.json","wscript":false,"contributors":false,"serverjs":false},"_id":"underscore@1.2.1","devDependencies":{},"engines":{"node":"*"},"_engineSupported":true,"_npmVersion":"1.0.22","_nodeVersion":"v0.4.10","_defaultsLoaded":true,"dist":{"shasum":"fc5c6b0765673d92a2d4ac8b4dc0aa88702e2bd4","tarball":"https://registry.npmjs.org/underscore/-/underscore-1.2.1.tgz"},"scripts":{},"maintainers":[{"name":"documentcloud","email":"jeremy@documentcloud.org"},{"name":"jashkenas","email":"jashkenas@gmail.com"}],"_npmUser":{"name":"jashkenas","email":"jashkenas@gmail.com"},"directories":{}},"1.2.2":{"name":"underscore","description":"JavaScript's functional programming helper library.","homepage":"http://documentcloud.github.com/underscore/","keywords":["util","functional","server","client","browser"],"author":{"name":"Jeremy Ashkenas","email":"jeremy@documentcloud.org"},"contributors":[],"dependencies":{},"repository":{"type":"git","url":"git://github.com/documentcloud/underscore.git"},"main":"underscore.js","version":"1.2.2","_npmUser":{"name":"jashkenas","email":"jashkenas@gmail.com"},"_id":"underscore@1.2.2","devDependencies":{},"engines":{"node":"*"},"_engineSupported":true,"_npmVersion":"1.0.104","_nodeVersion":"v0.6.0","_defaultsLoaded":true,"dist":{"shasum":"74dd40e9face84e724eb2edae945b8aedc233ba3","tarball":"https://registry.npmjs.org/underscore/-/underscore-1.2.2.tgz"},"maintainers":[{"name":"documentcloud","email":"jeremy@documentcloud.org"},{"name":"jashkenas","email":"jashkenas@gmail.com"}],"directories":{}},"1.2.3":{"name":"underscore","description":"JavaScript's functional programming helper library.","homepage":"http://documentcloud.github.com/underscore/","keywords":["util","functional","server","client","browser"],"author":{"name":"Jeremy Ashkenas","email":"jeremy@documentcloud.org"},"contributors":[],"dependencies":{},"repository":{"type":"git","url":"git://github.com/documentcloud/underscore.git"},"main":"underscore.js","version":"1.2.3","_npmUser":{"name":"jashkenas","email":"jashkenas@gmail.com"},"_id":"underscore@1.2.3","devDependencies":{},"engines":{"node":"*"},"_engineSupported":true,"_npmVersion":"1.0.104","_nodeVersion":"v0.6.0","_defaultsLoaded":true,"dist":{"shasum":"11b874da70f4683d7d48bba2b44be1e600d2f6cf","tarball":"https://registry.npmjs.org/underscore/-/underscore-1.2.3.tgz"},"maintainers":[{"name":"documentcloud","email":"jeremy@documentcloud.org"},{"name":"jashkenas","email":"jashkenas@gmail.com"}],"directories":{}},"1.2.4":{"name":"underscore","description":"JavaScript's functional programming helper library.","homepage":"http://documentcloud.github.com/underscore/","keywords":["util","functional","server","client","browser"],"author":{"name":"Jeremy Ashkenas","email":"jeremy@documentcloud.org"},"contributors":[],"repository":{"type":"git","url":"git://github.com/documentcloud/underscore.git"},"main":"underscore.js","version":"1.2.4","_npmUser":{"name":"jashkenas","email":"jashkenas@gmail.com"},"_id":"underscore@1.2.4","dependencies":{},"devDependencies":{},"engines":{"node":"*"},"_engineSupported":true,"_npmVersion":"1.0.104","_nodeVersion":"v0.6.6","_defaultsLoaded":true,"dist":{"shasum":"e8da6241aa06f64df2473bb2590b8c17c84c3c7e","tarball":"https://registry.npmjs.org/underscore/-/underscore-1.2.4.tgz"},"maintainers":[{"name":"documentcloud","email":"jeremy@documentcloud.org"},{"name":"jashkenas","email":"jashkenas@gmail.com"}],"directories":{}},"1.3.0":{"name":"underscore","description":"JavaScript's functional programming helper library.","homepage":"http://documentcloud.github.com/underscore/","keywords":["util","functional","server","client","browser"],"author":{"name":"Jeremy Ashkenas","email":"jeremy@documentcloud.org"},"contributors":[],"repository":{"type":"git","url":"git://github.com/documentcloud/underscore.git"},"main":"underscore.js","version":"1.3.0","_npmUser":{"name":"jashkenas","email":"jashkenas@gmail.com"},"_id":"underscore@1.3.0","dependencies":{},"devDependencies":{},"engines":{"node":"*"},"_engineSupported":true,"_npmVersion":"1.0.104","_nodeVersion":"v0.6.6","_defaultsLoaded":true,"dist":{"shasum":"253b2d79b7bb67943ced0fc744eb18267963ede8","tarball":"https://registry.npmjs.org/underscore/-/underscore-1.3.0.tgz"},"maintainers":[{"name":"documentcloud","email":"jeremy@documentcloud.org"},{"name":"jashkenas","email":"jashkenas@gmail.com"}],"directories":{}},"1.3.1":{"name":"underscore","description":"JavaScript's functional programming helper library.","homepage":"http://documentcloud.github.com/underscore/","keywords":["util","functional","server","client","browser"],"author":{"name":"Jeremy Ashkenas","email":"jeremy@documentcloud.org"},"repository":{"type":"git","url":"git://github.com/documentcloud/underscore.git"},"main":"underscore.js","version":"1.3.1","_npmUser":{"name":"jashkenas","email":"jashkenas@gmail.com"},"_id":"underscore@1.3.1","dependencies":{},"devDependencies":{},"engines":{"node":"*"},"_engineSupported":true,"_npmVersion":"1.0.104","_nodeVersion":"v0.6.6","_defaultsLoaded":true,"dist":{"shasum":"6cb8aad0e77eb5dbbfb54b22bcd8697309cf9641","tarball":"https://registry.npmjs.org/underscore/-/underscore-1.3.1.tgz"},"maintainers":[{"name":"documentcloud","email":"jeremy@documentcloud.org"},{"name":"jashkenas","email":"jashkenas@gmail.com"}],"directories":{}},"1.3.2":{"name":"underscore","description":"JavaScript's functional programming helper library.","homepage":"http://documentcloud.github.com/underscore/","keywords":["util","functional","server","client","browser"],"author":{"name":"Jeremy Ashkenas","email":"jeremy@documentcloud.org"},"repository":{"type":"git","url":"git://github.com/documentcloud/underscore.git"},"main":"underscore.js","version":"1.3.2","_npmUser":{"name":"jashkenas","email":"jashkenas@gmail.com"},"_id":"underscore@1.3.2","dependencies":{},"devDependencies":{},"optionalDependencies":{},"engines":{"node":"*"},"_engineSupported":true,"_npmVersion":"1.1.1","_nodeVersion":"v0.6.11","_defaultsLoaded":true,"dist":{"shasum":"1b4e455089ab1d1d38ab6794ffe6cf08f764394a","tarball":"https://registry.npmjs.org/underscore/-/underscore-1.3.2.tgz"},"maintainers":[{"name":"documentcloud","email":"jeremy@documentcloud.org"},{"name":"jashkenas","email":"jashkenas@gmail.com"}],"directories":{}},"1.3.3":{"name":"underscore","description":"JavaScript's functional programming helper library.","homepage":"http://documentcloud.github.com/underscore/","keywords":["util","functional","server","client","browser"],"author":{"name":"Jeremy Ashkenas","email":"jeremy@documentcloud.org"},"repository":{"type":"git","url":"git://github.com/documentcloud/underscore.git"},"main":"underscore.js","version":"1.3.3","_npmUser":{"name":"jashkenas","email":"jashkenas@gmail.com"},"_id":"underscore@1.3.3","dependencies":{},"devDependencies":{},"optionalDependencies":{},"engines":{"node":"*"},"_engineSupported":true,"_npmVersion":"1.1.1","_nodeVersion":"v0.6.11","_defaultsLoaded":true,"dist":{"shasum":"47ac53683daf832bfa952e1774417da47817ae42","tarball":"https://registry.npmjs.org/underscore/-/underscore-1.3.3.tgz"},"maintainers":[{"name":"documentcloud","email":"jeremy@documentcloud.org"},{"name":"jashkenas","email":"jashkenas@gmail.com"}],"directories":{}},"1.4.0":{"name":"underscore","description":"JavaScript's functional programming helper library.","homepage":"http://underscorejs.org","keywords":["util","functional","server","client","browser"],"author":{"name":"Jeremy Ashkenas","email":"jeremy@documentcloud.org"},"repository":{"type":"git","url":"git://github.com/documentcloud/underscore.git"},"main":"underscore.js","version":"1.4.0","_id":"underscore@1.4.0","dist":{"shasum":"caaf510c272cbb53748a225dcfd906e5f5a5ccdd","tarball":"https://registry.npmjs.org/underscore/-/underscore-1.4.0.tgz"},"_npmVersion":"1.1.49","_npmUser":{"name":"jashkenas","email":"jashkenas@gmail.com"},"maintainers":[{"name":"jashkenas","email":"jashkenas@gmail.com"}],"directories":{}},"1.4.1":{"name":"underscore","description":"JavaScript's functional programming helper library.","homepage":"http://underscorejs.org","keywords":["util","functional","server","client","browser"],"author":{"name":"Jeremy Ashkenas","email":"jeremy@documentcloud.org"},"repository":{"type":"git","url":"git://github.com/documentcloud/underscore.git"},"main":"underscore.js","version":"1.4.1","_id":"underscore@1.4.1","dist":{"shasum":"f6a25ffe5d6d3ed4fe8fef37c3a9bfe689b16bb9","tarball":"https://registry.npmjs.org/underscore/-/underscore-1.4.1.tgz"},"_npmVersion":"1.1.49","_npmUser":{"name":"jashkenas","email":"jashkenas@gmail.com"},"maintainers":[{"name":"jashkenas","email":"jashkenas@gmail.com"}],"directories":{}},"1.4.2":{"name":"underscore","description":"JavaScript's functional programming helper library.","homepage":"http://underscorejs.org","keywords":["util","functional","server","client","browser"],"author":{"name":"Jeremy Ashkenas","email":"jeremy@documentcloud.org"},"repository":{"type":"git","url":"git://github.com/documentcloud/underscore.git"},"main":"underscore.js","version":"1.4.2","_id":"underscore@1.4.2","dist":{"shasum":"cb2aae6a7999a89fd55aaee75bce0311698cebfb","tarball":"https://registry.npmjs.org/underscore/-/underscore-1.4.2.tgz"},"_npmVersion":"1.1.49","_npmUser":{"name":"jashkenas","email":"jashkenas@gmail.com"},"maintainers":[{"name":"jashkenas","email":"jashkenas@gmail.com"}],"directories":{}},"1.4.3":{"name":"underscore","description":"JavaScript's functional programming helper library.","homepage":"http://underscorejs.org","keywords":["util","functional","server","client","browser"],"author":{"name":"Jeremy Ashkenas","email":"jeremy@documentcloud.org"},"repository":{"type":"git","url":"git://github.com/documentcloud/underscore.git"},"main":"underscore.js","version":"1.4.3","_id":"underscore@1.4.3","dist":{"shasum":"b3d0aaa1ee74d886ea4f2648021a4f8ad779ed1d","tarball":"https://registry.npmjs.org/underscore/-/underscore-1.4.3.tgz"},"_npmVersion":"1.1.63","_npmUser":{"name":"jashkenas","email":"jashkenas@gmail.com"},"maintainers":[{"name":"jashkenas","email":"jashkenas@gmail.com"}],"directories":{}},"1.4.4":{"name":"underscore","description":"JavaScript's functional programming helper library.","homepage":"http://underscorejs.org","keywords":["util","functional","server","client","browser"],"author":{"name":"Jeremy Ashkenas","email":"jeremy@documentcloud.org"},"repository":{"type":"git","url":"git://github.com/documentcloud/underscore.git"},"main":"underscore.js","version":"1.4.4","devDependencies":{"phantomjs":"0.2.2"},"scripts":{"test":"phantomjs test/vendor/runner.js test/index.html?noglobals=true"},"_id":"underscore@1.4.4","dist":{"shasum":"61a6a32010622afa07963bf325203cf12239d604","tarball":"https://registry.npmjs.org/underscore/-/underscore-1.4.4.tgz"},"_npmVersion":"1.1.63","_npmUser":{"name":"jashkenas","email":"jashkenas@gmail.com"},"maintainers":[{"name":"jashkenas","email":"jashkenas@gmail.com"}],"directories":{}},"1.5.0":{"name":"underscore","description":"JavaScript's functional programming helper library.","homepage":"http://underscorejs.org","keywords":["util","functional","server","client","browser"],"author":{"name":"Jeremy Ashkenas","email":"jeremy@documentcloud.org"},"repository":{"type":"git","url":"git://github.com/documentcloud/underscore.git"},"main":"underscore.js","version":"1.5.0","devDependencies":{"phantomjs":"1.9.0-1"},"scripts":{"test":"phantomjs test/vendor/runner.js test/index.html?noglobals=true"},"license":"MIT","bugs":{"url":"https://github.com/documentcloud/underscore/issues"},"_id":"underscore@1.5.0","dist":{"shasum":"90c57994d1de16aab8938142e3c5b43547019362","tarball":"https://registry.npmjs.org/underscore/-/underscore-1.5.0.tgz"},"_from":".","_npmVersion":"1.2.24","_npmUser":{"name":"jashkenas","email":"jashkenas@gmail.com"},"maintainers":[{"name":"jashkenas","email":"jashkenas@gmail.com"}],"directories":{}},"1.5.1":{"name":"underscore","description":"JavaScript's functional programming helper library.","homepage":"http://underscorejs.org","keywords":["util","functional","server","client","browser"],"author":{"name":"Jeremy Ashkenas","email":"jeremy@documentcloud.org"},"repository":{"type":"git","url":"git://github.com/jashkenas/underscore.git"},"main":"underscore.js","version":"1.5.1","devDependencies":{"phantomjs":"1.9.0-1"},"scripts":{"test":"phantomjs test/vendor/runner.js test/index.html?noglobals=true"},"license":"MIT","bugs":{"url":"https://github.com/jashkenas/underscore/issues"},"_id":"underscore@1.5.1","dist":{"shasum":"d2bde817d176ffade894ab71458e682a14b86dc9","tarball":"https://registry.npmjs.org/underscore/-/underscore-1.5.1.tgz"},"_from":".","_npmVersion":"1.2.24","_npmUser":{"name":"jashkenas","email":"jashkenas@gmail.com"},"maintainers":[{"name":"jashkenas","email":"jashkenas@gmail.com"}],"directories":{}},"1.5.2":{"name":"underscore","description":"JavaScript's functional programming helper library.","homepage":"http://underscorejs.org","keywords":["util","functional","server","client","browser"],"author":{"name":"Jeremy Ashkenas","email":"jeremy@documentcloud.org"},"repository":{"type":"git","url":"git://github.com/jashkenas/underscore.git"},"main":"underscore.js","version":"1.5.2","devDependencies":{"phantomjs":"1.9.0-1"},"scripts":{"test":"phantomjs test/vendor/runner.js test/index.html?noglobals=true"},"licenses":[{"type":"MIT","url":"https://raw.github.com/jashkenas/underscore/master/LICENSE"}],"files":["underscore.js","underscore-min.js","LICENSE"],"bugs":{"url":"https://github.com/jashkenas/underscore/issues"},"_id":"underscore@1.5.2","dist":{"shasum":"1335c5e4f5e6d33bbb4b006ba8c86a00f556de08","tarball":"https://registry.npmjs.org/underscore/-/underscore-1.5.2.tgz"},"_from":".","_npmVersion":"1.3.5","_npmUser":{"name":"jashkenas","email":"jashkenas@gmail.com"},"maintainers":[{"name":"jashkenas","email":"jashkenas@gmail.com"}],"directories":{}},"1.6.0":{"name":"underscore","description":"JavaScript's functional programming helper library.","homepage":"http://underscorejs.org","keywords":["util","functional","server","client","browser"],"author":{"name":"Jeremy Ashkenas","email":"jeremy@documentcloud.org"},"repository":{"type":"git","url":"git://github.com/jashkenas/underscore.git"},"main":"underscore.js","version":"1.6.0","devDependencies":{"docco":"0.6.x","phantomjs":"1.9.0-1","uglify-js":"2.4.x"},"scripts":{"test":"phantomjs test/vendor/runner.js test/index.html?noglobals=true","build":"uglifyjs underscore.js -c \"evaluate=false\" --comments \"/    .*/\" -m --source-map underscore-min.map -o underscore-min.js","doc":"docco underscore.js"},"licenses":[{"type":"MIT","url":"https://raw.github.com/jashkenas/underscore/master/LICENSE"}],"files":["underscore.js","underscore-min.js","LICENSE"],"bugs":{"url":"https://github.com/jashkenas/underscore/issues"},"_id":"underscore@1.6.0","dist":{"shasum":"8b38b10cacdef63337b8b24e4ff86d45aea529a8","tarball":"https://registry.npmjs.org/underscore/-/underscore-1.6.0.tgz"},"_from":".","_npmVersion":"1.3.21","_npmUser":{"name":"jashkenas","email":"jashkenas@gmail.com"},"maintainers":[{"name":"jashkenas","email":"jashkenas@gmail.com"}],"directories":{}},"1.7.0":{"name":"underscore","description":"JavaScript's functional programming helper library.","homepage":"http://underscorejs.org","keywords":["util","functional","server","client","browser"],"author":{"name":"Jeremy Ashkenas","email":"jeremy@documentcloud.org"},"repository":{"type":"git","url":"git://github.com/jashkenas/underscore.git"},"main":"underscore.js","version":"1.7.0","devDependencies":{"docco":"0.6.x","phantomjs":"1.9.7-1","uglify-js":"2.4.x","eslint":"0.6.x"},"scripts":{"test":"phantomjs test/vendor/runner.js test/index.html?noglobals=true && eslint underscore.js test/*.js test/vendor/runner.js","build":"uglifyjs underscore.js -c \"evaluate=false\" --comments \"/    .*/\" -m --source-map underscore-min.map -o underscore-min.js","doc":"docco underscore.js"},"licenses":[{"type":"MIT","url":"https://raw.github.com/jashkenas/underscore/master/LICENSE"}],"files":["underscore.js","underscore-min.js","LICENSE"],"gitHead":"da996e665deb0b69b257e80e3e257c04fde4191c","bugs":{"url":"https://github.com/jashkenas/underscore/issues"},"_id":"underscore@1.7.0","_shasum":"6bbaf0877500d36be34ecaa584e0db9fef035209","_from":".","_npmVersion":"1.4.24","_npmUser":{"name":"jashkenas","email":"jashkenas@gmail.com"},"maintainers":[{"name":"jashkenas","email":"jashkenas@gmail.com"}],"dist":{"shasum":"6bbaf0877500d36be34ecaa584e0db9fef035209","tarball":"https://registry.npmjs.org/underscore/-/underscore-1.7.0.tgz"},"directories":{}},"1.8.0":{"name":"underscore","description":"JavaScript's functional programming helper library.","homepage":"http://underscorejs.org","keywords":["util","functional","server","client","browser"],"author":{"name":"Jeremy Ashkenas","email":"jeremy@documentcloud.org"},"repository":{"type":"git","url":"git://github.com/jashkenas/underscore.git"},"main":"underscore.js","version":"1.8.0","devDependencies":{"docco":"0.6.x","eslint":"0.6.x","karma":"~0.12.31","karma-qunit":"~0.1.4","qunit-cli":"~0.2.0","uglify-js":"2.4.x"},"scripts":{"test":"npm run test-node && npm run lint","lint":"eslint underscore.js test/*.js","test-node":"qunit-cli test/*.js","test-browser":"npm i karma-phantomjs-launcher && ./node_modules/karma/bin/karma start","build":"uglifyjs underscore.js -c \"evaluate=false\" --comments \"/    .*/\" -m --source-map underscore-min.map -o underscore-min.js","doc":"docco underscore.js"},"license":"MIT","files":["underscore.js","underscore-min.js","underscore-min.map","LICENSE"],"gitHead":"1aed9ec063715cd6a69fdd42b29d4ee40b3a00b2","bugs":{"url":"https://github.com/jashkenas/underscore/issues"},"_id":"underscore@1.8.0","_shasum":"eb40b4e7694db3e376f2f4392fb2a2f803063f01","_from":".","_npmVersion":"1.4.28","_npmUser":{"name":"jashkenas","email":"jashkenas@gmail.com"},"maintainers":[{"name":"jashkenas","email":"jashkenas@gmail.com"}],"dist":{"shasum":"eb40b4e7694db3e376f2f4392fb2a2f803063f01","tarball":"https://registry.npmjs.org/underscore/-/underscore-1.8.0.tgz"},"directories":{}},"1.8.1":{"name":"underscore","description":"JavaScript's functional programming helper library.","homepage":"http://underscorejs.org","keywords":["util","functional","server","client","browser"],"author":{"name":"Jeremy Ashkenas","email":"jeremy@documentcloud.org"},"repository":{"type":"git","url":"git://github.com/jashkenas/underscore.git"},"main":"underscore.js","version":"1.8.1","devDependencies":{"docco":"0.6.x","eslint":"0.6.x","karma":"~0.12.31","karma-qunit":"~0.1.4","qunit-cli":"~0.2.0","uglify-js":"2.4.x"},"scripts":{"test":"npm run test-node && npm run lint","lint":"eslint underscore.js test/*.js","test-node":"qunit-cli test/*.js","test-browser":"npm i karma-phantomjs-launcher && ./node_modules/karma/bin/karma start","build":"uglifyjs underscore.js -c \"evaluate=false\" --comments \"/    .*/\" -m --source-map underscore-min.map -o underscore-min.js","doc":"docco underscore.js"},"license":"MIT","files":["underscore.js","underscore-min.js","underscore-min.map","LICENSE"],"gitHead":"834acb6dde9665b9d1c1700e3aeee7e253e9d76f","bugs":{"url":"https://github.com/jashkenas/underscore/issues"},"_id":"underscore@1.8.1","_shasum":"1581e7870f5db1bb77b9ddf0c1904df6525880ae","_from":".","_npmVersion":"1.4.28","_npmUser":{"name":"jashkenas","email":"jashkenas@gmail.com"},"maintainers":[{"name":"jashkenas","email":"jashkenas@gmail.com"}],"dist":{"shasum":"1581e7870f5db1bb77b9ddf0c1904df6525880ae","tarball":"https://registry.npmjs.org/underscore/-/underscore-1.8.1.tgz"},"directories":{}},"1.8.2":{"name":"underscore","description":"JavaScript's functional programming helper library.","homepage":"http://underscorejs.org","keywords":["util","functional","server","client","browser"],"author":{"name":"Jeremy Ashkenas","email":"jeremy@documentcloud.org"},"repository":{"type":"git","url":"git://github.com/jashkenas/underscore.git"},"main":"underscore.js","version":"1.8.2","devDependencies":{"docco":"*","eslint":"0.6.x","karma":"~0.12.31","karma-qunit":"~0.1.4","qunit-cli":"~0.2.0","uglify-js":"2.4.x"},"scripts":{"test":"npm run test-node && npm run lint","lint":"eslint underscore.js test/*.js","test-node":"qunit-cli test/*.js","test-browser":"npm i karma-phantomjs-launcher && ./node_modules/karma/bin/karma start","build":"uglifyjs underscore.js -c \"evaluate=false\" --comments \"/    .*/\" -m --source-map underscore-min.map -o underscore-min.js","doc":"docco underscore.js"},"license":"MIT","files":["underscore.js","underscore-min.js","underscore-min.map","LICENSE"],"gitHead":"19db749b190a7cb5a8b7ab1aab42c0e9dc517250","bugs":{"url":"https://github.com/jashkenas/underscore/issues"},"_id":"underscore@1.8.2","_shasum":"64df2eb590899de950782f3735190ba42ebf311d","_from":".","_npmVersion":"1.4.28","_npmUser":{"name":"jashkenas","email":"jashkenas@gmail.com"},"maintainers":[{"name":"jashkenas","email":"jashkenas@gmail.com"}],"dist":{"shasum":"64df2eb590899de950782f3735190ba42ebf311d","tarball":"https://registry.npmjs.org/underscore/-/underscore-1.8.2.tgz"},"directories":{}},"1.8.3":{"name":"underscore","description":"JavaScript's functional programming helper library.","homepage":"http://underscorejs.org","keywords":["util","functional","server","client","browser"],"author":{"name":"Jeremy Ashkenas","email":"jeremy@documentcloud.org"},"repository":{"type":"git","url":"git://github.com/jashkenas/underscore.git"},"main":"underscore.js","version":"1.8.3","devDependencies":{"docco":"*","eslint":"0.6.x","karma":"~0.12.31","karma-qunit":"~0.1.4","qunit-cli":"~0.2.0","uglify-js":"2.4.x"},"scripts":{"test":"npm run test-node && npm run lint","lint":"eslint underscore.js test/*.js","test-node":"qunit-cli test/*.js","test-browser":"npm i karma-phantomjs-launcher && ./node_modules/karma/bin/karma start","build":"uglifyjs underscore.js -c \"evaluate=false\" --comments \"/    .*/\" -m --source-map underscore-min.map -o underscore-min.js","doc":"docco underscore.js"},"license":"MIT","files":["underscore.js","underscore-min.js","underscore-min.map","LICENSE"],"gitHead":"e4743ab712b8ab42ad4ccb48b155034d02394e4d","bugs":{"url":"https://github.com/jashkenas/underscore/issues"},"_id":"underscore@1.8.3","_shasum":"4f3fb53b106e6097fcf9cb4109f2a5e9bdfa5022","_from":".","_npmVersion":"1.4.28","_npmUser":{"name":"jashkenas","email":"jashkenas@gmail.com"},"maintainers":[{"name":"jashkenas","email":"jashkenas@gmail.com"}],"dist":{"shasum":"4f3fb53b106e6097fcf9cb4109f2a5e9bdfa5022","tarball":"https://registry.npmjs.org/underscore/-/underscore-1.8.3.tgz"},"directories":{}}},"maintainers":[{"name":"jashkenas","email":"jashkenas@gmail.com"},{"name":"jridgewell","email":"justin+npm@ridgewell.name"}],"author":{"name":"Jeremy Ashkenas","email":"jeremy@documentcloud.org"},"time":{"modified":"2017-03-25T17:54:47.243Z","created":"2011-01-09T19:04:10.529Z","1.0.3":"2011-12-07T15:12:18.045Z","1.0.4":"2011-12-07T15:12:18.045Z","1.1.0":"2011-12-07T15:12:18.045Z","1.1.1":"2011-12-07T15:12:18.045Z","1.1.2":"2011-12-07T15:12:18.045Z","1.1.3":"2011-12-07T15:12:18.045Z","1.1.4":"2011-12-07T15:12:18.045Z","1.1.5":"2011-12-07T15:12:18.045Z","1.1.6":"2011-12-07T15:12:18.045Z","1.1.7":"2011-12-07T15:12:18.045Z","1.2.0":"2011-12-07T15:12:18.045Z","1.2.1":"2011-12-07T15:12:18.045Z","1.2.2":"2011-11-14T20:28:47.115Z","1.2.3":"2011-12-07T15:12:18.045Z","1.2.4":"2012-01-09T17:23:14.818Z","1.3.0":"2012-01-11T16:41:38.459Z","1.3.1":"2012-01-23T22:57:36.474Z","1.3.2":"2012-04-09T18:38:14.345Z","1.3.3":"2012-04-10T14:43:48.089Z","1.4.0":"2012-09-27T22:02:55.267Z","1.4.1":"2012-10-01T17:20:22.595Z","1.4.2":"2012-10-07T03:05:02.986Z","1.4.3":"2012-12-04T18:47:36.401Z","1.4.4":"2013-01-30T02:12:42.969Z","1.5.0":"2013-07-06T18:05:58.721Z","1.5.1":"2013-07-08T08:38:10.051Z","1.5.2":"2013-09-07T13:00:28.048Z","1.6.0":"2014-02-10T21:14:55.838Z","1.7.0":"2014-08-26T22:16:25.836Z","1.8.0":"2015-02-20T00:14:01.838Z","1.8.1":"2015-02-20T03:20:05.519Z","1.8.2":"2015-02-22T14:14:32.785Z","1.8.3":"2015-04-02T15:32:54.520Z"},"repository":{"type":"git","url":"git://github.com/jashkenas/underscore.git"},"users":{"mvolkmann":true,"lancehunt":true,"mikl":true,"linus":true,"vasc":true,"bat":true,"dmalam":true,"mbrevoort":true,"danielr":true,"rsimoes":true,"jharding":true,"tellnes":true,"fgribreau":true,"pid":true,"tylerstalder":true,"graemef":true,"gillesruppert":true,"travishorn":true,"m42am":true,"bencevans":true,"Scryptonite":true,"konklone":true,"bryanburgers":true,"ehershey":true,"freethenation":true,"dannydulai":true,"megadrive":true,"lupomontero":true,"cj.nichols":true,"dbrockman":true,"maxmaximov":true,"hyqhyq_3":true,"zonetti":true,"cparker15":true,"lemulot":true,"mlowe":true,"chilts":true,"shanewholloway":true,"elgs":true,"eins78":true,"moonpyk":true,"awaterma":true,"raitucarp":true,"victorquinn":true,"netroy":true,"davidgaya":true,"everywhere.js":true,"tigefa":true,"pana":true,"spekkionu":true,"mhaidarh":true,"einfallstoll":true,"simloovoo":true,"mpinteractiv":true,"darosh":true,"tpwk":true,"cedrickchee":true,"claveren":true,"xtopher":true,"gammasoft":true,"lomatek":true,"thomas-so":true,"oliversalzburg":true,"nosch":true,"rod":true,"vegera":true,"clintonhalpin":true,"seldo":true,"priyaranjan":true,"cilindrox":true,"rrobayna":true,"casoetan":true,"ajduke":true,"bosspj":true,"protonss":true,"mgesmundo":true,"zeusdeux":true,"jetsetty":true,"evkline":true,"bcoe":true,"nbu":true,"tehdb":true,"ericlondon":true,"obihann":true,"wangxian":true,"funroll":true,"leventkaragol":true,"beyoung":true,"davidhalldor":true,"cocopas":true,"imnicosuarez":true,"furkanom":true,"andydrew":true,"mrmakeit":true,"mmierswa":true,"jasonw":true,"adamk":true,"runningtalus":true,"sironfoot":true,"ezhi":true,"suomiton":true,"uris77":true,"fill":true,"ksnieck":true,"nithanaroy":true,"abalandin":true,"jasonweng":true,"zenanyoo":true,"djbrandl":true,"davidrlee":true,"dereknelson":true,"nohponex":true,"frk1705":true,"thitinun":true,"pilsy":true,"lpgray":true,"tchey":true,"arrc":true,"skinnybrit51":true,"tmypawa":true,"smashingeric":true,"tsangint":true,"dercoder":true,"slahav":true,"moxiaohe":true,"truongpv":true,"gregoryteach":true,"goblindegook":true,"atd":true,"tommyjs7":true,"adammcarth":true,"sroccaserra":true,"yourhoneysky":true,"jashkenas":true,"eliagrady":true,"jits":true,"lukecarrier":true,"knoxpayments":true,"kingcron":true,"morewry":true,"karmadude":true,"kungkk":true,"johno":true,"henryfour":true,"augusto.altman":true,"jesus81":true,"cbowdon":true,"hrmoller":true,"hkbarton":true,"minchnew":true,"richard.webb":true,"alexahdp":true,"kickthesky":true,"bkimminich":true,"maobean":true,"windhamdavid":true,"piecioshka":true,"l0n9h02n":true,"wxnet":true,"genediazjr":true,"oakley349":true,"ascheink":true,"lellansin":true,"cwhopkins":true,"dgarlitt":true,"congcong":true,"avinashkoyyana":true,"rorygreig":true,"macluvin":true,"ryanj":true,"jerryzou":true,"swak":true,"gdbtek":true,"themanspeaker":true,"stennettm":true,"richarddavenport":true,"porkbits":true,"kruemelo":true,"thorsson":true,"netzflechter":true,"taekgeun":true,"ikoala":true,"kenjisan4u":true,"indexzero":true,"eterna2":true,"mnemr":true,"excentric":true,"wangnan0610":true,"jezzalaycock":true,"devonoel":true,"greendwin":true,"midknight41":true,"caligone":true,"f124275809":true,"io2work":true,"icflorescu":true,"aitorllj93":true,"batosai":true,"stuligan":true,"infinitycbs":true,"tkhemani":true,"craigsapp":true,"sametsisartenep":true,"andreaspag":true,"yasinaydin":true,"pnevares":true,"princemaple":true,"haeck":true,"mathieuancelin":true,"pughpugh":true,"jaggedsoft":true,"j3kz":true,"sobering":true,"vchouhan":true,"wambulance":true,"mccarter":true,"goodseller":true,"ysk8":true,"zambon":true,"joeyblue":true,"jostw":true,"skyinlayer":true,"broxmgs":true,"dpkg":true,"plord":true,"seanjh":true,"vboctor":true,"jmm23":true,"rugare":true,"blackoperat":true,"alphavibe":true,"sharper":true,"keeyanajones":true,"subchen":true,"dongxu":true,"risyasin":true,"jakemiller":true,"huntie":true,"jmshahen":true,"itonyyo":true,"minghe":true,"chadwatson":true,"klipsil":true,"huytard":true,"orlenka":true,"makediff":true,"dac2205":true,"sbrajesh":true,"dlaume":true,"chriscalo":true,"dolymood":true,"richfoxton":true,"sanketss84":true,"johnny.young":true,"cycomachead":true,"jimkropa":true,"sonhuytran":true,"damianof":true,"subso":true,"thepanuto":true,"imchale":true,"leejefon":true,"ernie55ernie":true,"robermac":true,"sezgin":true,"cestrensem":true,"bpatel":true,"stevenlothrop":true,"karlbateman":true,"fvcproductions":true,"freshlogic":true,"kurtz1993":true,"jqcdq8":true,"amaynut":true,"yogapan":true,"maxime1992":true,"2dxgujun":true,"dbck":true,"warapitiya":true,"jeffb_incontact":true,"wkaifang":true,"ericmash":true,"vishwasc":true,"pacotole":true,"kelerliao":true,"matthewbauer":true,"arnoldstoba":true,"romelperez":true,"nicwaller":true,"mamalat":true,"jozias":true,"pdedkov":true,"edwin_estrada":true,"jasonevrtt":true,"sky3r":true,"gollojs":true,"naokie":true,"linuxwizard":true,"zhoutk":true,"jkrenge":true,"alectic":true,"liushoukai":true,"xeoneux":true,"wmarra":true,"andersonsantos":true,"frankxin":true,"kobleistvan":true,"crazyjingling":true,"eviratec":true,"nickeltobias":true,"adonai":true,"pandao":true,"dpjayasekara":true,"awddwaadzz":true,"ffi":true,"tylerm":true,"maur1th":true,"josejaguirre":true,"piyushmakhija":true,"jiku":true,"thomas.miele":true,"clisun":true,"leandro.rosagf":true,"jerous":true,"dittodhole":true,"itskdk":true,"wulfgarpro":true,"richardcfelix":true,"digitalextremist":true,"crabb":true,"sparkrico":true,"cfleschhut":true,"rwhogg":true,"thiagoh":true,"shlomi":true,"hacksalot":true,"tobiasnickel":true,"corca":true,"wfcookie":true,"ychang225":true,"davidbraun":true,"lukaserat":true,"jyounce":true,"bhenav":true,"ragex1337":true,"novalu":true,"timdp":true,"doptrois":true,"arbazsiddiqui":true,"donvercety":true,"miketr2000":true,"demod":true,"hughescr":true,"qddegtya":true,"lionet":true,"ceogavin":true,"wander_lp":true,"demopark":true,"nexume":true,"apehead":true,"vamakoda":true,"prestorondo":true,"markoni":true,"hgbabu":true,"philiiiiiipp":true,"coalesce":true,"lex_nel":true,"roman-io":true,"vinta":true,"sternelee":true,"lisafrench":true,"pruettti":true,"dnik":true,"dmikam":true,"kimkee":true,"jasonwang1888":true,"asm2hex":true,"aldofunes":true,"dabin":true,"ezeikel":true,"mseminatore":true,"monjer":true,"potnox":true,"garustar":true,"martii":true,"riteshg":true,"tin-lek":true,"heyimeugene":true,"binq":true,"fasdgoc":true,"jrockowitz":true,"icerainnuaa":true,"akinjide":true,"kaapex":true,"apwn":true,"ekmpls":true,"merrickp":true,"qinbx":true,"amdsouza92":true,"hyokosdeveloper":true,"muroc":true,"xxsnake28":true,"davidcaballeroj":true,"almgwary":true,"sopov":true,"mryeol":true,"mcl":true,"faraoman":true,"frankwinter":true,"vzonys":true,"samersm":true,"gejiawen":true,"ungurys":true,"razr9":true,"ivan.marquez":true,"brainpoint":true,"apopek":true,"roxnz":true,"alex-the-dev":true,"katsos":true,"ironmaniiith":true,"rocket0191":true,"shahyar":true,"ramzesucr":true,"zanner":true,"degouville":true,"tmurngon":true,"pfuri":true,"danielbayley":true,"krabello":true,"dburdese":true,"eijs":true,"erniep888":true,"prbsas":true,"alexey-mish":true,"mobeicaoyuan":true,"luiscauro":true,"onursumer":true,"iandstanley":true,"mojaray2k":true,"fahadjadoon":true,"igorsetsfire":true,"wgao19":true,"langri-sha":true,"wenhsiaoyi":true,"a.sanchez":true,"adilalam":true,"danielmihai":true,"adamdreszer":true,"bapinney":true,"tunjos":true,"rylan_yan":true,"austinbillings":true,"bobxuyang":true,"charlietango592":true,"wearevilla":true,"prime156":true,"ahmetertem":true,"pixelcraft":true,"morogasper":true,"skellertor":true,"anoubis":true,"bengineer":true,"jasonleewilson":true,"ukrbublik":true,"onursimsek":true,"arvindrsingh":true,"xmalinov":true,"cvc":true,"olonam":true,"madalozzo":true,"s.well":true,"sprybear":true,"chinawolf_wyp":true,"lunaroyster":true,"warcrydoggie":true,"abernier":true,"vinnyfonseca":true,"junos":true,"blackrocky":true,"icodeforcookies":true,"noncreature0714":true},"readme":"                       __\n                      /\\ \\                                                         __\n     __  __    ___    \\_\\ \\     __   _ __   ____    ___    ___   _ __    __       /\\_\\    ____\n    /\\ \\/\\ \\ /' _ `\\  /'_  \\  /'__`\\/\\  __\\/ ,__\\  / ___\\ / __`\\/\\  __\\/'__`\\     \\/\\ \\  /',__\\\n    \\ \\ \\_\\ \\/\\ \\/\\ \\/\\ \\ \\ \\/\\  __/\\ \\ \\//\\__, `\\/\\ \\__//\\ \\ \\ \\ \\ \\//\\  __/  __  \\ \\ \\/\\__, `\\\n     \\ \\____/\\ \\_\\ \\_\\ \\___,_\\ \\____\\\\ \\_\\\\/\\____/\\ \\____\\ \\____/\\ \\_\\\\ \\____\\/\\_\\ _\\ \\ \\/\\____/\n      \\/___/  \\/_/\\/_/\\/__,_ /\\/____/ \\/_/ \\/___/  \\/____/\\/___/  \\/_/ \\/____/\\/_//\\ \\_\\ \\/___/\n                                                                                  \\ \\____/\n                                                                                   \\/___/\n\nUnderscore.js is a utility-belt library for JavaScript that provides\nsupport for the usual functional suspects (each, map, reduce, filter...)\nwithout extending any core JavaScript objects.\n\nFor Docs, License, Tests, and pre-packed downloads, see:\nhttp://underscorejs.org\n\nUnderscore is an open-sourced component of DocumentCloud:\nhttps://github.com/documentcloud\n\nMany thanks to our contributors:\nhttps://github.com/jashkenas/underscore/contributors\n","readmeFilename":"README.md","homepage":"http://underscorejs.org","keywords":["util","functional","server","client","browser"],"bugs":{"url":"https://github.com/jashkenas/underscore/issues"},"license":"MIT","_attachments":{},"_etag":"W/\"58d6aee7-acb8\"","_lastModified":"Sat, 25 Mar 2017 17:54:47 GMT"}