{"digest":"7843074dd162b61c7fc9ff62d55eccfbfcdb78d5","css":".deprecation-cop-status .icon.icon-alert:before {\n  width: 17px;\n}\n.deprecation-cop {\n  overflow: auto;\n  -webkit-flex: 1;\n  background-color: #202329 !important;\n}\n.deprecation-cop .deprecation-overview:after {\n  content: '';\n  clear: both;\n  display: block;\n}\n.deprecation-cop .deprecation-info {\n  padding: 0 10px;\n}\n.deprecation-cop .deprecation-info:hover {\n  background-color: #393d49 !important;\n}\n.deprecation-cop .deprecation-detail.list-item {\n  white-space: normal;\n  clear: both;\n}\n.deprecation-cop .deprecation-detail.list-item .deprecation-message {\n  padding: 5px 0 5px 28px;\n  line-height: 1.4;\n  font-size: 12px;\n}\n.deprecation-cop .deprecation-detail.list-item .deprecation-message p:last-child {\n  margin-bottom: 0;\n}\n.deprecation-cop .deprecation-detail.list-item .icon-alert {\n  margin-top: 5px;\n  float: left;\n}\n.deprecation-cop .collapsed > ul {\n  display: none;\n}\n.deprecation-cop .list {\n  list-style-type: none;\n  padding: 0;\n}\n.deprecation-cop .stack-trace {\n  background-color: #202329;\n  padding: 10px;\n  margin-bottom: 10px;\n}\n.deprecation-cop a {\n  color: #d7d9e0;\n}\n","imports":[{"path":"static\\variables\\ui-variables.less","digest":"a51b652b59d33fcd2efa2fd725a78735dbbcf655"},{"path":"static\\variables\\syntax-variables.less","digest":"161404ff92113205d84a38441681ded1e4527102"},{"path":"node_modules\\one-dark-ui\\styles\\ui-variables.less","digest":"167b76db825c0cf96e489ecebedd0723861ea9cc"},{"path":"C:\\Users\\Abraão Batista\\.atom\\packages\\itg-dark-syntax\\styles\\syntax-variables.less","digest":"118b23aa0d349df2e906526ebc14bfdc5ff57e47"}],"version":1}