{"digest":"9388e1cd27b0b0fd67e21bdbc809d996b8d27706","css":".incompatible-packages {\n  background-color: #272a32;\n  overflow-y: scroll;\n}\n.incompatible-packages .incompatible-package {\n  padding: 15px;\n  margin-bottom: 10px;\n  border-radius: 6px;\n  border: 1px solid #d1d1d2;\n  background-color: #fafafa;\n  overflow: hidden;\n}\n.incompatible-packages .incompatible-package .badge {\n  margin-left: 1em;\n}\n.incompatible-packages .incompatible-package .heading {\n  margin-top: 0px;\n}\n.incompatible-packages .incompatible-package ul {\n  padding-left: 1em;\n}\n.incompatible-packages .incompatible-package li {\n  list-style-type: none;\n}\n.incompatible-packages .incompatible-package pre {\n  margin-top: 2em;\n  max-height: 25em;\n  overflow: scroll;\n  color: #ff6347;\n}\n.incompatible-packages-status {\n  padding-left: 2px;\n}\n","imports":[{"path":"static\\variables\\ui-variables.less","digest":"a51b652b59d33fcd2efa2fd725a78735dbbcf655"},{"path":"static\\variables\\syntax-variables.less","digest":"161404ff92113205d84a38441681ded1e4527102"},{"path":"node_modules\\one-dark-ui\\styles\\ui-variables.less","digest":"167b76db825c0cf96e489ecebedd0723861ea9cc"},{"path":"C:\\Users\\Abraão Batista\\.atom\\packages\\itg-dark-syntax\\styles\\syntax-variables.less","digest":"118b23aa0d349df2e906526ebc14bfdc5ff57e47"}],"version":1}