{"_id":"har-validator","_rev":"38-75bf2a13b8205c81e195fb0fa65b9964","name":"har-validator","description":"Extremely fast HTTP Archive (HAR) validator using JSON Schema","dist-tags":{"latest":"2.0.6"},"versions":{"1.0.0":{"version":"1.0.0","name":"har-validator","description":"HTTP Archive (HAR) validator using JSON Schema","author":{"name":"Ahmad Nassri","email":"ahmad@ahmadnassri.com","url":"https://www.ahmadnassri.com/"},"license":"MIT","main":"./src/index.js","bin":{"har-validator":"./bin/har-validator"},"engines":{"node":"0.10.x","npm":"1.4.x"},"repository":{"type":"git","url":"https://github.com/ahmadnassri/har-validator.git"},"bugs":{"url":"https://github.com/ahmadnassri/har-validator/issues"},"keywords":["HAR","HTTP","Archive"],"scripts":{"test":"mocha -R spec"},"devDependencies":{"mocha":"^2.1.0","should":"^4.6.1"},"dependencies":{"chalk":"^0.5.1","commander":"^2.6.0","is-my-json-valid":"^2.4.0"},"gitHead":"5fbbe36e44eb9596b824bb0d329abe98f7c7a1f6","homepage":"https://github.com/ahmadnassri/har-validator","_id":"har-validator@1.0.0","_shasum":"120380a05cc6a46f5a7b45ea96dab7348ad62649","_from":".","_npmVersion":"1.4.28","_npmUser":{"name":"ahmadnassri","email":"ahmad@ahmadnassri.com"},"maintainers":[{"name":"ahmadnassri","email":"ahmad@ahmadnassri.com"}],"dist":{"shasum":"120380a05cc6a46f5a7b45ea96dab7348ad62649","tarball":"http://registry.npmjs.org/har-validator/-/har-validator-1.0.0.tgz"},"directories":{}},"1.0.1":{"version":"1.0.1","name":"har-validator","description":"HTTP Archive (HAR) validator using JSON Schema","author":{"name":"Ahmad Nassri","email":"ahmad@ahmadnassri.com","url":"https://www.ahmadnassri.com/"},"license":"MIT","main":"./src/index.js","bin":{"har-validator":"./bin/har-validator"},"engines":{"node":"0.10.x","npm":"1.4.x"},"repository":{"type":"git","url":"https://github.com/ahmadnassri/har-validator.git"},"bugs":{"url":"https://github.com/ahmadnassri/har-validator/issues"},"keywords":["HAR","HTTP","Archive"],"scripts":{"test":"mocha -R spec"},"devDependencies":{"mocha":"^2.1.0","should":"^5.0.1"},"dependencies":{"chalk":"^1.0.0","commander":"^2.6.0","is-my-json-valid":"^2.9.4"},"gitHead":"c0848dbc85a1eb9da643e4fa3d4789c93d0917bb","homepage":"https://github.com/ahmadnassri/har-validator","_id":"har-validator@1.0.1","_shasum":"b74e5aa074998ea95f196cccd608fd98f465b298","_from":".","_npmVersion":"2.5.1","_nodeVersion":"0.12.0","_npmUser":{"name":"ahmadnassri","email":"ahmad@ahmadnassri.com"},"maintainers":[{"name":"ahmadnassri","email":"ahmad@ahmadnassri.com"}],"dist":{"shasum":"b74e5aa074998ea95f196cccd608fd98f465b298","tarball":"http://registry.npmjs.org/har-validator/-/har-validator-1.0.1.tgz"},"directories":{}},"1.0.2":{"version":"1.0.2","name":"har-validator","description":"Extremely fast HTTP Archive (HAR) validator using JSON Schema","author":{"name":"Ahmad Nassri","email":"ahmad@ahmadnassri.com","url":"https://www.ahmadnassri.com/"},"license":"MIT","main":"./src/index.js","bin":{"har-validator":"./bin/har-validator"},"engines":{"node":"0.10.x","npm":"1.4.x"},"repository":{"type":"git","url":"https://github.com/ahmadnassri/har-validator.git"},"bugs":{"url":"https://github.com/ahmadnassri/har-validator/issues"},"keywords":["HAR","HTTP","Archive"],"scripts":{"test":"mocha -R spec"},"devDependencies":{"mocha":"^2.1.0","should":"^5.0.1"},"dependencies":{"chalk":"^1.0.0","commander":"^2.6.0","is-my-json-valid":"^2.9.4"},"gitHead":"3b3245e983d516f0faebc9420b94dbc2331ea95c","homepage":"https://github.com/ahmadnassri/har-validator","_id":"har-validator@1.0.2","_shasum":"a00f08e53b1031489208cd95d4bb5d6e02721fa7","_from":".","_npmVersion":"2.5.1","_nodeVersion":"0.12.0","_npmUser":{"name":"ahmadnassri","email":"ahmad@ahmadnassri.com"},"maintainers":[{"name":"ahmadnassri","email":"ahmad@ahmadnassri.com"}],"dist":{"shasum":"a00f08e53b1031489208cd95d4bb5d6e02721fa7","tarball":"http://registry.npmjs.org/har-validator/-/har-validator-1.0.2.tgz"},"directories":{}},"1.1.0":{"version":"1.1.0","name":"har-validator","description":"Extremely fast HTTP Archive (HAR) validator using JSON Schema","author":{"name":"Ahmad Nassri","email":"ahmad@ahmadnassri.com","url":"https://www.ahmadnassri.com/"},"license":"MIT","main":"./src/index.js","bin":{"har-validator":"./bin/har-validator"},"engines":{"node":"0.10.x","npm":"1.4.x"},"repository":{"type":"git","url":"https://github.com/ahmadnassri/har-validator.git"},"bugs":{"url":"https://github.com/ahmadnassri/har-validator/issues"},"keywords":["HAR","HTTP","Archive"],"scripts":{"test":"mocha -R spec"},"devDependencies":{"mocha":"^2.1.0","should":"^5.0.1"},"dependencies":{"chalk":"^1.0.0","commander":"^2.6.0","is-my-json-valid":"^2.9.4"},"gitHead":"1673e213c2ae6a9c3a92b40240856d76edceb5f4","homepage":"https://github.com/ahmadnassri/har-validator","_id":"har-validator@1.1.0","_shasum":"6fdf52a744d9cb50075da281f0853cf7e3ad6d12","_from":".","_npmVersion":"2.5.1","_nodeVersion":"0.12.0","_npmUser":{"name":"ahmadnassri","email":"ahmad@ahmadnassri.com"},"maintainers":[{"name":"ahmadnassri","email":"ahmad@ahmadnassri.com"}],"dist":{"shasum":"6fdf52a744d9cb50075da281f0853cf7e3ad6d12","tarball":"http://registry.npmjs.org/har-validator/-/har-validator-1.1.0.tgz"},"directories":{}},"1.1.1":{"version":"1.1.1","name":"har-validator","description":"Extremely fast HTTP Archive (HAR) validator using JSON Schema","author":{"name":"Ahmad Nassri","email":"ahmad@ahmadnassri.com","url":"https://www.ahmadnassri.com/"},"license":"MIT","main":"./src/index.js","bin":{"har-validator":"./bin/har-validator"},"engines":{"node":"0.10.x","npm":"1.4.x"},"repository":{"type":"git","url":"https://github.com/ahmadnassri/har-validator.git"},"bugs":{"url":"https://github.com/ahmadnassri/har-validator/issues"},"keywords":["HAR","HTTP","Archive"],"scripts":{"test":"mocha -R spec"},"devDependencies":{"mocha":"^2.1.0","should":"^5.0.1"},"dependencies":{"chalk":"^1.0.0","commander":"^2.6.0","is-my-json-valid":"^2.9.4"},"gitHead":"ee84ebca4b77c2383b980eb6fb745b97ce5645eb","homepage":"https://github.com/ahmadnassri/har-validator","_id":"har-validator@1.1.1","_shasum":"dfb2af18db77cafd29a260862f151271b04fd0a9","_from":".","_npmVersion":"2.5.1","_nodeVersion":"0.12.0","_npmUser":{"name":"ahmadnassri","email":"ahmad@ahmadnassri.com"},"maintainers":[{"name":"ahmadnassri","email":"ahmad@ahmadnassri.com"}],"dist":{"shasum":"dfb2af18db77cafd29a260862f151271b04fd0a9","tarball":"http://registry.npmjs.org/har-validator/-/har-validator-1.1.1.tgz"},"directories":{}},"1.1.2":{"version":"1.1.2","name":"har-validator","description":"Extremely fast HTTP Archive (HAR) validator using JSON Schema","author":{"name":"Ahmad Nassri","email":"ahmad@ahmadnassri.com","url":"https://www.ahmadnassri.com/"},"license":"MIT","main":"./src/index.js","bin":{"har-validator":"./bin/har-validator"},"engines":{"node":"0.10.x","npm":"1.4.x"},"repository":{"type":"git","url":"https://github.com/ahmadnassri/har-validator.git"},"bugs":{"url":"https://github.com/ahmadnassri/har-validator/issues"},"keywords":["HAR","HTTP","Archive"],"scripts":{"test":"mocha -R spec"},"devDependencies":{"mocha":"^2.1.0","should":"^5.0.1"},"dependencies":{"chalk":"^1.0.0","commander":"^2.6.0","is-my-json-valid":"^2.9.4"},"gitHead":"e3fb33075a2b04a88396eb737dd687ba8d2362df","homepage":"https://github.com/ahmadnassri/har-validator","_id":"har-validator@1.1.2","_shasum":"13edd735b4566eb0d00a8468d665090e54ae2153","_from":".","_npmVersion":"2.5.1","_nodeVersion":"0.12.0","_npmUser":{"name":"ahmadnassri","email":"ahmad@ahmadnassri.com"},"maintainers":[{"name":"ahmadnassri","email":"ahmad@ahmadnassri.com"}],"dist":{"shasum":"13edd735b4566eb0d00a8468d665090e54ae2153","tarball":"http://registry.npmjs.org/har-validator/-/har-validator-1.1.2.tgz"},"directories":{}},"1.1.3":{"version":"1.1.3","name":"har-validator","description":"Extremely fast HTTP Archive (HAR) validator using JSON Schema","author":{"name":"Ahmad Nassri","email":"ahmad@ahmadnassri.com","url":"https://www.ahmadnassri.com/"},"homepage":"https://github.com/ahmadnassri/har-validator","license":"MIT","main":"./src/index.js","bin":{"har-validator":"./bin/har-validator"},"keywords":["har","http","archive","validate","validator"],"engines":{"node":">=0.10"},"files":["bin","src"],"repository":{"type":"git","url":"https://github.com/ahmadnassri/har-validator"},"bugs":{"url":"https://github.com/ahmadnassri/har-validator/issues"},"scripts":{"test":"standard && mocha --reporter spec","coverage":"istanbul cover ./node_modules/mocha/bin/_mocha","codeclimate":"codeclimate < coverage/lcov.info"},"devDependencies":{"codeclimate-test-reporter":"0.0.4","istanbul":"^0.3.8","mocha":"^2.2.1","should":"^5.2.0","standard":"^3.2.0"},"dependencies":{"async":"^0.9.0","bluebird":"^2.9.14","chalk":"^1.0.0","commander":"^2.7.1","debug":"^2.1.3","is-my-json-valid":"^2.10.0","require-directory":"^2.1.0"},"gitHead":"3469de9a77928b1f7bdb424794780fede65ec1e4","_id":"har-validator@1.1.3","_shasum":"9fac87db94b308758f506bcfcbaf104df655e616","_from":".","_npmVersion":"2.5.1","_nodeVersion":"0.12.0","_npmUser":{"name":"ahmadnassri","email":"ahmad@ahmadnassri.com"},"maintainers":[{"name":"ahmadnassri","email":"ahmad@ahmadnassri.com"}],"dist":{"shasum":"9fac87db94b308758f506bcfcbaf104df655e616","tarball":"http://registry.npmjs.org/har-validator/-/har-validator-1.1.3.tgz"},"directories":{}},"1.2.0":{"version":"1.2.0","name":"har-validator","description":"Extremely fast HTTP Archive (HAR) validator using JSON Schema","author":{"name":"Ahmad Nassri","email":"ahmad@ahmadnassri.com","url":"https://www.ahmadnassri.com/"},"homepage":"https://github.com/ahmadnassri/har-validator","license":"MIT","main":"./src/index.js","bin":{"har-validator":"./bin/har-validator"},"keywords":["har","http","archive","validate","validator"],"engines":{"node":">=0.10"},"files":["bin","src"],"repository":{"type":"git","url":"https://github.com/ahmadnassri/har-validator"},"bugs":{"url":"https://github.com/ahmadnassri/har-validator/issues"},"scripts":{"test":"standard && mocha --reporter spec","coverage":"istanbul cover ./node_modules/mocha/bin/_mocha","codeclimate":"codeclimate < coverage/lcov.info"},"devDependencies":{"codeclimate-test-reporter":"0.0.4","istanbul":"^0.3.8","mocha":"^2.2.1","should":"^5.2.0","standard":"^3.2.0"},"dependencies":{"async":"^0.9.0","bluebird":"^2.9.14","chalk":"^1.0.0","commander":"^2.7.1","debug":"^2.1.3","is-my-json-valid":"^2.10.0","require-directory":"^2.1.0"},"gitHead":"fd078bc2b8bbc172047348b57d96fe22769da233","_id":"har-validator@1.2.0","_shasum":"eb23f88bf3071be117605470f008896c9e01cf70","_from":".","_npmVersion":"2.5.1","_nodeVersion":"0.12.0","_npmUser":{"name":"ahmadnassri","email":"ahmad@ahmadnassri.com"},"maintainers":[{"name":"ahmadnassri","email":"ahmad@ahmadnassri.com"}],"dist":{"shasum":"eb23f88bf3071be117605470f008896c9e01cf70","tarball":"http://registry.npmjs.org/har-validator/-/har-validator-1.2.0.tgz"},"directories":{}},"1.3.0":{"version":"1.3.0","name":"har-validator","description":"Extremely fast HTTP Archive (HAR) validator using JSON Schema","author":{"name":"Ahmad Nassri","email":"ahmad@ahmadnassri.com","url":"https://www.ahmadnassri.com/"},"homepage":"https://github.com/ahmadnassri/har-validator","license":"MIT","main":"./src/index.js","bin":{"har-validator":"./bin/har-validator"},"keywords":["har","http","archive","validate","validator"],"engines":{"node":">=0.10"},"files":["bin","src"],"repository":{"type":"git","url":"https://github.com/ahmadnassri/har-validator"},"bugs":{"url":"https://github.com/ahmadnassri/har-validator/issues"},"scripts":{"test":"standard && mocha --reporter spec","coverage":"istanbul cover ./node_modules/mocha/bin/_mocha","codeclimate":"codeclimate < coverage/lcov.info"},"devDependencies":{"codeclimate-test-reporter":"0.0.4","istanbul":"^0.3.8","mocha":"^2.2.1","should":"^5.2.0","standard":"^3.2.0"},"dependencies":{"async":"^0.9.0","bluebird":"^2.9.14","chalk":"^1.0.0","commander":"^2.7.1","debug":"^2.1.3","is-my-json-valid":"^2.10.0","require-directory":"^2.1.0"},"gitHead":"1f8413fac2158edfb4168b7c2a0de68efc8c507d","_id":"har-validator@1.3.0","_shasum":"fc27a227148b41e554009401e95b687de7325050","_from":".","_npmVersion":"2.5.1","_nodeVersion":"0.12.0","_npmUser":{"name":"ahmadnassri","email":"ahmad@ahmadnassri.com"},"maintainers":[{"name":"ahmadnassri","email":"ahmad@ahmadnassri.com"}],"dist":{"shasum":"fc27a227148b41e554009401e95b687de7325050","tarball":"http://registry.npmjs.org/har-validator/-/har-validator-1.3.0.tgz"},"directories":{}},"1.3.1":{"version":"1.3.1","name":"har-validator","description":"Extremely fast HTTP Archive (HAR) validator using JSON Schema","author":{"name":"Ahmad Nassri","email":"ahmad@ahmadnassri.com","url":"https://www.ahmadnassri.com/"},"homepage":"https://github.com/ahmadnassri/har-validator","license":"MIT","main":"./src/index.js","bin":{"har-validator":"./bin/har-validator"},"keywords":["har","http","archive","validate","validator"],"engines":{"node":">=0.10"},"files":["bin","src"],"repository":{"type":"git","url":"https://github.com/ahmadnassri/har-validator"},"bugs":{"url":"https://github.com/ahmadnassri/har-validator/issues"},"scripts":{"test":"standard && mocha --reporter spec","coverage":"istanbul cover ./node_modules/mocha/bin/_mocha","codeclimate":"codeclimate < coverage/lcov.info"},"devDependencies":{"codeclimate-test-reporter":"0.0.4","istanbul":"^0.3.8","mocha":"^2.2.1","should":"^5.2.0","standard":"^3.2.0"},"dependencies":{"async":"^0.9.0","bluebird":"^2.9.14","chalk":"^1.0.0","commander":"^2.7.1","debug":"^2.1.3","is-my-json-valid":"^2.10.0","require-directory":"^2.1.0"},"gitHead":"8427086157865b2996c47e510dda2b362bf2bb49","_id":"har-validator@1.3.1","_shasum":"99d58aa141025a450a314f01508beb9c9043dc5f","_from":".","_npmVersion":"2.5.1","_nodeVersion":"0.12.0","_npmUser":{"name":"ahmadnassri","email":"ahmad@ahmadnassri.com"},"maintainers":[{"name":"ahmadnassri","email":"ahmad@ahmadnassri.com"}],"dist":{"shasum":"99d58aa141025a450a314f01508beb9c9043dc5f","tarball":"http://registry.npmjs.org/har-validator/-/har-validator-1.3.1.tgz"},"directories":{}},"1.4.0":{"version":"1.4.0","name":"har-validator","description":"Extremely fast HTTP Archive (HAR) validator using JSON Schema","author":{"name":"Ahmad Nassri","email":"ahmad@ahmadnassri.com","url":"https://www.ahmadnassri.com/"},"homepage":"https://github.com/ahmadnassri/har-validator","license":"MIT","main":"./src/index.js","bin":{"har-validator":"./bin/har-validator"},"keywords":["har","http","archive","validate","validator"],"engines":{"node":">=0.10"},"files":["bin","src"],"repository":{"type":"git","url":"https://github.com/ahmadnassri/har-validator"},"bugs":{"url":"https://github.com/ahmadnassri/har-validator/issues"},"scripts":{"test":"standard && mocha --reporter spec","coverage":"istanbul cover ./node_modules/mocha/bin/_mocha","codeclimate":"codeclimate < coverage/lcov.info"},"devDependencies":{"codeclimate-test-reporter":"0.0.4","istanbul":"^0.3.8","mocha":"^2.2.1","should":"^5.2.0","standard":"^3.2.0"},"dependencies":{"async":"^0.9.0","bluebird":"^2.9.14","chalk":"^1.0.0","commander":"^2.7.1","debug":"^2.1.3","is-my-json-valid":"^2.10.0","require-directory":"^2.1.0"},"gitHead":"6d7268e7bb929aaa98d1c919dcba231ea5e81084","_id":"har-validator@1.4.0","_shasum":"845924893a05602a9791c319f81d628948b1b2af","_from":".","_npmVersion":"2.5.1","_nodeVersion":"0.12.0","_npmUser":{"name":"ahmadnassri","email":"ahmad@ahmadnassri.com"},"maintainers":[{"name":"ahmadnassri","email":"ahmad@ahmadnassri.com"}],"dist":{"shasum":"845924893a05602a9791c319f81d628948b1b2af","tarball":"http://registry.npmjs.org/har-validator/-/har-validator-1.4.0.tgz"},"directories":{}},"1.5.0":{"version":"1.5.0","name":"har-validator","description":"Extremely fast HTTP Archive (HAR) validator using JSON Schema","author":{"name":"Ahmad Nassri","email":"ahmad@ahmadnassri.com","url":"https://www.ahmadnassri.com/"},"homepage":"https://github.com/ahmadnassri/har-validator","license":"MIT","main":"./src/index.js","bin":{"har-validator":"./bin/har-validator"},"keywords":["har","http","archive","validate","validator"],"engines":{"node":">=0.10"},"files":["bin","src"],"repository":{"type":"git","url":"https://github.com/ahmadnassri/har-validator"},"bugs":{"url":"https://github.com/ahmadnassri/har-validator/issues"},"scripts":{"test":"standard && mocha --reporter spec","coverage":"istanbul cover ./node_modules/mocha/bin/_mocha","codeclimate":"codeclimate < coverage/lcov.info"},"devDependencies":{"codeclimate-test-reporter":"0.0.4","istanbul":"^0.3.8","mocha":"^2.2.1","should":"^5.2.0","standard":"^3.2.0"},"dependencies":{"async":"^0.9.0","bluebird":"^2.9.14","chalk":"^1.0.0","commander":"^2.7.1","debug":"^2.1.3","is-my-json-valid":"^2.10.0","require-directory":"^2.1.0"},"gitHead":"5f76772c4d254610f980da7016fd706bfbb5e2d2","_id":"har-validator@1.5.0","_shasum":"0d79dfe456fb7297497400b69de7b3a99223a6fe","_from":".","_npmVersion":"2.5.1","_nodeVersion":"0.12.1","_npmUser":{"name":"ahmadnassri","email":"ahmad@ahmadnassri.com"},"maintainers":[{"name":"ahmadnassri","email":"ahmad@ahmadnassri.com"}],"dist":{"shasum":"0d79dfe456fb7297497400b69de7b3a99223a6fe","tarball":"http://registry.npmjs.org/har-validator/-/har-validator-1.5.0.tgz"},"directories":{}},"1.5.1":{"version":"1.5.1","name":"har-validator","description":"Extremely fast HTTP Archive (HAR) validator using JSON Schema","author":{"name":"Ahmad Nassri","email":"ahmad@ahmadnassri.com","url":"https://www.ahmadnassri.com/"},"homepage":"https://github.com/ahmadnassri/har-validator","license":"MIT","main":"./src/index.js","bin":{"har-validator":"./bin/har-validator"},"keywords":["har","http","archive","validate","validator"],"engines":{"node":">=0.10"},"files":["bin","src"],"repository":{"type":"git","url":"https://github.com/ahmadnassri/har-validator"},"bugs":{"url":"https://github.com/ahmadnassri/har-validator/issues"},"scripts":{"test":"standard && mocha --reporter spec","coverage":"istanbul cover ./node_modules/mocha/bin/_mocha","codeclimate":"codeclimate < coverage/lcov.info"},"devDependencies":{"codeclimate-test-reporter":"0.0.4","istanbul":"^0.3.8","mocha":"^2.2.1","require-directory":"^2.1.0","should":"^5.2.0","standard":"^3.2.0"},"dependencies":{"bluebird":"^2.9.14","chalk":"^1.0.0","commander":"^2.7.1","is-my-json-valid":"^2.10.0"},"gitHead":"f26e756a95b405f15fad4b923f48648c53a3968e","_id":"har-validator@1.5.1","_shasum":"5c28a7574123c5401b33ba3aa5932ff51880502b","_from":".","_npmVersion":"2.5.1","_nodeVersion":"0.12.1","_npmUser":{"name":"ahmadnassri","email":"ahmad@ahmadnassri.com"},"maintainers":[{"name":"ahmadnassri","email":"ahmad@ahmadnassri.com"}],"dist":{"shasum":"5c28a7574123c5401b33ba3aa5932ff51880502b","tarball":"http://registry.npmjs.org/har-validator/-/har-validator-1.5.1.tgz"},"directories":{}},"1.6.0":{"version":"1.6.0","name":"har-validator","description":"Extremely fast HTTP Archive (HAR) validator using JSON Schema","author":{"name":"Ahmad Nassri","email":"ahmad@ahmadnassri.com","url":"https://www.ahmadnassri.com/"},"homepage":"https://github.com/ahmadnassri/har-validator","license":"MIT","main":"./src/index.js","bin":{"har-validator":"./bin/har-validator"},"keywords":["har","http","archive","validate","validator"],"engines":{"node":">=0.10"},"files":["bin","src"],"repository":{"type":"git","url":"https://github.com/ahmadnassri/har-validator"},"bugs":{"url":"https://github.com/ahmadnassri/har-validator/issues"},"scripts":{"test":"standard && mocha --reporter spec","coverage":"istanbul cover ./node_modules/mocha/bin/_mocha","codeclimate":"codeclimate < coverage/lcov.info"},"devDependencies":{"codeclimate-test-reporter":"0.0.4","istanbul":"^0.3.11","mocha":"^2.2.1","require-directory":"^2.1.0","should":"^5.2.0","standard":"^3.3.0"},"dependencies":{"bluebird":"^2.9.21","chalk":"^1.0.0","commander":"^2.7.1","is-my-json-valid":"^2.10.0"},"gitHead":"036e96ea46f511b1a84cc3e0c6022f33ecc0758f","_id":"har-validator@1.6.0","_shasum":"f327e8d4a1c698e0965300330965f1f4ffb68d0a","_from":".","_npmVersion":"2.5.1","_nodeVersion":"0.12.1","_npmUser":{"name":"ahmadnassri","email":"ahmad@ahmadnassri.com"},"maintainers":[{"name":"ahmadnassri","email":"ahmad@ahmadnassri.com"}],"dist":{"shasum":"f327e8d4a1c698e0965300330965f1f4ffb68d0a","tarball":"http://registry.npmjs.org/har-validator/-/har-validator-1.6.0.tgz"},"directories":{}},"1.6.1":{"version":"1.6.1","name":"har-validator","description":"Extremely fast HTTP Archive (HAR) validator using JSON Schema","author":{"name":"Ahmad Nassri","email":"ahmad@ahmadnassri.com","url":"https://www.ahmadnassri.com/"},"homepage":"https://github.com/ahmadnassri/har-validator","license":"MIT","main":"./src/index.js","bin":{"har-validator":"./bin/har-validator"},"keywords":["har","http","archive","validate","validator"],"engines":{"node":">=0.10"},"files":["bin","src"],"repository":{"type":"git","url":"https://github.com/ahmadnassri/har-validator"},"bugs":{"url":"https://github.com/ahmadnassri/har-validator/issues"},"scripts":{"test":"standard && mocha --reporter spec","coverage":"istanbul cover ./node_modules/mocha/bin/_mocha","codeclimate":"codeclimate < coverage/lcov.info"},"devDependencies":{"codeclimate-test-reporter":"0.0.4","istanbul":"^0.3.11","mocha":"^2.2.1","require-directory":"^2.1.0","should":"^5.2.0","standard":"^3.3.0"},"dependencies":{"bluebird":"^2.9.21","chalk":"^1.0.0","commander":"^2.7.1","is-my-json-valid":"^2.10.0"},"gitHead":"aa68c8efacea7437bb545d816a14e20db444fde5","_id":"har-validator@1.6.1","_shasum":"baef452cde645eff7d26562e8e749d7fd000b7fd","_from":".","_npmVersion":"2.5.1","_nodeVersion":"0.12.1","_npmUser":{"name":"ahmadnassri","email":"ahmad@ahmadnassri.com"},"maintainers":[{"name":"ahmadnassri","email":"ahmad@ahmadnassri.com"}],"dist":{"shasum":"baef452cde645eff7d26562e8e749d7fd000b7fd","tarball":"http://registry.npmjs.org/har-validator/-/har-validator-1.6.1.tgz"},"directories":{}},"1.7.0":{"version":"1.7.0","name":"har-validator","description":"Extremely fast HTTP Archive (HAR) validator using JSON Schema","author":{"name":"Ahmad Nassri","email":"ahmad@ahmadnassri.com","url":"https://www.ahmadnassri.com/"},"homepage":"https://github.com/ahmadnassri/har-validator","license":"MIT","main":"./src/index.js","bin":{"har-validator":"./bin/har-validator"},"keywords":["har","http","archive","validate","validator"],"engines":{"node":">=0.10"},"files":["bin","src"],"repository":{"type":"git","url":"https://github.com/ahmadnassri/har-validator"},"bugs":{"url":"https://github.com/ahmadnassri/har-validator/issues"},"scripts":{"test":"standard && mocha --reporter spec","coverage":"istanbul cover ./node_modules/mocha/bin/_mocha","codeclimate":"codeclimate < coverage/lcov.info"},"devDependencies":{"codeclimate-test-reporter":"0.0.4","istanbul":"^0.3.13","mocha":"^2.2.4","require-directory":"^2.1.0","should":"^6.0.1","standard":"^3.7.2"},"dependencies":{"bluebird":"^2.9.25","chalk":"^1.0.0","commander":"^2.8.1","is-my-json-valid":"^2.10.1"},"gitHead":"74aab6b4994681cdb961db88f5129c5096eaf06a","_id":"har-validator@1.7.0","_shasum":"563f8c58edca6410e2e408b0e540161da580dc46","_from":".","_npmVersion":"2.5.1","_nodeVersion":"0.12.1","_npmUser":{"name":"ahmadnassri","email":"ahmad@ahmadnassri.com"},"maintainers":[{"name":"ahmadnassri","email":"ahmad@ahmadnassri.com"}],"dist":{"shasum":"563f8c58edca6410e2e408b0e540161da580dc46","tarball":"http://registry.npmjs.org/har-validator/-/har-validator-1.7.0.tgz"},"directories":{}},"1.7.1":{"version":"1.7.1","name":"har-validator","description":"Extremely fast HTTP Archive (HAR) validator using JSON Schema","author":{"name":"Ahmad Nassri","email":"ahmad@ahmadnassri.com","url":"https://www.ahmadnassri.com/"},"homepage":"https://github.com/ahmadnassri/har-validator","repository":{"type":"git","url":"https://github.com/ahmadnassri/har-validator"},"license":"MIT","main":"./src/index.js","bin":{"har-validator":"./bin/har-validator"},"keywords":["har","http","archive","validate","validator"],"engines":{"node":">=0.10"},"files":["bin","src"],"bugs":{"url":"https://github.com/ahmadnassri/har-validator/issues"},"scripts":{"test":"standard && echint && mocha --reporter spec","coverage":"istanbul cover ./node_modules/mocha/bin/_mocha","codeclimate":"codeclimate < coverage/lcov.info"},"echint":{"ignore":["coverage/**"]},"devDependencies":{"codeclimate-test-reporter":"0.0.4","echint":"^1.1.0","istanbul":"^0.3.14","mocha":"^2.2.5","require-directory":"^2.1.0","should":"^6.0.3","standard":"^3.11.1"},"dependencies":{"bluebird":"^2.9.26","chalk":"^1.0.0","commander":"^2.8.1","is-my-json-valid":"^2.12.0"},"gitHead":"328d7f2f37affcc4fca1db13da68f2be817ad31c","_id":"har-validator@1.7.1","_shasum":"8ec8952f8287d21b451ba3e36f27ed8d997d8a95","_from":".","_npmVersion":"2.7.4","_nodeVersion":"0.12.2","_npmUser":{"name":"ahmadnassri","email":"ahmad@ahmadnassri.com"},"maintainers":[{"name":"ahmadnassri","email":"ahmad@ahmadnassri.com"}],"dist":{"shasum":"8ec8952f8287d21b451ba3e36f27ed8d997d8a95","tarball":"http://registry.npmjs.org/har-validator/-/har-validator-1.7.1.tgz"},"directories":{}},"1.8.0":{"version":"1.8.0","name":"har-validator","description":"Extremely fast HTTP Archive (HAR) validator using JSON Schema","author":{"name":"Ahmad Nassri","email":"ahmad@ahmadnassri.com","url":"https://www.ahmadnassri.com/"},"homepage":"https://github.com/ahmadnassri/har-validator","repository":{"type":"git","url":"git+https://github.com/ahmadnassri/har-validator.git"},"license":"ISC","main":"lib/index","bin":{"har-validator":"bin/har-validator"},"keywords":["har","http","archive","validate","validator"],"engines":{"node":">=0.10"},"files":["bin","lib"],"bugs":{"url":"https://github.com/ahmadnassri/har-validator/issues"},"scripts":{"pretest":"standard && echint","test":"mocha","posttest":"npm run coverage","coverage":"istanbul cover --dir coverage _mocha -- -R dot","codeclimate":"codeclimate < coverage/lcov.info"},"echint":{"ignore":["coverage/**"]},"devDependencies":{"codeclimate-test-reporter":"0.0.4","echint":"^1.3.0","istanbul":"^0.3.15","mocha":"^2.2.5","require-directory":"^2.1.1","should":"^7.0.1","standard":"^4.3.1"},"dependencies":{"bluebird":"^2.9.30","chalk":"^1.0.0","commander":"^2.8.1","is-my-json-valid":"^2.12.0"},"gitHead":"8fd21c30edb23a1fed2d50b934d055d1be3dd7c9","_id":"har-validator@1.8.0","_shasum":"d83842b0eb4c435960aeb108a067a3aa94c0eeb2","_from":".","_npmVersion":"2.11.2","_nodeVersion":"0.12.2","_npmUser":{"name":"ahmadnassri","email":"ahmad@ahmadnassri.com"},"maintainers":[{"name":"ahmadnassri","email":"ahmad@ahmadnassri.com"}],"dist":{"shasum":"d83842b0eb4c435960aeb108a067a3aa94c0eeb2","tarball":"http://registry.npmjs.org/har-validator/-/har-validator-1.8.0.tgz"},"directories":{}},"2.0.0":{"version":"2.0.0","name":"har-validator","description":"Extremely fast HTTP Archive (HAR) validator using JSON Schema","author":{"name":"Ahmad Nassri","email":"ahmad@ahmadnassri.com","url":"https://www.ahmadnassri.com/"},"homepage":"https://github.com/ahmadnassri/har-validator","repository":{"type":"git","url":"git+https://github.com/ahmadnassri/har-validator.git"},"license":"ISC","main":"lib/index","bin":{"har-validator":"bin/har-validator"},"keywords":["har","http","archive","validate","validator"],"engines":{"node":">=0.10"},"files":["bin","lib"],"bugs":{"url":"https://github.com/ahmadnassri/har-validator/issues"},"scripts":{"pretest":"standard && echint","test":"mocha","posttest":"npm run coverage","coverage":"istanbul cover --dir coverage _mocha -- -R dot","codeclimate":"codeclimate < coverage/lcov.info"},"echint":{"ignore":["coverage/**"]},"devDependencies":{"codeclimate-test-reporter":"0.1.1","echint":"^1.5.0","istanbul":"^0.3.21","mocha":"^2.3.3","require-directory":"^2.1.1","should":"^7.1.0","should-promised":"^0.3.1","standard":"^5.3.1"},"dependencies":{"chalk":"^1.1.1","commander":"^2.8.1","is-my-json-valid":"^2.12.2","pinkie-promise":"^1.0.0"},"gitHead":"b4ad33d7e4e34b8e78b465dcd89a2609c14cc64e","_id":"har-validator@2.0.0","_shasum":"58ce9953f0e4ea4d793a16be3a039776915f296f","_from":".","_npmVersion":"2.14.4","_nodeVersion":"4.1.1","_npmUser":{"name":"ahmadnassri","email":"ahmad@ahmadnassri.com"},"maintainers":[{"name":"ahmadnassri","email":"ahmad@ahmadnassri.com"}],"dist":{"shasum":"58ce9953f0e4ea4d793a16be3a039776915f296f","tarball":"http://registry.npmjs.org/har-validator/-/har-validator-2.0.0.tgz"},"directories":{}},"2.0.1":{"version":"2.0.1","name":"har-validator","description":"Extremely fast HTTP Archive (HAR) validator using JSON Schema","author":{"name":"Ahmad Nassri","email":"ahmad@ahmadnassri.com","url":"https://www.ahmadnassri.com/"},"homepage":"https://github.com/ahmadnassri/har-validator","repository":{"type":"git","url":"git+https://github.com/ahmadnassri/har-validator.git"},"license":"ISC","main":"lib/index","bin":{"har-validator":"bin/har-validator"},"keywords":["har","http","archive","validate","validator"],"engines":{"node":">=0.10"},"files":["bin","lib"],"bugs":{"url":"https://github.com/ahmadnassri/har-validator/issues"},"scripts":{"pretest":"standard && echint","test":"mocha","posttest":"npm run coverage","coverage":"istanbul cover --dir coverage _mocha -- -R dot","codeclimate":"codeclimate < coverage/lcov.info"},"echint":{"ignore":["coverage/**"]},"devDependencies":{"codeclimate-test-reporter":"0.1.1","echint":"^1.5.0","istanbul":"^0.3.21","mocha":"^2.3.3","require-directory":"^2.1.1","should":"^7.1.0","should-promised":"^0.3.1","standard":"^5.3.1"},"dependencies":{"chalk":"^1.1.1","commander":"^2.8.1","is-my-json-valid":"^2.12.2","pinkie-promise":"^1.0.0"},"gitHead":"95861d4f049475220a25352735dfd9937197bc18","_id":"har-validator@2.0.1","_shasum":"042659a007bb8b5b6351cc927df0ee87073c8879","_from":".","_npmVersion":"2.14.4","_nodeVersion":"4.1.1","_npmUser":{"name":"ahmadnassri","email":"ahmad@ahmadnassri.com"},"maintainers":[{"name":"ahmadnassri","email":"ahmad@ahmadnassri.com"}],"dist":{"shasum":"042659a007bb8b5b6351cc927df0ee87073c8879","tarball":"http://registry.npmjs.org/har-validator/-/har-validator-2.0.1.tgz"},"directories":{}},"2.0.2":{"version":"2.0.2","name":"har-validator","description":"Extremely fast HTTP Archive (HAR) validator using JSON Schema","author":{"name":"Ahmad Nassri","email":"ahmad@ahmadnassri.com","url":"https://www.ahmadnassri.com/"},"homepage":"https://github.com/ahmadnassri/har-validator","repository":{"type":"git","url":"git+https://github.com/ahmadnassri/har-validator.git"},"license":"ISC","main":"lib/index","bin":{"har-validator":"bin/har-validator"},"keywords":["har","http","archive","validate","validator"],"engines":{"node":">=0.10"},"files":["bin","lib"],"bugs":{"url":"https://github.com/ahmadnassri/har-validator/issues"},"scripts":{"pretest":"standard && echint","test":"mocha","posttest":"npm run coverage","coverage":"istanbul cover --dir coverage _mocha -- -R dot","codeclimate":"codeclimate < coverage/lcov.info"},"echint":{"ignore":["coverage/**"]},"devDependencies":{"codeclimate-test-reporter":"0.1.1","echint":"^1.5.0","istanbul":"^0.3.21","mocha":"^2.3.3","require-directory":"^2.1.1","should":"^7.1.0","should-promised":"^0.3.1","standard":"^5.3.1"},"dependencies":{"chalk":"^1.1.1","commander":"^2.8.1","is-my-json-valid":"^2.12.2","pinkie-promise":"^1.0.0"},"gitHead":"46efd17253a81fb70614e904d9e766aa4de4f394","_id":"har-validator@2.0.2","_shasum":"233d0fa887b98a4f345969f811a2eec70d97aed7","_from":".","_npmVersion":"2.14.4","_nodeVersion":"4.1.1","_npmUser":{"name":"ahmadnassri","email":"ahmad@ahmadnassri.com"},"maintainers":[{"name":"ahmadnassri","email":"ahmad@ahmadnassri.com"}],"dist":{"shasum":"233d0fa887b98a4f345969f811a2eec70d97aed7","tarball":"http://registry.npmjs.org/har-validator/-/har-validator-2.0.2.tgz"},"directories":{}},"2.0.3":{"version":"2.0.3","name":"har-validator","description":"Extremely fast HTTP Archive (HAR) validator using JSON Schema","author":{"name":"Ahmad Nassri","email":"ahmad@ahmadnassri.com","url":"https://www.ahmadnassri.com/"},"homepage":"https://github.com/ahmadnassri/har-validator","repository":{"type":"git","url":"git+https://github.com/ahmadnassri/har-validator.git"},"license":"ISC","main":"lib/index","bin":{"har-validator":"bin/har-validator"},"keywords":["har","http","archive","validate","validator"],"engines":{"node":">=0.10"},"files":["bin","lib"],"bugs":{"url":"https://github.com/ahmadnassri/har-validator/issues"},"scripts":{"pretest":"standard && echint","test":"mocha","posttest":"npm run coverage","coverage":"istanbul cover --dir coverage _mocha -- -R dot","codeclimate":"codeclimate < coverage/lcov.info"},"echint":{"ignore":["coverage/**"]},"devDependencies":{"codeclimate-test-reporter":"0.1.1","echint":"^1.5.0","istanbul":"^0.4.0","mocha":"^2.3.4","require-directory":"^2.1.1","should":"^7.1.1","should-promised":"^0.3.1","standard":"^5.4.1"},"dependencies":{"chalk":"^1.1.1","commander":"^2.9.0","is-my-json-valid":"^2.12.3","pinkie-promise":"^2.0.0"},"gitHead":"a71163c62b8786a41d503248fb60893598f3c26f","_id":"har-validator@2.0.3","_shasum":"5a9e12564a571cf0b81ef93c2157bd1617168883","_from":".","_npmVersion":"2.14.4","_nodeVersion":"4.1.2","_npmUser":{"name":"ahmadnassri","email":"ahmad@ahmadnassri.com"},"maintainers":[{"name":"ahmadnassri","email":"ahmad@ahmadnassri.com"}],"dist":{"shasum":"5a9e12564a571cf0b81ef93c2157bd1617168883","tarball":"http://registry.npmjs.org/har-validator/-/har-validator-2.0.3.tgz"},"directories":{}},"2.0.4":{"version":"2.0.4","name":"har-validator","description":"Extremely fast HTTP Archive (HAR) validator using JSON Schema","author":{"name":"Ahmad Nassri","email":"ahmad@ahmadnassri.com","url":"https://www.ahmadnassri.com/"},"homepage":"https://github.com/ahmadnassri/har-validator","repository":{"type":"git","url":"git+https://github.com/ahmadnassri/har-validator.git"},"license":"ISC","main":"lib/index","bin":{"har-validator":"bin/har-validator"},"keywords":["har","http","archive","validate","validator"],"engines":{"node":">=0.10"},"files":["bin","lib"],"bugs":{"url":"https://github.com/ahmadnassri/har-validator/issues"},"scripts":{"pretest":"standard && echint","test":"mocha","posttest":"npm run coverage","coverage":"istanbul cover --dir coverage _mocha -- -R dot","codeclimate":"codeclimate < coverage/lcov.info"},"echint":{"ignore":["coverage/**"]},"devDependencies":{"codeclimate-test-reporter":"0.1.1","echint":"^1.5.0","istanbul":"^0.4.0","mocha":"^2.3.4","require-directory":"^2.1.1","should":"^7.1.1","should-promised":"^0.3.1","standard":"^5.4.1"},"dependencies":{"chalk":"^1.1.1","commander":"^2.9.0","is-my-json-valid":"^2.12.3","pinkie-promise":"^2.0.0"},"gitHead":"e18706ca70b93d3874ebc2f7203ec749b36771e8","_id":"har-validator@2.0.4","_shasum":"aab19d1d21b88e87b6785c49bbb14e09fc5615b3","_from":".","_npmVersion":"3.3.12","_nodeVersion":"5.4.0","_npmUser":{"name":"ahmadnassri","email":"ahmad@ahmadnassri.com"},"maintainers":[{"name":"ahmadnassri","email":"ahmad@ahmadnassri.com"}],"dist":{"shasum":"aab19d1d21b88e87b6785c49bbb14e09fc5615b3","tarball":"http://registry.npmjs.org/har-validator/-/har-validator-2.0.4.tgz"},"directories":{}},"2.0.5":{"version":"2.0.5","name":"har-validator","description":"Extremely fast HTTP Archive (HAR) validator using JSON Schema","author":{"name":"Ahmad Nassri","email":"ahmad@ahmadnassri.com","url":"https://www.ahmadnassri.com/"},"homepage":"https://github.com/ahmadnassri/har-validator","repository":{"type":"git","url":"git+https://github.com/ahmadnassri/har-validator.git"},"license":"ISC","main":"lib/index","bin":{"har-validator":"bin/har-validator"},"keywords":["har","http","archive","validate","validator"],"engines":{"node":">=0.10"},"files":["bin","lib"],"bugs":{"url":"https://github.com/ahmadnassri/har-validator/issues"},"scripts":{"pretest":"standard && echint","test":"mocha","posttest":"npm run coverage","coverage":"istanbul cover --dir coverage _mocha -- -R dot","codeclimate":"codeclimate < coverage/lcov.info"},"echint":{"ignore":["coverage/**"]},"devDependencies":{"codeclimate-test-reporter":"0.1.1","echint":"^1.5.0","istanbul":"^0.4.2","mocha":"^2.3.4","require-directory":"^2.1.1","should":"^8.1.1","standard":"^5.4.1"},"dependencies":{"chalk":"^1.1.1","commander":"^2.9.0","is-my-json-valid":"^2.12.3","pinkie-promise":"^2.0.0"},"gitHead":"1382234c6fbdeba8f7821f6a1f700e0911ac6aea","_id":"har-validator@2.0.5","_shasum":"a3a51876594b6ede76bb63eb1b311c246b18a9bb","_from":".","_npmVersion":"3.3.12","_nodeVersion":"5.4.0","_npmUser":{"name":"ahmadnassri","email":"ahmad@ahmadnassri.com"},"maintainers":[{"name":"ahmadnassri","email":"ahmad@ahmadnassri.com"}],"dist":{"shasum":"a3a51876594b6ede76bb63eb1b311c246b18a9bb","tarball":"http://registry.npmjs.org/har-validator/-/har-validator-2.0.5.tgz"},"directories":{}},"2.0.6":{"version":"2.0.6","name":"har-validator","description":"Extremely fast HTTP Archive (HAR) validator using JSON Schema","author":{"name":"Ahmad Nassri","email":"ahmad@ahmadnassri.com","url":"https://www.ahmadnassri.com/"},"homepage":"https://github.com/ahmadnassri/har-validator","repository":{"type":"git","url":"https://github.com/ahmadnassri/har-validator"},"license":"ISC","main":"lib/index","bin":{"har-validator":"bin/har-validator"},"keywords":["har","http","archive","validate","validator"],"engines":{"node":">=0.10"},"files":["bin","lib"],"bugs":{"url":"https://github.com/ahmadnassri/har-validator/issues"},"scripts":{"pretest":"standard && echint","test":"mocha","posttest":"npm run coverage","coverage":"istanbul cover --dir coverage _mocha -- -R dot","codeclimate":"codeclimate < coverage/lcov.info"},"echint":{"ignore":["coverage/**"]},"devDependencies":{"codeclimate-test-reporter":"0.2.1","echint":"^1.5.1","istanbul":"^0.4.2","mocha":"^2.3.4","require-directory":"^2.1.1","should":"^8.1.1","standard":"^5.4.1"},"dependencies":{"chalk":"^1.1.1","commander":"^2.9.0","is-my-json-valid":"^2.12.4","pinkie-promise":"^2.0.0"},"gitHead":"92ccddad2e5d13e6e32c764e06c347d67805b211","_id":"har-validator@2.0.6","_shasum":"cdcbc08188265ad119b6a5a7c8ab70eecfb5d27d","_from":".","_npmVersion":"3.3.12","_nodeVersion":"5.2.0","_npmUser":{"name":"ahmadnassri","email":"ahmad@ahmadnassri.com"},"maintainers":[{"name":"ahmadnassri","email":"ahmad@ahmadnassri.com"}],"dist":{"shasum":"cdcbc08188265ad119b6a5a7c8ab70eecfb5d27d","tarball":"http://registry.npmjs.org/har-validator/-/har-validator-2.0.6.tgz"},"directories":{}}},"readme":"# HAR Validator [![version][npm-version]][npm-url] [![License][npm-license]][license-url]\n\nExtremely fast HTTP Archive ([HAR](http://www.softwareishard.com/blog/har-12-spec/)) validator using JSON Schema.\n\n[![Build Status][travis-image]][travis-url]\n[![Downloads][npm-downloads]][npm-url]\n[![Code Climate][codeclimate-quality]][codeclimate-url]\n[![Coverage Status][codeclimate-coverage]][codeclimate-url]\n[![Dependencies][david-image]][david-url]\n\n## Install\n\n```shell\n# to use in cli\nnpm install --global har-validator\n\n# to use as a module\nnpm install --save har-validator\n```\n\n## Usage\n\n```\n\n  Usage: har-validator [options] <files ...>\n\n  Options:\n\n    -h, --help           output usage information\n    -V, --version        output the version number\n    -s, --schema [name]  validate schema name (log, request, response, etc ...)\n\n```\n\n###### Example\n\n```shell\nhar-validator har.json\n\nhar-validator --schema request request.json\n```\n\n## API\n\n**Note**: as of [`v2.0.0`](https://github.com/ahmadnassri/har-validator/releases/tag/v2.0.0) this module defaults to Promise based API. *For backward comptability with `v1.x` an [async/callback API](#callback-api) is provided*\n\n### Validate(data)\n\n> Returns a promise that resolves to the valid object.\n\n- **data**: `Object` *(Required)*\n  a full [HAR](http://www.softwareishard.com/blog/har-12-spec/) object\n\n```js\nvalidate(data)\n  .then(data => console.log('horray!'))\n  .catch(console.error)\n```\n\n### Validate.log(data)\n\n> Returns a promise that resolves to the valid object.\n\n- **data**: `Object` *(Required)*\n  a [log](http://www.softwareishard.com/blog/har-12-spec/#log) object\n\n```js\nvalidate.log(data)\n  .then(data => console.log('horray!'))\n  .catch(console.error)\n```\n\n### Validate.cache(data)\n\n> Returns a promise that resolves to the valid object.\n\n- **data**: `Object` *(Required)*\n  a [cache](http://www.softwareishard.com/blog/har-12-spec/#cache) object\n\n```js\nvalidate.cache(data)\n  .then(data => console.log('horray!'))\n  .catch(console.error)\n```\n\n### Validate.cacheEntry(data)\n\n> Returns a promise that resolves to the valid object.\n\n- **data**: `Object` *(Required)*\n  a [\"beforeRequest\" or \"afterRequest\"](http://www.softwareishard.com/blog/har-12-spec/#cache) objects\n\n```js\nvalidate.cacheEntry(data)\n  .then(data => console.log('horray!'))\n  .catch(console.error)\n```\n\n### Validate.content(data)\n\n> Returns a promise that resolves to the valid object.\n\n- **data**: `Object` *(Required)*\n  a [content](http://www.softwareishard.com/blog/har-12-spec/#content) object\n\n```js\nvalidate.content(data)\n  .then(data => console.log('horray!'))\n  .catch(console.error)\n```\n\n### Validate.cookie(data)\n\n> Returns a promise that resolves to the valid object.\n\n- **data**: `Object` *(Required)*\n  a [cookie](http://www.softwareishard.com/blog/har-12-spec/#cookies) object\n\n```js\nvalidate.cookie(data)\n  .then(data => console.log('horray!'))\n  .catch(console.error)\n```\n\n### Validate.creator(data)\n\n> Returns a promise that resolves to the valid object.\n\n- **data**: `Object` *(Required)*\n  a [creator](http://www.softwareishard.com/blog/har-12-spec/#creator) object\n\n```js\nvalidate.creator(data)\n  .then(data => console.log('horray!'))\n  .catch(console.error)\n```\n\n### Validate.entry(data)\n\n> Returns a promise that resolves to the valid object.\n\n- **data**: `Object` *(Required)*\n  an [entry](http://www.softwareishard.com/blog/har-12-spec/#entries) object\n\n```js\nvalidate.entry(data)\n  .then(data => console.log('horray!'))\n  .catch(console.error)\n```\n\n### Validate.log(data)\n\nalias of [`Validate(data)`](#validate-data-callback-)\n\n### Validate.page(data)\n\n> Returns a promise that resolves to the valid object.\n\n- **data**: `Object` *(Required)*\n  a [page](http://www.softwareishard.com/blog/har-12-spec/#pages) object\n\n```js\nvalidate.page(data)\n  .then(data => console.log('horray!'))\n  .catch(console.error)\n```\n\n### Validate.pageTimings(data)\n\n> Returns a promise that resolves to the valid object.\n\n- **data**: `Object` *(Required)*\n  a [pageTimings](http://www.softwareishard.com/blog/har-12-spec/#pageTimings) object\n\n```js\nvalidate.pageTimings(data)\n  .then(data => console.log('horray!'))\n  .catch(console.error)\n```\n\n### Validate.postData(data)\n\n> Returns a promise that resolves to the valid object.\n\n- **data**: `Object` *(Required)*\n  a [postData](http://www.softwareishard.com/blog/har-12-spec/#postData) object\n\n```js\nvalidate.postData(data)\n  .then(data => console.log('horray!'))\n  .catch(console.error)\n```\n\n### Validate.record(data)\n\n> Returns a promise that resolves to the valid object.\n\n- **data**: `Object` *(Required)*\n  a [record](http://www.softwareishard.com/blog/har-12-spec/#headers) object\n\n```js\nvalidate.record(data)\n  .then(data => console.log('horray!'))\n  .catch(console.error)\n```\n\n### Validate.request(data)\n\n> Returns a promise that resolves to the valid object.\n\n- **data**: `Object` *(Required)*\n  a [request](http://www.softwareishard.com/blog/har-12-spec/#request) object\n\n```js\nvalidate.request(data)\n  .then(data => console.log('horray!'))\n  .catch(console.error)\n```\n\n### Validate.response(data)\n\n> Returns a promise that resolves to the valid object.\n\n- **data**: `Object` *(Required)*\n  a [response](http://www.softwareishard.com/blog/har-12-spec/#response) object\n\n```js\nvalidate.cacheEntry(data)\n  .then(data => console.log('horray!'))\n  .catch(console.error)\n```\n\n### Validate.timings(data)\n\n> Returns a promise that resolves to the valid object.\n\n- **data**: `Object` *(Required)*\n  a [timings](http://www.softwareishard.com/blog/har-12-spec/#timings) object\n\n```js\nvalidate.timings(data)\n  .then(data => console.log('horray!'))\n  .catch(console.error)\n```\n\n----\n\n## Callback API\n\n### Validate(data [, callback])\n\n> Returns `true` or `false`.\n\n```js\nvar HAR = require('./har.json');\nvar validate = require('har-validator/lib/async');\n\nvalidate(HAR, function (e, valid) {\n  if (e) console.log(e.errors)\n\n  if (valid) console.log('horray!');\n});\n\n```\nThe async API provides exactly the same methods as the [Promise API](#promise-api)\n\n----\n\n## Support\n\nDonations are welcome to help support the continuous development of this project.\n\n[![Gratipay][gratipay-image]][gratipay-url]\n[![PayPal][paypal-image]][paypal-url]\n[![Flattr][flattr-image]][flattr-url]\n[![Bitcoin][bitcoin-image]][bitcoin-url]\n\n## License\n\n[ISC License](LICENSE) &copy; [Ahmad Nassri](https://www.ahmadnassri.com/)\n\n[license-url]: https://github.com/ahmadnassri/har-validator/blob/master/LICENSE\n\n[travis-url]: https://travis-ci.org/ahmadnassri/har-validator\n[travis-image]: https://img.shields.io/travis/ahmadnassri/har-validator.svg?style=flat-square\n\n[npm-url]: https://www.npmjs.com/package/har-validator\n[npm-license]: https://img.shields.io/npm/l/har-validator.svg?style=flat-square\n[npm-version]: https://img.shields.io/npm/v/har-validator.svg?style=flat-square\n[npm-downloads]: https://img.shields.io/npm/dm/har-validator.svg?style=flat-square\n\n[codeclimate-url]: https://codeclimate.com/github/ahmadnassri/har-validator\n[codeclimate-quality]: https://img.shields.io/codeclimate/github/ahmadnassri/har-validator.svg?style=flat-square\n[codeclimate-coverage]: https://img.shields.io/codeclimate/coverage/github/ahmadnassri/har-validator.svg?style=flat-square\n\n[david-url]: https://david-dm.org/ahmadnassri/har-validator\n[david-image]: https://img.shields.io/david/ahmadnassri/har-validator.svg?style=flat-square\n\n[gratipay-url]: https://www.gratipay.com/ahmadnassri/\n[gratipay-image]: https://img.shields.io/gratipay/ahmadnassri.svg?style=flat-square\n\n[paypal-url]: https://www.paypal.com/cgi-bin/webscr?cmd=_s-xclick&hosted_button_id=UJ2B2BTK9VLRS&on0=project&os0=har-validator\n[paypal-image]: http://img.shields.io/badge/paypal-donate-green.svg?style=flat-square\n\n[flattr-url]: https://flattr.com/submit/auto?user_id=ahmadnassri&url=https://github.com/ahmadnassri/har-validator&title=har-validator&language=&tags=github&category=software\n[flattr-image]: http://img.shields.io/badge/flattr-donate-green.svg?style=flat-square\n\n[bitcoin-image]: http://img.shields.io/badge/bitcoin-1Nb46sZRVG3or7pNaDjthcGJpWhvoPpCxy-green.svg?style=flat-square\n[bitcoin-url]: https://www.coinbase.com/checkouts/ae383ae6bb931a2fa5ad11cec115191e?name=har-validator\n","maintainers":[{"name":"ahmadnassri","email":"ahmad@ahmadnassri.com"}],"time":{"modified":"2016-01-19T23:18:30.950Z","created":"2015-02-10T09:34:51.208Z","1.0.0":"2015-02-10T09:34:51.208Z","1.0.1":"2015-03-04T21:10:19.824Z","1.0.2":"2015-03-04T21:41:18.650Z","1.1.0":"2015-03-05T17:09:47.634Z","1.1.1":"2015-03-05T17:19:39.368Z","1.1.2":"2015-03-05T17:22:43.677Z","1.1.3":"2015-03-21T07:05:36.574Z","1.2.0":"2015-03-21T08:09:56.553Z","1.3.0":"2015-03-22T05:45:54.179Z","1.3.1":"2015-03-22T05:56:34.528Z","1.4.0":"2015-03-22T05:59:49.920Z","1.5.0":"2015-03-30T03:31:22.173Z","1.5.1":"2015-03-30T03:48:16.233Z","1.6.0":"2015-04-02T06:31:38.556Z","1.6.1":"2015-04-02T07:48:31.380Z","1.7.0":"2015-04-30T04:01:06.241Z","1.7.1":"2015-05-27T09:16:55.401Z","1.8.0":"2015-06-22T13:59:06.322Z","2.0.0":"2015-10-03T20:36:43.750Z","2.0.1":"2015-10-03T20:56:34.699Z","2.0.2":"2015-10-03T22:58:44.305Z","2.0.3":"2015-11-24T13:59:09.905Z","2.0.4":"2016-01-14T06:50:03.933Z","2.0.5":"2016-01-14T06:59:23.497Z","2.0.6":"2016-01-19T23:18:30.950Z"},"homepage":"https://github.com/ahmadnassri/har-validator","keywords":["har","http","archive","validate","validator"],"repository":{"type":"git","url":"https://github.com/ahmadnassri/har-validator"},"author":{"name":"Ahmad Nassri","email":"ahmad@ahmadnassri.com","url":"https://www.ahmadnassri.com/"},"bugs":{"url":"https://github.com/ahmadnassri/har-validator/issues"},"license":"ISC","readmeFilename":"README.md","users":{"ahmadnassri":true,"neodon1014":true},"_attachments":{},"_etag":"\"17YI2Z74EFAXC67102L5IRX21\""}