{"_id":"image-size","_rev":"94-711e10a260ca1eecd7f9f189e0e8d762","name":"image-size","description":"get dimensions of any image file","dist-tags":{"latest":"0.4.0"},"versions":{"0.0.2":{"name":"image-size","version":"0.0.2","description":"get dimensions of any image file","main":"index.js","bin":{"image-size":"./bin/image-size"},"scripts":{"test":"node_modules/.bin/mocha --ui bdd --reporter spec specs/*.spec.js"},"repository":{"type":"git","url":"git@github.com:netroy/image-size.git"},"keywords":["image","dimensions"],"author":{"name":"netroy","email":"aditya@netroy.in","url":"http://netroy.in/"},"license":"MIT","bugs":{"url":"https://github.com/netroy/image-size/issues"},"devDependencies":{"mocha":"~1.12.0"},"_id":"image-size@0.0.2","dist":{"shasum":"1fff36087de2af7faaef0a0a169bf641cb1eecb7","tarball":"http://registry.npmjs.org/image-size/-/image-size-0.0.2.tgz"},"_from":".","_npmVersion":"1.2.25","_npmUser":{"name":"netroy","email":"aditya@netroy.in"},"maintainers":[{"name":"netroy","email":"aditya@netroy.in"}],"directories":{}},"0.0.3":{"name":"image-size","version":"0.0.3","description":"get dimensions of any image file","main":"index.js","bin":{"image-size":"./bin/image-size"},"scripts":{"test":"node_modules/.bin/mocha --ui bdd --reporter spec specs/*.spec.js"},"repository":{"type":"git","url":"git@github.com:netroy/image-size.git"},"keywords":["image","dimensions"],"author":{"name":"netroy","email":"aditya@netroy.in","url":"http://netroy.in/"},"license":"MIT","bugs":{"url":"https://github.com/netroy/image-size/issues"},"devDependencies":{"mocha":"~1.12.0"},"_id":"image-size@0.0.3","dist":{"shasum":"cda31d03fb993c9144b8033de6b4ee548bcbda0e","tarball":"http://registry.npmjs.org/image-size/-/image-size-0.0.3.tgz"},"_from":".","_npmVersion":"1.2.25","_npmUser":{"name":"netroy","email":"aditya@netroy.in"},"maintainers":[{"name":"netroy","email":"aditya@netroy.in"}],"directories":{}},"0.0.5":{"name":"image-size","version":"0.0.5","description":"get dimensions of any image file","main":"index.js","bin":{"image-size":"./bin/image-size"},"scripts":{"test":"make"},"repository":{"type":"git","url":"git@github.com:netroy/image-size.git"},"keywords":["image","dimensions"],"author":{"name":"netroy","email":"aditya@netroy.in","url":"http://netroy.in/"},"license":"MIT","bugs":{"url":"https://github.com/netroy/image-size/issues"},"devDependencies":{"mocha":"~1.12.0","expect.js":"~0.2.0"},"_id":"image-size@0.0.5","dist":{"shasum":"3d6b8683aca0477990181825f726cb4ead148430","tarball":"http://registry.npmjs.org/image-size/-/image-size-0.0.5.tgz"},"_from":".","_npmVersion":"1.2.25","_npmUser":{"name":"netroy","email":"aditya@netroy.in"},"maintainers":[{"name":"netroy","email":"aditya@netroy.in"}],"directories":{}},"0.1.0":{"name":"image-size","version":"0.1.0","description":"get dimensions of any image file","main":"index.js","bin":{"image-size":"./bin/image-size"},"scripts":{"test":"make"},"repository":{"type":"git","url":"git@github.com:netroy/image-size.git"},"keywords":["image","dimensions"],"author":{"name":"netroy","email":"aditya@netroy.in","url":"http://netroy.in/"},"license":"MIT","bugs":{"url":"https://github.com/netroy/image-size/issues"},"devDependencies":{"mocha":"~1.12.0","expect.js":"~0.2.0","jshint":"~2.1.4"},"_id":"image-size@0.1.0","dist":{"shasum":"ca99212a134ed9f45abf826d77e88ee2d88c516a","tarball":"http://registry.npmjs.org/image-size/-/image-size-0.1.0.tgz"},"_from":".","_npmVersion":"1.2.25","_npmUser":{"name":"netroy","email":"aditya@netroy.in"},"maintainers":[{"name":"netroy","email":"aditya@netroy.in"}],"directories":{}},"0.1.1":{"name":"image-size","version":"0.1.1","description":"get dimensions of any image file","main":"index.js","engines":{"node":"~0.8.0"},"bin":{"image-size":"./bin/image-size"},"scripts":{"test":"make"},"repository":{"type":"git","url":"git@github.com:netroy/image-size.git"},"keywords":["image","dimensions"],"author":{"name":"netroy","email":"aditya@netroy.in","url":"http://netroy.in/"},"license":"MIT","bugs":{"url":"https://github.com/netroy/image-size/issues"},"devDependencies":{"mocha":"~1.12.0","expect.js":"~0.2.0","jshint":"~2.1.4"},"_id":"image-size@0.1.1","dist":{"shasum":"23e1e78e24c20fda823aea5ae248e8c6290157c1","tarball":"http://registry.npmjs.org/image-size/-/image-size-0.1.1.tgz"},"_from":".","_npmVersion":"1.2.25","_npmUser":{"name":"netroy","email":"aditya@netroy.in"},"maintainers":[{"name":"netroy","email":"aditya@netroy.in"}],"directories":{}},"0.1.2":{"name":"image-size","version":"0.1.2","description":"get dimensions of any image file","main":"index.js","engines":{"node":"~0.8.0"},"bin":{"image-size":"./bin/image-size"},"scripts":{"test":"make"},"repository":{"type":"git","url":"git@github.com:netroy/image-size.git"},"keywords":["image","dimensions"],"author":{"name":"netroy","email":"aditya@netroy.in","url":"http://netroy.in/"},"license":"MIT","bugs":{"url":"https://github.com/netroy/image-size/issues"},"devDependencies":{"mocha":"~1.12.0","expect.js":"~0.2.0","jshint":"~2.1.4"},"_id":"image-size@0.1.2","dist":{"shasum":"53b2138ae235b76033885277c2b0ab44c7c8e990","tarball":"http://registry.npmjs.org/image-size/-/image-size-0.1.2.tgz"},"_from":".","_npmVersion":"1.2.25","_npmUser":{"name":"netroy","email":"aditya@netroy.in"},"maintainers":[{"name":"netroy","email":"aditya@netroy.in"}],"directories":{}},"0.1.3":{"name":"image-size","version":"0.1.3","description":"get dimensions of any image file","main":"index.js","engines":{"node":">=0.8.0"},"bin":{"image-size":"./bin/image-size"},"scripts":{"test":"make"},"repository":{"type":"git","url":"git@github.com:netroy/image-size.git"},"keywords":["image","dimensions"],"author":{"name":"netroy","email":"aditya@netroy.in","url":"http://netroy.in/"},"license":"MIT","bugs":{"url":"https://github.com/netroy/image-size/issues"},"devDependencies":{"mocha":"~1.12.0","expect.js":"~0.2.0","jshint":"~2.1.4"},"_id":"image-size@0.1.3","dist":{"shasum":"6fab197ce26881d59bd1e56e70c29ed6d53e0707","tarball":"http://registry.npmjs.org/image-size/-/image-size-0.1.3.tgz"},"_from":".","_npmVersion":"1.2.25","_npmUser":{"name":"netroy","email":"aditya@netroy.in"},"maintainers":[{"name":"netroy","email":"aditya@netroy.in"}],"directories":{}},"0.1.4":{"name":"image-size","version":"0.1.4","description":"get dimensions of any image file","main":"lib/index.js","engines":{"node":">=0.8.0"},"bin":{"image-size":"./bin/image-size"},"scripts":{"test":"make"},"repository":{"type":"git","url":"git@github.com:netroy/image-size.git"},"keywords":["image","size","dimensions","resolution","width","height","png","jpeg","bmp","gif","psd","tiff","webp"],"author":{"name":"netroy","email":"aditya@netroy.in","url":"http://netroy.in/"},"license":"MIT","bugs":{"url":"https://github.com/netroy/image-size/issues"},"devDependencies":{"mocha":"~1.12.0","expect.js":"~0.2.0","jshint":"~2.1.4"},"_id":"image-size@0.1.4","dist":{"shasum":"e253cd0d3fc992fde945d4806ff40a4653137c46","tarball":"http://registry.npmjs.org/image-size/-/image-size-0.1.4.tgz"},"_from":".","_npmVersion":"1.2.25","_npmUser":{"name":"netroy","email":"aditya@netroy.in"},"maintainers":[{"name":"netroy","email":"aditya@netroy.in"}],"directories":{}},"0.1.5":{"name":"image-size","version":"0.1.5","description":"get dimensions of any image file","main":"lib/index.js","engines":{"node":">=0.8.0"},"bin":{"image-size":"./bin/image-size"},"scripts":{"test":"make"},"repository":{"type":"git","url":"git@github.com:netroy/image-size.git"},"keywords":["image","size","dimensions","resolution","width","height","png","jpeg","bmp","gif","psd","tiff","webp"],"author":{"name":"netroy","email":"aditya@netroy.in","url":"http://netroy.in/"},"license":"MIT","bugs":{"url":"https://github.com/netroy/image-size/issues"},"devDependencies":{"mocha":"~1.12.0","expect.js":"~0.2.0","jshint":"~2.1.4"},"_id":"image-size@0.1.5","dist":{"shasum":"24d7654b692502dd9ba84da7bae1630873dab140","tarball":"http://registry.npmjs.org/image-size/-/image-size-0.1.5.tgz"},"_from":".","_npmVersion":"1.2.25","_npmUser":{"name":"netroy","email":"aditya@netroy.in"},"maintainers":[{"name":"netroy","email":"aditya@netroy.in"}],"directories":{}},"0.1.6":{"name":"image-size","version":"0.1.6","description":"get dimensions of any image file","main":"lib/index.js","engines":{"node":">=0.8.0"},"bin":{"image-size":"./bin/image-size"},"scripts":{"test":"make"},"repository":{"type":"git","url":"git@github.com:netroy/image-size.git"},"keywords":["image","size","dimensions","resolution","width","height","png","jpeg","bmp","gif","psd","tiff","webp"],"author":{"name":"netroy","email":"aditya@netroy.in","url":"http://netroy.in/"},"license":"MIT","bugs":{"url":"https://github.com/netroy/image-size/issues"},"devDependencies":{"mocha":"~1.13.0","expect.js":"~0.2.0","jshint":"~2.1.11","glob":"~3.2.6"},"_id":"image-size@0.1.6","dist":{"shasum":"eccfc8967959bbf13576d1ee9d4809783859d7db","tarball":"http://registry.npmjs.org/image-size/-/image-size-0.1.6.tgz"},"_from":".","_npmVersion":"1.3.8","_npmUser":{"name":"netroy","email":"aditya@netroy.in"},"maintainers":[{"name":"netroy","email":"aditya@netroy.in"}],"directories":{}},"0.1.7":{"name":"image-size","version":"0.1.7","description":"get dimensions of any image file","main":"lib/index.js","engines":{"node":">=0.8.0"},"bin":{"image-size":"./bin/image-size"},"scripts":{"test":"make"},"repository":{"type":"git","url":"git@github.com:netroy/image-size.git"},"keywords":["image","size","dimensions","resolution","width","height","png","jpeg","bmp","gif","psd","tiff","webp"],"author":{"name":"netroy","email":"aditya@netroy.in","url":"http://netroy.in/"},"license":"MIT","bugs":{"url":"https://github.com/netroy/image-size/issues"},"devDependencies":{"mocha":"~1.13.0","expect.js":"~0.2.0","jshint":"~2.1.11","glob":"~3.2.6"},"_id":"image-size@0.1.7","dist":{"shasum":"83c4fa746b67d788e42558ce01bd5cd695889f40","tarball":"http://registry.npmjs.org/image-size/-/image-size-0.1.7.tgz"},"_from":".","_npmVersion":"1.3.8","_npmUser":{"name":"netroy","email":"aditya@netroy.in"},"maintainers":[{"name":"netroy","email":"aditya@netroy.in"}],"directories":{}},"0.1.10":{"name":"image-size","version":"0.1.10","description":"get dimensions of any image file","main":"lib/index.js","engines":{"node":">=0.8.0"},"bin":{"image-size":"./bin/image-size"},"scripts":{"test":"make"},"repository":{"type":"git","url":"git@github.com:netroy/image-size.git"},"keywords":["image","size","dimensions","resolution","width","height","png","jpeg","bmp","gif","psd","tiff","webp"],"author":{"name":"netroy","email":"aditya@netroy.in","url":"http://netroy.in/"},"license":"MIT","bugs":{"url":"https://github.com/netroy/image-size/issues"},"devDependencies":{"mocha":"~1.13.0","expect.js":"~0.2.0","jshint":"~2.1.11","glob":"~3.2.6"},"_id":"image-size@0.1.10","dist":{"shasum":"89e61aab60c21dbf41d9227645cb8f6f50bf41df","tarball":"http://registry.npmjs.org/image-size/-/image-size-0.1.10.tgz"},"_from":".","_npmVersion":"1.3.8","_npmUser":{"name":"netroy","email":"aditya@netroy.in"},"maintainers":[{"name":"netroy","email":"aditya@netroy.in"}],"directories":{}},"0.1.15":{"name":"image-size","version":"0.1.15","description":"get dimensions of any image file","main":"lib/index.js","engines":{"node":">=0.8.0"},"bin":{"image-size":"./bin/image-size"},"scripts":{"test":"make"},"repository":{"type":"git","url":"git@github.com:netroy/image-size.git"},"keywords":["image","size","dimensions","resolution","width","height","png","jpeg","bmp","gif","psd","tiff","webp"],"author":{"name":"netroy","email":"aditya@netroy.in","url":"http://netroy.in/"},"license":"MIT","bugs":{"url":"https://github.com/netroy/image-size/issues"},"devDependencies":{"mocha":"~1.13.0","expect.js":"~0.2.0","jshint":"~2.1.11","glob":"~3.2.6"},"homepage":"https://github.com/netroy/image-size","_id":"image-size@0.1.15","dist":{"shasum":"e56af962ba10f8e52f4af5f16afd7b7c1e906ffb","tarball":"http://registry.npmjs.org/image-size/-/image-size-0.1.15.tgz"},"_from":".","_npmVersion":"1.3.13","_npmUser":{"name":"netroy","email":"aditya@netroy.in"},"maintainers":[{"name":"netroy","email":"aditya@netroy.in"}],"directories":{}},"0.0.16":{"name":"image-size","version":"0.0.16","description":"get dimensions of any image file","main":"lib/index.js","engines":{"node":">=0.8.0"},"bin":{"image-size":"./bin/image-size"},"scripts":{"test":"make"},"repository":{"type":"git","url":"git@github.com:netroy/image-size.git"},"keywords":["image","size","dimensions","resolution","width","height","png","jpeg","bmp","gif","psd","tiff","webp"],"author":{"name":"netroy","email":"aditya@netroy.in","url":"http://netroy.in/"},"license":"MIT","bugs":{"url":"https://github.com/netroy/image-size/issues"},"devDependencies":{"escomplex-js":"~0.1.0","expect.js":"~0.2.0","glob":"~3.2.7","jshint":"~2.3.0","mocha":"~1.14.0","sinon":"~1.7.3"},"homepage":"https://github.com/netroy/image-size","_id":"image-size@0.0.16","dist":{"shasum":"a156f99ca6603665937cf9ff81f85dc2cc7587d1","tarball":"http://registry.npmjs.org/image-size/-/image-size-0.0.16.tgz"},"_from":".","_npmVersion":"1.3.14","_npmUser":{"name":"netroy","email":"aditya@netroy.in"},"maintainers":[{"name":"netroy","email":"aditya@netroy.in"}],"directories":{}},"0.1.16":{"name":"image-size","version":"0.1.16","description":"get dimensions of any image file","main":"lib/index.js","engines":{"node":">=0.8.0"},"bin":{"image-size":"./bin/image-size"},"scripts":{"test":"make"},"repository":{"type":"git","url":"git@github.com:netroy/image-size.git"},"keywords":["image","size","dimensions","resolution","width","height","png","jpeg","bmp","gif","psd","tiff","webp"],"author":{"name":"netroy","email":"aditya@netroy.in","url":"http://netroy.in/"},"license":"MIT","bugs":{"url":"https://github.com/netroy/image-size/issues"},"devDependencies":{"escomplex-js":"~0.1.0","expect.js":"~0.2.0","glob":"~3.2.7","jshint":"~2.3.0","mocha":"~1.14.0","sinon":"~1.7.3"},"homepage":"https://github.com/netroy/image-size","_id":"image-size@0.1.16","dist":{"shasum":"3a18c7028fe2241a1dbe13d2cfc67b4a077729bc","tarball":"http://registry.npmjs.org/image-size/-/image-size-0.1.16.tgz"},"_from":".","_npmVersion":"1.3.14","_npmUser":{"name":"netroy","email":"aditya@netroy.in"},"maintainers":[{"name":"netroy","email":"aditya@netroy.in"}],"directories":{}},"0.1.17":{"name":"image-size","version":"0.1.17","description":"get dimensions of any image file","main":"lib/index.js","engines":{"node":">=0.8.0"},"bin":{"image-size":"./bin/image-size"},"scripts":{"test":"make"},"repository":{"type":"git","url":"git@github.com:netroy/image-size.git"},"keywords":["image","size","dimensions","resolution","width","height","png","jpeg","bmp","gif","psd","tiff","webp"],"author":{"name":"netroy","email":"aditya@netroy.in","url":"http://netroy.in/"},"license":"MIT","bugs":{"url":"https://github.com/netroy/image-size/issues"},"devDependencies":{"escomplex-js":"~0.1.0","expect.js":"~0.2.0","glob":"~3.2.7","jshint":"~2.3.0","mocha":"~1.14.0","sinon":"~1.7.3"},"_id":"image-size@0.1.17","dist":{"shasum":"e34b79f33abc72d9ff6307ea3afc9ca04ba8daa9","tarball":"http://registry.npmjs.org/image-size/-/image-size-0.1.17.tgz"},"_from":".","_npmVersion":"1.3.5","_npmUser":{"name":"netroy","email":"aditya@netroy.in"},"maintainers":[{"name":"netroy","email":"aditya@netroy.in"}],"directories":{}},"0.1.20":{"name":"image-size","version":"0.1.20","description":"get dimensions of any image file","main":"lib/index.js","engines":{"node":">=0.8.0"},"bin":{"image-size":"./bin/image-size"},"scripts":{"test":"make"},"repository":{"type":"git","url":"git@github.com:netroy/image-size.git"},"keywords":["image","size","dimensions","resolution","width","height","png","jpeg","bmp","gif","psd","tiff","webp"],"author":{"name":"netroy","email":"aditya@netroy.in","url":"http://netroy.in/"},"license":"MIT","bugs":{"url":"https://github.com/netroy/image-size/issues"},"devDependencies":{"escomplex-js":"~0.1.0","expect.js":"~0.2.0","glob":"~3.2.7","jshint":"~2.3.0","mocha":"~1.14.0","sinon":"~1.7.3"},"_id":"image-size@0.1.20","dist":{"shasum":"4e0c50e394a78640c706907089022becbeb2e2cf","tarball":"http://registry.npmjs.org/image-size/-/image-size-0.1.20.tgz"},"_from":".","_npmVersion":"1.3.5","_npmUser":{"name":"netroy","email":"aditya@netroy.in"},"maintainers":[{"name":"netroy","email":"aditya@netroy.in"}],"directories":{}},"0.2.1":{"name":"image-size","version":"0.2.1","description":"get dimensions of any image file","main":"lib/index.js","engines":{"node":">=0.8.0"},"bin":{"image-size":"./bin/image-size"},"scripts":{"test":"make"},"repository":{"type":"git","url":"git@github.com:netroy/image-size.git"},"keywords":["image","size","dimensions","resolution","width","height","png","jpeg","bmp","gif","psd","tiff","webp"],"author":{"name":"netroy","email":"aditya@netroy.in","url":"http://netroy.in/"},"license":"MIT","bugs":{"url":"https://github.com/netroy/image-size/issues"},"devDependencies":{"escomplex-js":"~0.1.0","expect.js":"~0.2.0","glob":"~3.2.7","jshint":"~2.3.0","mocha":"~1.14.0","sinon":"~1.7.3"},"_id":"image-size@0.2.1","dist":{"shasum":"06aa3ada70b5d30e5f001ddaf03b72d42111cad8","tarball":"http://registry.npmjs.org/image-size/-/image-size-0.2.1.tgz"},"_from":".","_npmVersion":"1.3.5","_npmUser":{"name":"netroy","email":"aditya@netroy.in"},"maintainers":[{"name":"netroy","email":"aditya@netroy.in"}],"directories":{}},"0.2.2":{"name":"image-size","version":"0.2.2","description":"get dimensions of any image file","main":"lib/index.js","engines":{"node":">=0.8.0"},"bin":{"image-size":"./bin/image-size"},"scripts":{"test":"make"},"repository":{"type":"git","url":"git@github.com:netroy/image-size.git"},"keywords":["image","size","dimensions","resolution","width","height","png","jpeg","bmp","gif","psd","tiff","webp"],"author":{"name":"netroy","email":"aditya@netroy.in","url":"http://netroy.in/"},"license":"MIT","bugs":{"url":"https://github.com/netroy/image-size/issues"},"devDependencies":{"escomplex-js":"~0.1.0","expect.js":"~0.2.0","glob":"~3.2.7","jshint":"~2.3.0","mocha":"~1.14.0","sinon":"~1.7.3"},"homepage":"https://github.com/netroy/image-size","_id":"image-size@0.2.2","dist":{"shasum":"479f49d983bc61e16c39c9083510267c2b34038b","tarball":"http://registry.npmjs.org/image-size/-/image-size-0.2.2.tgz"},"_from":".","_npmVersion":"1.4.4","_npmUser":{"name":"netroy","email":"aditya@netroy.in"},"maintainers":[{"name":"netroy","email":"aditya@netroy.in"}],"directories":{}},"0.2.3":{"name":"image-size","version":"0.2.3","description":"get dimensions of any image file","main":"lib/index.js","engines":{"node":">=0.8.0"},"bin":{"image-size":"./bin/image-size"},"scripts":{"test":"make"},"repository":{"type":"git","url":"git@github.com:netroy/image-size.git"},"keywords":["image","size","dimensions","resolution","width","height","png","jpeg","bmp","gif","psd","tiff","webp"],"author":{"name":"netroy","email":"aditya@netroy.in","url":"http://netroy.in/"},"license":"MIT","bugs":{"url":"https://github.com/netroy/image-size/issues"},"devDependencies":{"escomplex-js":"~0.1.0","expect.js":"~0.2.0","glob":"~3.2.7","jshint":"~2.3.0","mocha":"~1.14.0","sinon":"~1.7.3"},"homepage":"https://github.com/netroy/image-size","_id":"image-size@0.2.3","dist":{"shasum":"d5c83746f892c4dcb12b5d30a9fd092c6e3e74bd","tarball":"http://registry.npmjs.org/image-size/-/image-size-0.2.3.tgz"},"_from":".","_npmVersion":"1.4.4","_npmUser":{"name":"netroy","email":"aditya@netroy.in"},"maintainers":[{"name":"netroy","email":"aditya@netroy.in"}],"directories":{}},"0.2.4":{"name":"image-size","version":"0.2.4","description":"get dimensions of any image file","main":"lib/index.js","engines":{"node":">=0.8.0"},"bin":{"image-size":"./bin/image-size"},"scripts":{"test":"make"},"repository":{"type":"git","url":"git@github.com:netroy/image-size.git"},"keywords":["image","size","dimensions","resolution","width","height","png","jpeg","bmp","gif","psd","tiff","webp"],"author":{"name":"netroy","email":"aditya@netroy.in","url":"http://netroy.in/"},"license":"MIT","bugs":{"url":"https://github.com/netroy/image-size/issues"},"devDependencies":{"escomplex-js":"~0.1.0","expect.js":"~0.2.0","glob":"~3.2.7","jshint":"~2.3.0","mocha":"~1.14.0","sinon":"~1.7.3"},"homepage":"https://github.com/netroy/image-size","_id":"image-size@0.2.4","dist":{"shasum":"6018b8156d6b047a61d01e3eac1081a6cf21e144","tarball":"http://registry.npmjs.org/image-size/-/image-size-0.2.4.tgz"},"_from":".","_npmVersion":"1.4.3","_npmUser":{"name":"netroy","email":"aditya@netroy.in"},"maintainers":[{"name":"netroy","email":"aditya@netroy.in"}],"directories":{}},"0.2.5":{"name":"image-size","version":"0.2.5","description":"get dimensions of any image file","main":"lib/index.js","engines":{"node":">=0.8.0"},"bin":{"image-size":"./bin/image-size"},"scripts":{"test":"make"},"repository":{"type":"git","url":"git@github.com:netroy/image-size.git"},"keywords":["image","size","dimensions","resolution","width","height","png","jpeg","bmp","gif","psd","tiff","webp"],"author":{"name":"netroy","email":"aditya@netroy.in","url":"http://netroy.in/"},"license":"MIT","bugs":{"url":"https://github.com/netroy/image-size/issues"},"devDependencies":{"escomplex-js":"~0.1.0","expect.js":"~0.2.0","glob":"~3.2.7","jshint":"~2.3.0","mocha":"~1.14.0","sinon":"~1.7.3"},"homepage":"https://github.com/netroy/image-size","_id":"image-size@0.2.5","dist":{"shasum":"7cea13f49c191319722fadd961b9f30363eec88f","tarball":"http://registry.npmjs.org/image-size/-/image-size-0.2.5.tgz"},"_from":".","_npmVersion":"1.4.3","_npmUser":{"name":"netroy","email":"aditya@netroy.in"},"maintainers":[{"name":"netroy","email":"aditya@netroy.in"}],"directories":{}},"0.3.0":{"name":"image-size","version":"0.3.0","description":"get dimensions of any image file","main":"lib/index.js","engines":{"node":">=0.8.0"},"bin":{"image-size":"./bin/image-size"},"scripts":{"test":"make"},"repository":{"type":"git","url":"git@github.com:netroy/image-size.git"},"keywords":["image","size","dimensions","resolution","width","height","png","jpeg","bmp","gif","psd","tiff","webp"],"author":{"name":"netroy","email":"aditya@netroy.in","url":"http://netroy.in/"},"license":"MIT","bugs":{"url":"https://github.com/netroy/image-size/issues"},"devDependencies":{"escomplex-js":"~0.1.0","expect.js":"~0.2.0","glob":"~3.2.7","jshint":"~2.3.0","mocha":"~1.14.0","sinon":"~1.7.3"},"homepage":"https://github.com/netroy/image-size","_id":"image-size@0.3.0","_shasum":"716dfca14106f195d38ddfe0ec94d6eaeb9b0396","_from":".","_npmVersion":"1.4.9","_npmUser":{"name":"netroy","email":"aditya@netroy.in"},"maintainers":[{"name":"netroy","email":"aditya@netroy.in"}],"dist":{"shasum":"716dfca14106f195d38ddfe0ec94d6eaeb9b0396","tarball":"http://registry.npmjs.org/image-size/-/image-size-0.3.0.tgz"},"directories":{}},"0.3.1":{"name":"image-size","version":"0.3.1","description":"get dimensions of any image file","main":"lib/index.js","engines":{"node":">=0.8.0"},"bin":{"image-size":"./bin/image-size"},"scripts":{"test":"make"},"repository":{"type":"git","url":"git@github.com:netroy/image-size.git"},"keywords":["image","size","dimensions","resolution","width","height","png","jpeg","bmp","gif","psd","tiff","webp"],"author":{"name":"netroy","email":"aditya@netroy.in","url":"http://netroy.in/"},"license":"MIT","bugs":{"url":"https://github.com/netroy/image-size/issues"},"devDependencies":{"escomplex-js":"~0.1.0","expect.js":"~0.2.0","glob":"~3.2.7","jshint":"~2.3.0","mocha":"~1.14.0","sinon":"~1.7.3"},"gitHead":"7441fdddc49f281f3b430a9db912293be02de095","homepage":"https://github.com/netroy/image-size","_id":"image-size@0.3.1","_shasum":"8ee649889ed9a803e7372d72be3ab87debd86902","_from":".","_npmVersion":"1.4.14","_npmUser":{"name":"netroy","email":"aditya@netroy.in"},"maintainers":[{"name":"netroy","email":"aditya@netroy.in"}],"dist":{"shasum":"8ee649889ed9a803e7372d72be3ab87debd86902","tarball":"http://registry.npmjs.org/image-size/-/image-size-0.3.1.tgz"},"directories":{}},"0.3.2":{"name":"image-size","version":"0.3.2","description":"get dimensions of any image file","main":"lib/index.js","engines":{"node":">=0.8.0"},"bin":{"image-size":"./bin/image-size"},"scripts":{"test":"make"},"repository":{"type":"git","url":"git@github.com:netroy/image-size.git"},"keywords":["image","size","dimensions","resolution","width","height","png","jpeg","bmp","gif","psd","tiff","webp"],"author":{"name":"netroy","email":"aditya@netroy.in","url":"http://netroy.in/"},"license":"MIT","bugs":{"url":"https://github.com/netroy/image-size/issues"},"devDependencies":{"escomplex-js":"~0.1.0","expect.js":"~0.2.0","glob":"~3.2.7","jshint":"~2.3.0","mocha":"~1.14.0","sinon":"~1.7.3"},"homepage":"https://github.com/netroy/image-size","_id":"image-size@0.3.2","_shasum":"cab539016c48e325a8d33c08e1a5cc673d725a86","_from":".","_npmVersion":"1.4.9","_npmUser":{"name":"netroy","email":"aditya@netroy.in"},"maintainers":[{"name":"netroy","email":"aditya@netroy.in"}],"dist":{"shasum":"cab539016c48e325a8d33c08e1a5cc673d725a86","tarball":"http://registry.npmjs.org/image-size/-/image-size-0.3.2.tgz"},"directories":{}},"0.3.3":{"name":"image-size","version":"0.3.3","description":"get dimensions of any image file","main":"lib/index.js","engines":{"node":">=0.8.0"},"bin":{"image-size":"./bin/image-size"},"scripts":{"test":"make"},"repository":{"type":"git","url":"git@github.com:netroy/image-size.git"},"keywords":["image","size","dimensions","resolution","width","height","png","jpeg","bmp","gif","psd","tiff","webp"],"author":{"name":"netroy","email":"aditya@netroy.in","url":"http://netroy.in/"},"license":"MIT","bugs":{"url":"https://github.com/netroy/image-size/issues"},"devDependencies":{"escomplex-js":"~0.1.0","expect.js":"~0.2.0","glob":"~3.2.7","jshint":"~2.3.0","mocha":"~1.14.0","sinon":"~1.7.3"},"gitHead":"43fc9add2e9085d329877038d07a03547735270d","homepage":"https://github.com/netroy/image-size","_id":"image-size@0.3.3","_shasum":"7ac36a8cf501a40cd3ddb22859424960d9b11d89","_from":".","_npmVersion":"2.0.0-beta.3","_npmUser":{"name":"netroy","email":"aditya@netroy.in"},"maintainers":[{"name":"netroy","email":"aditya@netroy.in"}],"dist":{"shasum":"7ac36a8cf501a40cd3ddb22859424960d9b11d89","tarball":"http://registry.npmjs.org/image-size/-/image-size-0.3.3.tgz"},"directories":{}},"0.3.5":{"name":"image-size","version":"0.3.5","description":"get dimensions of any image file","main":"lib/index.js","engines":{"node":">=0.10.0"},"bin":{"image-size":"./bin/image-size"},"scripts":{"test":"make"},"repository":{"type":"git","url":"git@github.com:netroy/image-size.git"},"keywords":["image","size","dimensions","resolution","width","height","png","jpeg","bmp","gif","psd","tiff","webp","svg"],"author":{"name":"netroy","email":"aditya@netroy.in","url":"http://netroy.in/"},"license":"MIT","bugs":{"url":"https://github.com/netroy/image-size/issues"},"devDependencies":{"escomplex-js":"~0.1.4","expect.js":"~0.3.1","glob":"~4.0.6","jshint":"~2.5.6","mocha":"~1.21.5","sinon":"~1.10.3"},"gitHead":"ccef69913f1cac2cb88c5f6309d70a37cf097658","homepage":"https://github.com/netroy/image-size","_id":"image-size@0.3.5","_shasum":"83240eab2fb5b00b04aab8c74b0471e9cba7ad8c","_from":".","_npmVersion":"2.0.0","_npmUser":{"name":"netroy","email":"aditya@netroy.in"},"maintainers":[{"name":"netroy","email":"aditya@netroy.in"}],"dist":{"shasum":"83240eab2fb5b00b04aab8c74b0471e9cba7ad8c","tarball":"http://registry.npmjs.org/image-size/-/image-size-0.3.5.tgz"},"directories":{}},"0.4.0":{"name":"image-size","version":"0.4.0","description":"get dimensions of any image file","main":"lib/index.js","files":["bin","lib"],"engines":{"node":">=0.10.0"},"bin":{"image-size":"bin/image-size.js"},"scripts":{"pretest":"jshint","test":"mocha specs","coverage":"istanbul cover _mocha specs"},"repository":{"type":"git","url":"git+https://github.com/image-size/image-size.git"},"keywords":["image","size","dimensions","resolution","width","height","png","jpeg","bmp","gif","psd","tiff","webp","svg"],"author":{"name":"netroy","email":"aditya@netroy.in","url":"http://netroy.in/"},"license":"MIT","devDependencies":{"escomplex-js":"^1.2.0","expect.js":"^0.3.1","glob":"^6.0.1","istanbul":"^0.4.0","jshint":"^2.8.0","mocha":"^2.3.4","sinon":"^1.17.2"},"gitHead":"0d6723b3345ae81d41f2c27e50c89cca522c377d","bugs":{"url":"https://github.com/image-size/image-size/issues"},"homepage":"https://github.com/image-size/image-size#readme","_id":"image-size@0.4.0","_shasum":"d4b4e1f61952e4cbc1cea9a6b0c915fecb707510","_from":".","_npmVersion":"3.3.12","_nodeVersion":"5.1.0","_npmUser":{"name":"shinnn","email":"snnskwtnb@gmail.com"},"maintainers":[{"name":"netroy","email":"aditya@netroy.in"},{"name":"shinnn","email":"snnskwtnb@gmail.com"},{"name":"zeke","email":"zeke@sikelianos.com"}],"dist":{"shasum":"d4b4e1f61952e4cbc1cea9a6b0c915fecb707510","tarball":"http://registry.npmjs.org/image-size/-/image-size-0.4.0.tgz"},"directories":{}}},"readme":"# image-size\n\n[![NPM Version](https://img.shields.io/npm/v/image-size.svg)](https://www.npmjs.com/package/image-size)\n[![Build Status](https://travis-ci.org/image-size/image-size.svg?branch=master)](https://travis-ci.org/image-size/image-size)\n[![NPM Downloads](https://img.shields.io/npm/dm/image-size.svg)](http://npm-stat.com/charts.html?package=image-size&author=&from=&to=)\n[![Coverage Status](https://img.shields.io/coveralls/image-size/image-size/master.svg)](https://coveralls.io/github/image-size/image-size?branch=master)\n[![devDependency Status](https://david-dm.org/image-size/image-size/dev-status.svg)](https://david-dm.org/image-size/image-size#info=devDependencies)\n\nA [Node](https://nodejs.org/en/) module to get dimensions of any image file\n\n## Supported formats\n\n* BMP\n* GIF\n* JPEG\n* PNG\n* PSD\n* TIFF\n* WebP\n* SVG\n\n### Upcoming\n\n* SWF\n\n## Programmatic Usage\n\n```\nnpm install image-size --save\n```\n\n### Synchronous\n\n```javascript\nvar sizeOf = require('image-size');\nvar dimensions = sizeOf('images/funny-cats.png');\nconsole.log(dimensions.width, dimensions.height);\n```\n\n### Asynchronous\n\n```javascript\nvar sizeOf = require('image-size');\nsizeOf('images/funny-cats.png', function (err, dimensions) {\n  console.log(dimensions.width, dimensions.height);\n});\n```\n\n### Using a URL\n\n```javascript\nvar url = require('url');\nvar http = require('http');\n\nvar sizeOf = require('image-size');\n\nvar imgUrl = 'http://my-amazing-website.com/image.jpeg';\nvar options = url.parse(imgUrl);\n\nhttp.get(options, function (response) {\n  var chunks = [];\n  response.on('data', function (chunk) {\n    chunks.push(chunk);\n  }).on('end', function() {\n    var buffer = Buffer.concat(chunks);\n    console.log(sizeOf(buffer));\n  });\n});\n```\n\nYou can optionally check the buffer lengths & stop downloading the image after a few kilobytes.\n**You don't need to download the entire image**\n\n## Command-Line Usage (CLI)\n\n```\nnpm install image-size --global\nimage-size image1 [image2] [image3] ...\n```\n\n## Credits\n\nnot a direct port, but an attempt to have something like\n[dabble's imagesize](https://github.com/dabble/imagesize/blob/master/lib/image_size.rb) as a node module.\n\n## [Contributors](Contributors.md)\n","maintainers":[{"name":"netroy","email":"aditya@netroy.in"},{"name":"shinnn","email":"snnskwtnb@gmail.com"},{"name":"zeke","email":"zeke@sikelianos.com"}],"time":{"modified":"2015-11-23T15:00:56.392Z","created":"2013-07-02T01:38:44.191Z","0.0.2":"2013-07-02T01:38:50.596Z","0.0.3":"2013-07-02T01:52:16.830Z","0.0.5":"2013-07-03T21:18:12.940Z","0.1.0":"2013-07-03T22:39:35.454Z","0.1.1":"2013-07-03T23:27:26.355Z","0.1.2":"2013-07-04T11:32:37.516Z","0.1.3":"2013-07-04T22:07:34.579Z","0.1.4":"2013-07-05T11:17:01.871Z","0.1.5":"2013-07-05T11:48:58.390Z","0.1.6":"2013-10-11T05:09:56.602Z","0.1.7":"2013-10-11T06:34:56.411Z","0.1.10":"2013-10-11T07:23:25.311Z","0.1.15":"2013-11-17T23:07:42.764Z","0.0.16":"2013-11-20T11:44:23.748Z","0.1.16":"2013-12-03T16:34:35.855Z","0.1.17":"2014-01-22T22:46:59.022Z","0.1.20":"2014-01-22T23:11:06.362Z","0.2.1":"2014-01-22T23:11:37.331Z","0.2.2":"2014-03-19T21:28:17.178Z","0.2.3":"2014-03-26T17:21:31.466Z","0.2.4":"2014-05-09T09:33:10.914Z","0.2.5":"2014-05-14T21:19:25.494Z","0.3.0":"2014-06-09T14:12:27.971Z","0.3.1":"2014-07-11T13:31:55.975Z","0.3.2":"2014-07-15T13:51:37.505Z","0.3.3":"2014-09-09T15:00:44.084Z","0.3.5":"2014-10-16T21:27:39.057Z","0.4.0":"2015-11-23T15:00:56.392Z"},"author":{"name":"netroy","email":"aditya@netroy.in","url":"http://netroy.in/"},"repository":{"type":"git","url":"git+https://github.com/image-size/image-size.git"},"users":{"netroy":true,"meggesje":true,"yizen":true,"tunnckocore":true,"devonning":true,"andrebassi":true,"detj":true,"solome":true,"alien":true,"hubbu":true,"heraklion":true,"kulakowka":true,"jmm23":true,"hagb4rd":true,"joris-van-der-wel":true,"mimmo1":true,"lifecube":true,"monolithed":true,"ynakajima":true,"wzbg":true,"mailhap":true,"helder":true,"krocon":true,"stany":true,"ninozhang":true,"ngpixel":true},"readmeFilename":"Readme.md","homepage":"https://github.com/image-size/image-size#readme","keywords":["image","size","dimensions","resolution","width","height","png","jpeg","bmp","gif","psd","tiff","webp","svg"],"bugs":{"url":"https://github.com/image-size/image-size/issues"},"license":"MIT","_attachments":{},"_etag":"\"D6M0J5LGY6R33LCE969WFAZ2T\""}