{"digest":"3f7fd35bbd51413a05d079b09593c7d3e4f0bc19","css":".image-view {\n  display: flex;\n  flex-direction: column;\n  background-color: #272a32;\n}\n.image-view .image-controls {\n  display: flex;\n  justify-content: space-between;\n  align-items: center;\n  padding: 5px;\n  border-bottom: 1px solid #17191e;\n  background-color: #272a32;\n}\n.image-view .image-controls a {\n  display: inline-block;\n  position: relative;\n  width: 24px;\n  height: 24px;\n  margin: 5px;\n  vertical-align: middle;\n  font-size: 0;\n  border-radius: 22px;\n  border: 2px solid #fff;\n  box-shadow: inset 0 1px 2px rgba(0, 0, 0, 0.4), 0 0 0 1px rgba(0, 0, 0, 0.1), 0 2px 2px rgba(0, 0, 0, 0.2);\n  background-clip: content-box;\n}\n.image-view .image-controls a:hover {\n  border-color: #ccc;\n}\n.image-view .image-controls a:active {\n  border-color: #999;\n}\n.image-view .image-controls-color-white {\n  color: #000;\n  background-color: #fff;\n  background-image: url(\"atom://image-view/images/transparent-background.png\");\n}\n.image-view .image-controls-color-black {\n  color: #fff;\n  background-color: #000;\n  background-image: url(\"atom://image-view/images/transparent-background.png\");\n}\n.image-view .image-controls .btn-group {\n  margin: 5px;\n}\n.image-view .image-controls .reset-zoom-button {\n  min-width: 5em;\n}\n.image-view .image-container {\n  flex: 1 1 0;\n  display: flex;\n  overflow: auto;\n}\n.image-view .image-container img {\n  flex: none;\n  margin: auto;\n}\n.image-view [background=\"white\"] {\n  background-color: white;\n  background-image: url(\"atom://image-view/images/transparent-background.png\");\n}\n.image-view [background=\"black\"] {\n  background-color: black;\n  background-image: url(\"atom://image-view/images/transparent-background.png\");\n}\n.image-view .zoom-to-fit.image-container {\n  padding: 10px;\n}\n.image-view .zoom-to-fit.image-container img {\n  flex: 1 1 0;\n  min-width: 0;\n  margin: 0;\n  object-fit: scale-down;\n}\n","imports":[{"path":"static/variables/ui-variables.less","digest":"c6d5219b02cf3129dbc56c526ad6541ba4e237e6"},{"path":"static/variables/syntax-variables.less","digest":"812c1b7883a023f768773d14294653adcdb932d7"},{"path":"node_modules/one-dark-ui/styles/ui-variables.less","digest":"174a79723580d128c4efde22c592790285879f08"},{"path":"node_modules/one-dark-ui/styles/ui-variables-custom.less","digest":"c18a6f2514b8bca9a476d21e54a2953130a28018"},{"path":"/home/oabraaobatista/.atom/packages/itg-dark-syntax/styles/syntax-variables.less","digest":"118b23aa0d349df2e906526ebc14bfdc5ff57e47"}],"version":1}