{"digest":"4ae9152ce195c78a285b0c44d561835f290ddab0","css":".scrollbars-visible-always .markdown-preview atom-text-editor::shadow .vertical-scrollbar,\n.scrollbars-visible-always .markdown-preview atom-text-editor::shadow .horizontal-scrollbar {\n  visibility: hidden;\n}\n.scrollbars-visible-always .markdown-preview atom-text-editor:hover::shadow .vertical-scrollbar,\n.scrollbars-visible-always .markdown-preview atom-text-editor:hover::shadow .horizontal-scrollbar {\n  visibility: visible;\n}\n.markdown-spinner {\n  margin: auto;\n  background-image: url(images/octocat-spinner-128.gif);\n  background-repeat: no-repeat;\n  background-size: 64px;\n  background-position: top center;\n  padding-top: 70px;\n  text-align: center;\n}\n","imports":[{"path":"static/variables/ui-variables.less","digest":"c6d5219b02cf3129dbc56c526ad6541ba4e237e6"},{"path":"static/variables/syntax-variables.less","digest":"812c1b7883a023f768773d14294653adcdb932d7"}],"version":1}