{"digest":"05124aee22faa869c810f57e365dceead185db8b","css":"status-bar {\n  display: block;\n  font-size: 11px;\n  line-height: 22px;\n  height: 26px;\n  position: relative;\n  -webkit-user-select: none;\n  cursor: default;\n  overflow: hidden;\n  white-space: nowrap;\n  min-width: -webkit-min-content;\n}\nstatus-bar a,\nstatus-bar a:hover {\n  color: #9ea3b3;\n}\nstatus-bar .flexbox-repaint-hack {\n  padding: 0 12.5px;\n  position: absolute;\n  top: 0;\n  right: 0;\n  bottom: 0;\n  left: 0;\n  display: flex;\n  justify-content: space-between;\n}\nstatus-bar .status-bar-left {\n  flex: 1 1 33%;\n}\nstatus-bar .status-bar-right {\n  padding-left: 10px;\n}\nstatus-bar .status-bar-right .inline-block {\n  margin-right: 0;\n  margin-left: 10px;\n}\nstatus-bar .status-bar-right .inline-block > .inline-block {\n  margin-left: 0;\n}\nstatus-bar .status-bar-left,\nstatus-bar .status-bar-right {\n  overflow-x: auto;\n}\nstatus-bar .status-bar-left::-webkit-scrollbar,\nstatus-bar .status-bar-right::-webkit-scrollbar {\n  display: none;\n}\nstatus-bar .inline-block {\n  max-width: 20vw;\n  overflow: hidden;\n  text-overflow: ellipsis;\n  white-space: nowrap;\n}\nstatus-bar .inline-block.file-info {\n  max-width: none;\n}\nstatus-bar .file-info.buffer-modified::after {\n  content: '*';\n}\nstatus-bar .icon:before {\n  font-size: 14px;\n  width: 14px;\n  height: 14px;\n  position: relative;\n  top: 1px;\n  margin-right: 0px;\n}\nstatus-bar .icon-diff-ignored:before,\nstatus-bar .commits-ahead-label:before,\nstatus-bar .commits-behind-label:before {\n  margin-right: -1px;\n}\nstatus-bar .hide,\nstatus-bar .current-path:empty,\nstatus-bar .cursor-position:empty,\nstatus-bar .selection-count:empty {\n  display: none;\n}\nstatus-bar .git-view {\n  display: inline-block;\n}\nstatus-bar .cursor-position a,\nstatus-bar .cursor-position a:hover {\n  color: #9ea3b3;\n}\n","imports":[{"path":"static\\variables\\ui-variables.less","digest":"a51b652b59d33fcd2efa2fd725a78735dbbcf655"},{"path":"static\\variables\\syntax-variables.less","digest":"161404ff92113205d84a38441681ded1e4527102"},{"path":"node_modules\\one-dark-ui\\styles\\ui-variables.less","digest":"167b76db825c0cf96e489ecebedd0723861ea9cc"},{"path":"C:\\Users\\Abraão Batista\\.atom\\packages\\itg-dark-syntax\\styles\\syntax-variables.less","digest":"118b23aa0d349df2e906526ebc14bfdc5ff57e47"},{"path":"static\\variables\\octicon-mixins.less","digest":"8aa251238352597c0dee170a54f51c889ba2a320"},{"path":"static\\variables\\octicon-utf-codes.less","digest":"91a1e38c4baeb67a3d375ddbfda25243085b4e51"},{"path":"static\\variables\\octicon-utf-codes.less","digest":"91a1e38c4baeb67a3d375ddbfda25243085b4e51"}],"version":1}