{"_id":"cryptiles","_rev":"37-51542e6123c8f14f82ecf157d7ed5226","name":"cryptiles","description":"General purpose crypto utilities","dist-tags":{"latest":"3.0.0"},"versions":{"0.0.1":{"name":"cryptiles","description":"General purpose crypto utilities","version":"0.0.1","author":{"name":"Eran Hammer","email":"eran@hueniverse.com","url":"http://hueniverse.com"},"contributors":[],"repository":{"type":"git","url":"git://github.com/hueniverse/cryptiles"},"main":"index","keywords":["cryptography","security","utilites"],"engines":{"node":">=0.8.0"},"dependencies":{"boom":"0.0.1"},"devDependencies":{"mocha":"1.x.x","chai":"1.x.x"},"scripts":{"test":"make test && make unit"},"licenses":[{"type":"BSD","url":"http://github.com/hueniverse/cryptiles/raw/master/LICENSE"}],"_id":"cryptiles@0.0.1","dist":{"shasum":"07466b79730efb9cf06ddd691d33c12033ff5500","tarball":"http://registry.npmjs.org/cryptiles/-/cryptiles-0.0.1.tgz"},"_npmVersion":"1.1.65","_npmUser":{"name":"hueniverse","email":"eran@hueniverse.com"},"maintainers":[{"name":"hueniverse","email":"eran@hueniverse.com"}],"directories":{}},"0.0.2":{"name":"cryptiles","description":"General purpose crypto utilities","version":"0.0.2","author":{"name":"Eran Hammer","email":"eran@hueniverse.com","url":"http://hueniverse.com"},"contributors":[],"repository":{"type":"git","url":"git://github.com/hueniverse/cryptiles"},"main":"index","keywords":["cryptography","security","utilites"],"engines":{"node":">=0.8.0"},"dependencies":{"boom":"0.2.x"},"devDependencies":{"mocha":"1.x.x","chai":"1.x.x"},"scripts":{"test":"make test && make unit"},"licenses":[{"type":"BSD","url":"http://github.com/hueniverse/cryptiles/raw/master/LICENSE"}],"_id":"cryptiles@0.0.2","dist":{"shasum":"81923e0c7498e702d33eb13f0b52825b5458cdec","tarball":"http://registry.npmjs.org/cryptiles/-/cryptiles-0.0.2.tgz"},"_from":".","_npmVersion":"1.2.2","_npmUser":{"name":"hueniverse","email":"eran@hueniverse.com"},"maintainers":[{"name":"hueniverse","email":"eran@hueniverse.com"}],"directories":{}},"0.1.0":{"name":"cryptiles","description":"General purpose crypto utilities","version":"0.1.0","author":{"name":"Eran Hammer","email":"eran@hueniverse.com","url":"http://hueniverse.com"},"contributors":[],"repository":{"type":"git","url":"git://github.com/hueniverse/cryptiles"},"main":"index","keywords":["cryptography","security","utilites"],"engines":{"node":">=0.8.0"},"dependencies":{"boom":"0.3.x"},"devDependencies":{"mocha":"1.x.x","chai":"1.x.x"},"scripts":{"test":"make test && make unit"},"licenses":[{"type":"BSD","url":"http://github.com/hueniverse/cryptiles/raw/master/LICENSE"}],"_id":"cryptiles@0.1.0","dist":{"shasum":"1e606c439d6f54b762f7d4fc6fb33dc6fcc0b4f7","tarball":"http://registry.npmjs.org/cryptiles/-/cryptiles-0.1.0.tgz"},"_from":".","_npmVersion":"1.2.2","_npmUser":{"name":"hueniverse","email":"eran@hueniverse.com"},"maintainers":[{"name":"hueniverse","email":"eran@hueniverse.com"}],"directories":{}},"0.1.1":{"name":"cryptiles","description":"General purpose crypto utilities","version":"0.1.1","author":{"name":"Eran Hammer","email":"eran@hueniverse.com","url":"http://hueniverse.com"},"contributors":[],"repository":{"type":"git","url":"git://github.com/hueniverse/cryptiles"},"main":"index","keywords":["cryptography","security","utilites"],"engines":{"node":"0.8.x"},"dependencies":{"boom":"0.3.x"},"devDependencies":{"mocha":"1.x.x","chai":"1.x.x","blanket":"1.0.x","travis-cov":"0.2.x"},"scripts":{"test":"make test && make test-cov","blanket":{"pattern":"//^((?!/node_modules/)(?!/test/).)*$/ig","onlyCwd":true,"data-cover-flags":{"branchTracking":true}},"travis-cov":{"threshold":100}},"licenses":[{"type":"BSD","url":"http://github.com/hueniverse/cryptiles/raw/master/LICENSE"}],"_id":"cryptiles@0.1.1","dist":{"shasum":"bbca9dc01a066f49633150b1aca48aa64c49cdf2","tarball":"http://registry.npmjs.org/cryptiles/-/cryptiles-0.1.1.tgz"},"_from":".","_npmVersion":"1.2.2","_npmUser":{"name":"hueniverse","email":"eran@hueniverse.com"},"maintainers":[{"name":"hueniverse","email":"eran@hueniverse.com"}],"directories":{}},"0.1.2":{"name":"cryptiles","description":"General purpose crypto utilities","version":"0.1.2","author":{"name":"Eran Hammer","email":"eran@hueniverse.com","url":"http://hueniverse.com"},"contributors":[],"repository":{"type":"git","url":"git://github.com/hueniverse/cryptiles"},"main":"index","keywords":["cryptography","security","utilites"],"engines":{"node":"0.8.x"},"dependencies":{"boom":"0.3.x"},"devDependencies":{"mocha":"1.x.x","chai":"1.x.x","blanket":"1.0.x","travis-cov":"0.2.x"},"scripts":{"test":"make test && make test-cov","blanket":{"pattern":"//^((?!/node_modules/)(?!/test/).)*$/ig","onlyCwd":true,"data-cover-flags":{"branchTracking":true}},"travis-cov":{"threshold":100}},"licenses":[{"type":"BSD","url":"http://github.com/hueniverse/cryptiles/raw/master/LICENSE"}],"_id":"cryptiles@0.1.2","dist":{"shasum":"ab67b6ecb17a21113d4b3979bcf6dcfa12ad8eb5","tarball":"http://registry.npmjs.org/cryptiles/-/cryptiles-0.1.2.tgz"},"_from":".","_npmVersion":"1.2.2","_npmUser":{"name":"hueniverse","email":"eran@hueniverse.com"},"maintainers":[{"name":"hueniverse","email":"eran@hueniverse.com"}],"directories":{}},"0.1.3":{"name":"cryptiles","description":"General purpose crypto utilities","version":"0.1.3","author":{"name":"Eran Hammer","email":"eran@hueniverse.com","url":"http://hueniverse.com"},"contributors":[],"repository":{"type":"git","url":"git://github.com/hueniverse/cryptiles"},"main":"index","keywords":["cryptography","security","utilites"],"engines":{"node":"0.8.x"},"dependencies":{"boom":"0.3.x"},"devDependencies":{"lab":"0.0.x","complexity-report":"0.x.x"},"scripts":{"test":"make test-cov"},"licenses":[{"type":"BSD","url":"http://github.com/hueniverse/cryptiles/raw/master/LICENSE"}],"_id":"cryptiles@0.1.3","dist":{"shasum":"1a556734f06d24ba34862ae9cb9e709a3afbff1c","tarball":"http://registry.npmjs.org/cryptiles/-/cryptiles-0.1.3.tgz"},"_from":".","_npmVersion":"1.2.14","_npmUser":{"name":"hueniverse","email":"eran@hueniverse.com"},"maintainers":[{"name":"hueniverse","email":"eran@hueniverse.com"}],"directories":{}},"0.2.0":{"name":"cryptiles","description":"General purpose crypto utilities","version":"0.2.0","author":{"name":"Eran Hammer","email":"eran@hueniverse.com","url":"http://hueniverse.com"},"contributors":[],"repository":{"type":"git","url":"git://github.com/hueniverse/cryptiles"},"main":"index","keywords":["cryptography","security","utilites"],"engines":{"node":"0.10.x"},"dependencies":{"boom":"0.4.x"},"devDependencies":{"lab":"0.1.x","complexity-report":"0.x.x"},"scripts":{"test":"make test-cov"},"licenses":[{"type":"BSD","url":"http://github.com/hueniverse/cryptiles/raw/master/LICENSE"}],"_id":"cryptiles@0.2.0","dist":{"shasum":"5fc16fb978d47bfa3b4c4e11f1c2fe55cb8cf03f","tarball":"http://registry.npmjs.org/cryptiles/-/cryptiles-0.2.0.tgz"},"_from":".","_npmVersion":"1.2.17","_npmUser":{"name":"hueniverse","email":"eran@hueniverse.com"},"maintainers":[{"name":"hueniverse","email":"eran@hueniverse.com"}],"directories":{}},"0.2.1":{"name":"cryptiles","description":"General purpose crypto utilities","version":"0.2.1","author":{"name":"Eran Hammer","email":"eran@hueniverse.com","url":"http://hueniverse.com"},"contributors":[],"repository":{"type":"git","url":"git://github.com/hueniverse/cryptiles"},"main":"index","keywords":["cryptography","security","utilites"],"engines":{"node":">=0.8.0"},"dependencies":{"boom":"0.4.x"},"devDependencies":{"lab":"0.1.x","complexity-report":"0.x.x"},"scripts":{"test":"make test-cov"},"licenses":[{"type":"BSD","url":"http://github.com/hueniverse/cryptiles/raw/master/LICENSE"}],"_id":"cryptiles@0.2.1","dist":{"shasum":"07605ced2a0896c7b4907b8292378fa35d23dede","tarball":"http://registry.npmjs.org/cryptiles/-/cryptiles-0.2.1.tgz"},"_from":".","_npmVersion":"1.2.14","_npmUser":{"name":"hueniverse","email":"eran@hueniverse.com"},"maintainers":[{"name":"hueniverse","email":"eran@hueniverse.com"}],"directories":{}},"0.2.2":{"name":"cryptiles","description":"General purpose crypto utilities","version":"0.2.2","author":{"name":"Eran Hammer","email":"eran@hueniverse.com","url":"http://hueniverse.com"},"contributors":[],"repository":{"type":"git","url":"git://github.com/hueniverse/cryptiles"},"main":"index","keywords":["cryptography","security","utilites"],"engines":{"node":">=0.8.0"},"dependencies":{"boom":"0.4.x"},"devDependencies":{"lab":"0.1.x","complexity-report":"0.x.x"},"scripts":{"test":"make test-cov"},"licenses":[{"type":"BSD","url":"http://github.com/hueniverse/cryptiles/raw/master/LICENSE"}],"bugs":{"url":"https://github.com/hueniverse/cryptiles/issues"},"_id":"cryptiles@0.2.2","dist":{"shasum":"ed91ff1f17ad13d3748288594f8a48a0d26f325c","tarball":"http://registry.npmjs.org/cryptiles/-/cryptiles-0.2.2.tgz"},"_from":".","_npmVersion":"1.2.24","_npmUser":{"name":"hueniverse","email":"eran@hueniverse.com"},"maintainers":[{"name":"hueniverse","email":"eran@hueniverse.com"}],"directories":{}},"1.0.0":{"name":"cryptiles","description":"General purpose crypto utilities","version":"1.0.0","author":{"name":"Eran Hammer","email":"eran@hueniverse.com","url":"http://hueniverse.com"},"contributors":[],"repository":{"type":"git","url":"git://github.com/hueniverse/cryptiles"},"main":"index","keywords":["cryptography","security","utilites"],"engines":{"node":">=0.8.0"},"dependencies":{"boom":"1.0.x"},"devDependencies":{"lab":"1.x.x"},"scripts":{"test":"make test-cov"},"licenses":[{"type":"BSD","url":"http://github.com/hueniverse/cryptiles/raw/master/LICENSE"}],"bugs":{"url":"https://github.com/hueniverse/cryptiles/issues"},"_id":"cryptiles@1.0.0","dist":{"shasum":"f5eee6c297e4b11564343f6b5c7a797287668390","tarball":"http://registry.npmjs.org/cryptiles/-/cryptiles-1.0.0.tgz"},"_from":".","_npmVersion":"1.3.8","_npmUser":{"name":"hueniverse","email":"eran@hueniverse.com"},"maintainers":[{"name":"hueniverse","email":"eran@hueniverse.com"}],"directories":{}},"1.0.1":{"name":"cryptiles","description":"General purpose crypto utilities","version":"1.0.1","author":{"name":"Eran Hammer","email":"eran@hueniverse.com","url":"http://hueniverse.com"},"contributors":[],"repository":{"type":"git","url":"git://github.com/hueniverse/cryptiles"},"main":"index","keywords":["cryptography","security","utilites"],"engines":{"node":">=0.8.0"},"dependencies":{"boom":"1.x.x"},"devDependencies":{"lab":"1.x.x"},"scripts":{"test":"make test-cov"},"licenses":[{"type":"BSD","url":"http://github.com/hueniverse/cryptiles/raw/master/LICENSE"}],"bugs":{"url":"https://github.com/hueniverse/cryptiles/issues"},"_id":"cryptiles@1.0.1","dist":{"shasum":"4f0c9e2166b54eff58015976d42559330a09dc89","tarball":"http://registry.npmjs.org/cryptiles/-/cryptiles-1.0.1.tgz"},"_from":".","_npmVersion":"1.3.11","_npmUser":{"name":"hueniverse","email":"eran@hueniverse.com"},"maintainers":[{"name":"hueniverse","email":"eran@hueniverse.com"}],"directories":{}},"2.0.0":{"name":"cryptiles","description":"General purpose crypto utilities","version":"2.0.0","author":{"name":"Eran Hammer","email":"eran@hueniverse.com","url":"http://hueniverse.com"},"contributors":[],"repository":{"type":"git","url":"git://github.com/hueniverse/cryptiles"},"main":"index","keywords":["cryptography","security","utilites"],"engines":{"node":">=0.8.0"},"dependencies":{"boom":"2.x.x"},"devDependencies":{"lab":"1.x.x"},"scripts":{"test":"make test-cov"},"licenses":[{"type":"BSD","url":"http://github.com/hueniverse/cryptiles/raw/master/LICENSE"}],"bugs":{"url":"https://github.com/hueniverse/cryptiles/issues"},"homepage":"https://github.com/hueniverse/cryptiles","_id":"cryptiles@2.0.0","dist":{"shasum":"6ab6c539c652664ac753ff2946a289ed845b0426","tarball":"http://registry.npmjs.org/cryptiles/-/cryptiles-2.0.0.tgz"},"_from":".","_npmVersion":"1.3.22","_npmUser":{"name":"hueniverse","email":"eran@hueniverse.com"},"maintainers":[{"name":"hueniverse","email":"eran@hueniverse.com"}],"directories":{}},"2.0.1":{"name":"cryptiles","description":"General purpose crypto utilities","version":"2.0.1","author":{"name":"Eran Hammer","email":"eran@hueniverse.com","url":"http://hueniverse.com"},"contributors":[],"repository":{"type":"git","url":"git://github.com/hueniverse/cryptiles"},"main":"index","keywords":["cryptography","security","utilites"],"engines":{"node":">=0.8.0"},"dependencies":{"boom":"2.x.x"},"devDependencies":{"lab":"3.x.x"},"scripts":{"test":"make test-cov"},"licenses":[{"type":"BSD","url":"http://github.com/hueniverse/cryptiles/raw/master/LICENSE"}],"bugs":{"url":"https://github.com/hueniverse/cryptiles/issues"},"homepage":"https://github.com/hueniverse/cryptiles","_id":"cryptiles@2.0.1","dist":{"shasum":"8e14540040fbe1520e412de7e5ada4ee87056a54","tarball":"http://registry.npmjs.org/cryptiles/-/cryptiles-2.0.1.tgz"},"_from":".","_npmVersion":"1.4.3","_npmUser":{"name":"hueniverse","email":"eran@hueniverse.com"},"maintainers":[{"name":"hueniverse","email":"eran@hueniverse.com"}],"directories":{}},"2.0.2":{"name":"cryptiles","description":"General purpose crypto utilities","version":"2.0.2","author":{"name":"Eran Hammer","email":"eran@hammer.io","url":"http://hueniverse.com"},"contributors":[],"repository":{"type":"git","url":"git://github.com/hueniverse/cryptiles"},"main":"index","keywords":["cryptography","security","utilites"],"engines":{"node":">=0.8.0"},"dependencies":{"boom":"2.x.x"},"devDependencies":{"lab":"3.x.x"},"scripts":{"test":"make test-cov"},"licenses":[{"type":"BSD","url":"http://github.com/hueniverse/cryptiles/raw/master/LICENSE"}],"gitHead":"92bfac51f00ed3fce0b618881d05e020e50f320d","bugs":{"url":"https://github.com/hueniverse/cryptiles/issues"},"homepage":"https://github.com/hueniverse/cryptiles","_id":"cryptiles@2.0.2","_shasum":"39156d0318c4203d685637454aec43d9e1f37b81","_from":".","_npmVersion":"1.4.21","_npmUser":{"name":"hueniverse","email":"eran@hueniverse.com"},"maintainers":[{"name":"hueniverse","email":"eran@hueniverse.com"}],"dist":{"shasum":"39156d0318c4203d685637454aec43d9e1f37b81","tarball":"http://registry.npmjs.org/cryptiles/-/cryptiles-2.0.2.tgz"},"directories":{}},"2.0.3":{"name":"cryptiles","description":"General purpose crypto utilities","version":"2.0.3","author":{"name":"Eran Hammer","email":"eran@hammer.io","url":"http://hueniverse.com"},"contributors":[],"repository":{"type":"git","url":"git://github.com/hueniverse/cryptiles"},"main":"index","keywords":["cryptography","security","utilites"],"engines":{"node":">=0.8.0"},"dependencies":{"boom":"2.x.x"},"devDependencies":{"lab":"4.x.x"},"scripts":{"test":"make test-cov"},"licenses":[{"type":"BSD","url":"http://github.com/hueniverse/cryptiles/raw/master/LICENSE"}],"gitHead":"67b2686eca0e5b5c4fae871d4a9a9bfcb8c28189","bugs":{"url":"https://github.com/hueniverse/cryptiles/issues"},"homepage":"https://github.com/hueniverse/cryptiles","_id":"cryptiles@2.0.3","_shasum":"31087c39b275fd84412e5ee432de33e9d6aa5fe5","_from":".","_npmVersion":"1.4.23","_npmUser":{"name":"hueniverse","email":"eran@hueniverse.com"},"maintainers":[{"name":"hueniverse","email":"eran@hueniverse.com"}],"dist":{"shasum":"31087c39b275fd84412e5ee432de33e9d6aa5fe5","tarball":"http://registry.npmjs.org/cryptiles/-/cryptiles-2.0.3.tgz"},"directories":{}},"2.0.4":{"name":"cryptiles","description":"General purpose crypto utilities","version":"2.0.4","author":{"name":"Eran Hammer","email":"eran@hammer.io","url":"http://hueniverse.com"},"contributors":[],"repository":{"type":"git","url":"git://github.com/hapijs/cryptiles"},"main":"index","keywords":["cryptography","security","utilites"],"engines":{"node":">=0.8.0"},"dependencies":{"boom":"2.x.x"},"devDependencies":{"lab":"4.x.x"},"scripts":{"test":"make test-cov"},"licenses":[{"type":"BSD","url":"http://github.com/hapijs/cryptiles/raw/master/LICENSE"}],"gitHead":"944263dbb628b9b3da542d35600d587f861eeaf0","bugs":{"url":"https://github.com/hapijs/cryptiles/issues"},"homepage":"https://github.com/hapijs/cryptiles","_id":"cryptiles@2.0.4","_shasum":"09ea1775b9e1c7de7e60a99d42ab6f08ce1a1285","_from":".","_npmVersion":"1.4.23","_npmUser":{"name":"hueniverse","email":"eran@hueniverse.com"},"maintainers":[{"name":"hueniverse","email":"eran@hueniverse.com"}],"dist":{"shasum":"09ea1775b9e1c7de7e60a99d42ab6f08ce1a1285","tarball":"http://registry.npmjs.org/cryptiles/-/cryptiles-2.0.4.tgz"},"directories":{}},"2.0.5":{"name":"cryptiles","description":"General purpose crypto utilities","version":"2.0.5","repository":{"type":"git","url":"git://github.com/hapijs/cryptiles.git"},"main":"lib/index.js","keywords":["cryptography","security","utilites"],"engines":{"node":">=0.10.40"},"dependencies":{"boom":"2.x.x"},"devDependencies":{"code":"1.x.x","lab":"5.x.x"},"scripts":{"test":"lab -a code -t 100 -L","test-cov-html":"lab -a code -r html -o coverage.html"},"license":"BSD-3-Clause","gitHead":"9bc5a852f01cd51e615814e1cb255fe2df810649","bugs":{"url":"https://github.com/hapijs/cryptiles/issues"},"homepage":"https://github.com/hapijs/cryptiles#readme","_id":"cryptiles@2.0.5","_shasum":"3bdfecdc608147c1c67202fa291e7dca59eaa3b8","_from":".","_npmVersion":"2.14.2","_nodeVersion":"4.0.0","_npmUser":{"name":"hueniverse","email":"eran@hammer.io"},"dist":{"shasum":"3bdfecdc608147c1c67202fa291e7dca59eaa3b8","tarball":"http://registry.npmjs.org/cryptiles/-/cryptiles-2.0.5.tgz"},"maintainers":[{"name":"hueniverse","email":"eran@hueniverse.com"},{"name":"ceejbot","email":"ceejceej@gmail.com"}],"directories":{}},"3.0.0":{"name":"cryptiles","description":"General purpose crypto utilities","version":"3.0.0","repository":{"type":"git","url":"git://github.com/hapijs/cryptiles.git"},"main":"lib/index.js","keywords":["cryptography","security","utilites"],"engines":{"node":">=4.0.0"},"dependencies":{"boom":"3.x.x"},"devDependencies":{"code":"2.x.x","lab":"7.x.x"},"scripts":{"test":"lab -a code -t 100 -L","test-cov-html":"lab -a code -r html -o coverage.html"},"license":"BSD-3-Clause","gitHead":"8ac28ab50a0743e7ee862d9b1223a012715b1e5f","bugs":{"url":"https://github.com/hapijs/cryptiles/issues"},"homepage":"https://github.com/hapijs/cryptiles#readme","_id":"cryptiles@3.0.0","_shasum":"e148fb8f666a8712843ddf65c196769d1e38790c","_from":".","_npmVersion":"3.3.9","_nodeVersion":"4.2.1","_npmUser":{"name":"hueniverse","email":"eran@hammer.io"},"dist":{"shasum":"e148fb8f666a8712843ddf65c196769d1e38790c","tarball":"http://registry.npmjs.org/cryptiles/-/cryptiles-3.0.0.tgz"},"maintainers":[{"name":"hueniverse","email":"eran@hueniverse.com"},{"name":"ceejbot","email":"ceejceej@gmail.com"}],"directories":{}}},"readme":"cryptiles\n=========\n\nGeneral purpose crypto utilities\n\n[![Build Status](https://secure.travis-ci.org/hapijs/cryptiles.png)](http://travis-ci.org/hapijs/cryptiles)\n\nLead Maintainer - [C J Silverio](https://github.com/ceejbot)\n\n## Methods\n\n### `randomString(<Number> size)`\nReturns a cryptographically strong pseudo-random data string. Takes a size argument for the length of the string.\n\n### `fixedTimeComparison(<String> a, <String> b)`\nCompare two strings using fixed time algorithm (to prevent time-based analysis of MAC digest match). Returns `true` if the strings match, `false` if they differ.\n","maintainers":[{"name":"hueniverse","email":"eran@hueniverse.com"},{"name":"ceejbot","email":"ceejceej@gmail.com"}],"time":{"modified":"2015-11-02T03:46:57.710Z","created":"2013-01-13T22:26:54.484Z","0.0.1":"2013-01-13T22:26:55.650Z","0.0.2":"2013-02-07T19:08:59.940Z","0.1.0":"2013-02-08T23:25:20.958Z","0.1.1":"2013-02-17T02:22:57.893Z","0.1.2":"2013-02-17T02:32:19.549Z","0.1.3":"2013-03-18T17:55:54.815Z","0.2.0":"2013-04-05T19:41:00.990Z","0.2.1":"2013-04-30T21:09:50.637Z","0.2.2":"2013-07-03T15:50:05.231Z","1.0.0":"2013-09-10T07:41:44.835Z","1.0.1":"2013-09-29T21:44:59.093Z","2.0.0":"2013-12-31T05:05:09.813Z","2.0.1":"2014-04-08T07:40:47.452Z","2.0.2":"2014-08-02T07:20:39.150Z","2.0.3":"2014-09-05T19:40:34.561Z","2.0.4":"2014-09-15T22:09:17.736Z","2.0.5":"2015-09-09T06:09:37.482Z","3.0.0":"2015-11-02T03:46:57.710Z"},"repository":{"type":"git","url":"git://github.com/hapijs/cryptiles.git"},"homepage":"https://github.com/hapijs/cryptiles#readme","keywords":["cryptography","security","utilites"],"bugs":{"url":"https://github.com/hapijs/cryptiles/issues"},"readmeFilename":"README.md","users":{"corintho":true,"alibad":true},"license":"BSD-3-Clause","_attachments":{},"_etag":"\"99IFMGJJU8VHDG34AJNVUOITE\""}