{"digest":"a25a3b8c740ed552295164442b4ff8d8d1515f52","css":".key-binding-resolver {\n  -webkit-flex: 0.25;\n  overflow: auto;\n}\n.key-binding-resolver .keystroke {\n  margin-right: 1em;\n}\n.key-binding-resolver table .used {\n  color: #73c990;\n}\n.key-binding-resolver table .unused {\n  color: #9ea3b3;\n}\n.key-binding-resolver table .unmatched {\n  color: rgba(158, 163, 179, 0.6);\n}\n.key-binding-resolver table .used .command::before,\n.key-binding-resolver table .unused .command::before {\n  font-family: 'Octicons Regular';\n  font-weight: normal;\n  font-style: normal;\n  display: inline-block;\n  line-height: 1;\n  -webkit-font-smoothing: antialiased;\n  text-decoration: none;\n  font-size: 16px;\n  width: 16px;\n  height: 16px;\n  content: \"\\f03a\";\n}\n.key-binding-resolver table .unmatched .command::before {\n  font-family: 'Octicons Regular';\n  font-weight: normal;\n  font-style: normal;\n  display: inline-block;\n  line-height: 1;\n  -webkit-font-smoothing: antialiased;\n  text-decoration: none;\n  font-size: 16px;\n  width: 16px;\n  height: 16px;\n  content: \"\\f081\";\n}\n.key-binding-resolver table .command,\n.key-binding-resolver table .selector,\n.key-binding-resolver table .source {\n  min-width: 10em;\n}\n.key-binding-resolver table .source {\n  cursor: pointer;\n}\n","imports":[{"path":"static/variables/ui-variables.less","digest":"c6d5219b02cf3129dbc56c526ad6541ba4e237e6"},{"path":"static/variables/syntax-variables.less","digest":"812c1b7883a023f768773d14294653adcdb932d7"},{"path":"node_modules/one-dark-ui/styles/ui-variables.less","digest":"174a79723580d128c4efde22c592790285879f08"},{"path":"node_modules/one-dark-ui/styles/ui-variables-custom.less","digest":"c18a6f2514b8bca9a476d21e54a2953130a28018"},{"path":"/home/oabraaobatista/.atom/packages/itg-dark-syntax/styles/syntax-variables.less","digest":"118b23aa0d349df2e906526ebc14bfdc5ff57e47"},{"path":"static/variables/octicon-mixins.less","digest":"2030bff1fd92667bfd07922be221c344c90e072e"},{"path":"static/variables/octicon-utf-codes.less","digest":"698d6301324f239f0a1a144a805cdc3706c68876"},{"path":"static/variables/octicon-utf-codes.less","digest":"698d6301324f239f0a1a144a805cdc3706c68876"}],"version":1}