{"digest":"347cab952c6f65955e105f8453e7dc1d477bf307","css":"atom-text-editor .gutter .line-number.git-line-modified,\natom-text-editor::shadow .gutter .line-number.git-line-modified {\n  border-left: 2px solid #e9c062;\n  padding-left: calc(0.5em - 2px);\n}\natom-text-editor .gutter .line-number.git-line-added,\natom-text-editor::shadow .gutter .line-number.git-line-added {\n  border-left: 2px solid #a8ff60;\n  padding-left: calc(0.5em - 2px);\n}\natom-text-editor .gutter .line-number.git-line-removed:before,\natom-text-editor::shadow .gutter .line-number.git-line-removed:before {\n  position: absolute;\n  left: 0;\n  bottom: -4px;\n  height: 0;\n  width: 0;\n  content: \" \";\n  border: solid transparent;\n  border-left-color: #cc6666;\n  border-width: 4px;\n  margin-top: -4px;\n  pointer-events: none;\n}\natom-text-editor .gutter.git-diff-icon .line-number,\natom-text-editor::shadow .gutter.git-diff-icon .line-number {\n  width: 100%;\n  border-left: none;\n  padding-left: 0.4em;\n}\natom-text-editor .gutter.git-diff-icon .line-number:before,\natom-text-editor::shadow .gutter.git-diff-icon .line-number:before {\n  font-family: 'Octicons Regular';\n  src: url(\"octicons.woff\") format(\"woff\");\n  font-weight: normal;\n  font-style: normal;\n  display: inline-block;\n  position: relative;\n  top: -0.05em;\n  height: 0px;\n  width: 1em;\n  content: \" \";\n  padding-right: 0.4em;\n  font-size: .95em;\n}\natom-text-editor .gutter.git-diff-icon .line-number.git-line-modified:before,\natom-text-editor::shadow .gutter.git-diff-icon .line-number.git-line-modified:before {\n  content: \"\\f052\";\n  color: #e9c062;\n}\natom-text-editor .gutter.git-diff-icon .line-number.git-line-added:before,\natom-text-editor::shadow .gutter.git-diff-icon .line-number.git-line-added:before {\n  content: \"\\f05d\";\n  color: #a8ff60;\n}\natom-text-editor .gutter.git-diff-icon .line-number.git-line-removed:before,\natom-text-editor::shadow .gutter.git-diff-icon .line-number.git-line-removed:before {\n  border: none;\n  content: \"\\f0ca\";\n  color: #cc6666;\n  position: relative;\n  top: .6em;\n}\n","imports":[{"path":"static\\variables\\ui-variables.less","digest":"a51b652b59d33fcd2efa2fd725a78735dbbcf655"},{"path":"static\\variables\\syntax-variables.less","digest":"161404ff92113205d84a38441681ded1e4527102"},{"path":"C:\\Users\\Abraão Batista\\.atom\\packages\\itg-dark-syntax\\styles\\syntax-variables.less","digest":"118b23aa0d349df2e906526ebc14bfdc5ff57e47"},{"path":"static\\variables\\octicon-utf-codes.less","digest":"91a1e38c4baeb67a3d375ddbfda25243085b4e51"},{"path":"static\\variables\\octicon-mixins.less","digest":"8aa251238352597c0dee170a54f51c889ba2a320"},{"path":"static\\variables\\octicon-utf-codes.less","digest":"91a1e38c4baeb67a3d375ddbfda25243085b4e51"},{"path":"static\\variables\\octicon-utf-codes.less","digest":"91a1e38c4baeb67a3d375ddbfda25243085b4e51"}],"version":1}