{"_id":"through","_rev":"193-9254a8adcb306e04e6a3965b135dd5a5","name":"through","description":"simplified stream construction","dist-tags":{"latest":"2.3.8"},"versions":{"0.0.1":{"name":"through","version":"0.0.1","description":"simplified stream contruction","main":"index.js","scripts":{"test":"asynct test/*.js"},"devDependencies":{"stream-spec":"0","assertions":"2","asynct":"1"},"keywords":["stream","streams","user-streams","pipe"],"author":{"name":"Dominic Tarr","email":"dominic.tarr@gmail.com","url":"dominictarr.com"},"license":"MIT","_id":"through@0.0.1","dist":{"shasum":"476815107a9a5869766862710a5d5c8008b859ef","tarball":"https://registry.npmjs.org/through/-/through-0.0.1.tgz"},"maintainers":[{"name":"dominictarr","email":"dominic.tarr@gmail.com"}],"directories":{}},"0.0.2":{"name":"through","version":"0.0.2","description":"simplified stream contruction","main":"index.js","scripts":{"test":"asynct test/*.js"},"devDependencies":{"stream-spec":"0","assertions":"2","asynct":"1"},"keywords":["stream","streams","user-streams","pipe"],"author":{"name":"Dominic Tarr","email":"dominic.tarr@gmail.com","url":"dominictarr.com"},"license":"MIT","_id":"through@0.0.2","dist":{"shasum":"429eb2690fd41076a3b8c6e0bebb1b17958bc288","tarball":"https://registry.npmjs.org/through/-/through-0.0.2.tgz"},"maintainers":[{"name":"dominictarr","email":"dominic.tarr@gmail.com"}],"directories":{}},"0.0.3":{"name":"through","version":"0.0.3","description":"simplified stream contruction","main":"index.js","scripts":{"test":"asynct test/*.js"},"devDependencies":{"stream-spec":"0","assertions":"2","asynct":"1"},"keywords":["stream","streams","user-streams","pipe"],"author":{"name":"Dominic Tarr","email":"dominic.tarr@gmail.com","url":"dominictarr.com"},"license":"MIT","_id":"through@0.0.3","dist":{"shasum":"4e6881a114d7ff7a8c176da29dded6e59ecf3eb5","tarball":"https://registry.npmjs.org/through/-/through-0.0.3.tgz"},"maintainers":[{"name":"dominictarr","email":"dominic.tarr@gmail.com"}],"directories":{}},"0.0.4":{"name":"through","version":"0.0.4","description":"simplified stream contruction","main":"index.js","scripts":{"test":"asynct test/*.js"},"devDependencies":{"stream-spec":"0","assertions":"2","asynct":"1"},"keywords":["stream","streams","user-streams","pipe"],"author":{"name":"Dominic Tarr","email":"dominic.tarr@gmail.com","url":"dominictarr.com"},"license":"MIT","_id":"through@0.0.4","dist":{"shasum":"0bf2f0fffafaac4bacbc533667e98aad00b588c8","tarball":"https://registry.npmjs.org/through/-/through-0.0.4.tgz"},"maintainers":[{"name":"dominictarr","email":"dominic.tarr@gmail.com"}],"directories":{}},"0.1.0":{"name":"through","version":"0.1.0","description":"simplified stream contruction","main":"index.js","scripts":{"test":"asynct test/*.js"},"devDependencies":{"stream-spec":"0","assertions":"2","asynct":"1"},"keywords":["stream","streams","user-streams","pipe"],"author":{"name":"Dominic Tarr","email":"dominic.tarr@gmail.com","url":"dominictarr.com"},"license":"MIT","_id":"through@0.1.0","dist":{"shasum":"10b6d6c206010057045785e88201606ca127d017","tarball":"https://registry.npmjs.org/through/-/through-0.1.0.tgz"},"maintainers":[{"name":"dominictarr","email":"dominic.tarr@gmail.com"}],"directories":{}},"0.1.1":{"name":"through","version":"0.1.1","description":"simplified stream contruction","main":"index.js","scripts":{"test":"asynct test/*.js"},"devDependencies":{"stream-spec":"0","assertions":"2","asynct":"1"},"keywords":["stream","streams","user-streams","pipe"],"author":{"name":"Dominic Tarr","email":"dominic.tarr@gmail.com","url":"dominictarr.com"},"license":"MIT","_id":"through@0.1.1","dist":{"shasum":"04e6b3d506e34a35599c7808ff31bfd06307e3bf","tarball":"https://registry.npmjs.org/through/-/through-0.1.1.tgz"},"maintainers":[{"name":"dominictarr","email":"dominic.tarr@gmail.com"}],"directories":{}},"0.1.2":{"name":"through","version":"0.1.2","description":"simplified stream contruction","main":"index.js","scripts":{"test":"asynct test/*.js"},"devDependencies":{"stream-spec":"0","assertions":"2","asynct":"1"},"keywords":["stream","streams","user-streams","pipe"],"author":{"name":"Dominic Tarr","email":"dominic.tarr@gmail.com","url":"dominictarr.com"},"license":"MIT","_id":"through@0.1.2","dist":{"shasum":"9e07147a54415e2abacef100a69133708752aa0f","tarball":"https://registry.npmjs.org/through/-/through-0.1.2.tgz"},"maintainers":[{"name":"dominictarr","email":"dominic.tarr@gmail.com"}],"directories":{}},"0.1.3":{"name":"through","version":"0.1.3","description":"simplified stream contruction","main":"index.js","scripts":{"test":"asynct test/*.js"},"devDependencies":{"stream-spec":"0","assertions":"2","asynct":"1"},"keywords":["stream","streams","user-streams","pipe"],"author":{"name":"Dominic Tarr","email":"dominic.tarr@gmail.com","url":"dominictarr.com"},"license":"MIT","repo":{"type":"git","url":"https://github.com/dominictarr/through.git"},"homepage":"http://github.com/dominictarr/through","_id":"through@0.1.3","dist":{"shasum":"47cf3c17b222644ca98148e61eeb2a9ee1f30b47","tarball":"https://registry.npmjs.org/through/-/through-0.1.3.tgz"},"maintainers":[{"name":"dominictarr","email":"dominic.tarr@gmail.com"}],"directories":{}},"0.1.4":{"name":"through","version":"0.1.4","description":"simplified stream contruction","main":"index.js","scripts":{"test":"asynct test/*.js"},"devDependencies":{"stream-spec":"0","assertions":"2","asynct":"1"},"keywords":["stream","streams","user-streams","pipe"],"author":{"name":"Dominic Tarr","email":"dominic.tarr@gmail.com","url":"dominictarr.com"},"license":"MIT","repository":{"type":"git","url":"https://github.com/dominictarr/through.git"},"homepage":"http://github.com/dominictarr/through","_id":"through@0.1.4","dist":{"shasum":"8059576d833089b3c18eccd37580bf9cc5b59130","tarball":"https://registry.npmjs.org/through/-/through-0.1.4.tgz"},"maintainers":[{"name":"dominictarr","email":"dominic.tarr@gmail.com"}],"directories":{}},"1.0.0":{"name":"through","version":"1.0.0","description":"simplified stream contruction","main":"index.js","scripts":{"test":"asynct test/*.js"},"devDependencies":{"stream-spec":"0","assertions":"2","asynct":"1"},"keywords":["stream","streams","user-streams","pipe"],"author":{"name":"Dominic Tarr","email":"dominic.tarr@gmail.com","url":"dominictarr.com"},"license":"MIT","repository":{"type":"git","url":"https://github.com/dominictarr/through.git"},"homepage":"http://github.com/dominictarr/through","_id":"through@1.0.0","dist":{"shasum":"e8904041f61fa80fd10307dd1721328c165f024c","tarball":"https://registry.npmjs.org/through/-/through-1.0.0.tgz"},"maintainers":[{"name":"dominictarr","email":"dominic.tarr@gmail.com"}],"directories":{}},"1.1.0":{"name":"through","version":"1.1.0","description":"simplified stream contruction","main":"index.js","scripts":{"test":"asynct test/*.js"},"devDependencies":{"stream-spec":"0","assertions":"2","asynct":"1"},"keywords":["stream","streams","user-streams","pipe"],"author":{"name":"Dominic Tarr","email":"dominic.tarr@gmail.com","url":"dominictarr.com"},"license":"MIT","repository":{"type":"git","url":"https://github.com/dominictarr/through.git"},"homepage":"http://github.com/dominictarr/through","_id":"through@1.1.0","dist":{"shasum":"c87942bbc5a9b365972f62504263430b8ef883ce","tarball":"https://registry.npmjs.org/through/-/through-1.1.0.tgz"},"_npmVersion":"1.1.59","_npmUser":{"name":"dominictarr","email":"dominic.tarr@gmail.com"},"maintainers":[{"name":"dominictarr","email":"dominic.tarr@gmail.com"}],"directories":{}},"1.1.1":{"name":"through","version":"1.1.1","description":"simplified stream contruction","main":"index.js","scripts":{"test":"asynct test/*.js"},"devDependencies":{"stream-spec":"0","assertions":"2","asynct":"1"},"keywords":["stream","streams","user-streams","pipe"],"author":{"name":"Dominic Tarr","email":"dominic.tarr@gmail.com","url":"dominictarr.com"},"license":"MIT","repository":{"type":"git","url":"https://github.com/dominictarr/through.git"},"homepage":"http://github.com/dominictarr/through","_id":"through@1.1.1","dist":{"shasum":"810650f0f005866fc79ab1e62f96fec3fde62594","tarball":"https://registry.npmjs.org/through/-/through-1.1.1.tgz"},"_npmVersion":"1.1.59","_npmUser":{"name":"dominictarr","email":"dominic.tarr@gmail.com"},"maintainers":[{"name":"dominictarr","email":"dominic.tarr@gmail.com"}],"directories":{}},"1.1.2":{"name":"through","version":"1.1.2","description":"simplified stream contruction","main":"index.js","scripts":{"test":"asynct test/*.js"},"devDependencies":{"stream-spec":"0","assertions":"2","asynct":"1"},"keywords":["stream","streams","user-streams","pipe"],"author":{"name":"Dominic Tarr","email":"dominic.tarr@gmail.com","url":"dominictarr.com"},"license":"MIT","repository":{"type":"git","url":"https://github.com/dominictarr/through.git"},"homepage":"http://github.com/dominictarr/through","_id":"through@1.1.2","dist":{"shasum":"344a5425a3773314ca7e0eb6512fbafaf76c0bfe","tarball":"https://registry.npmjs.org/through/-/through-1.1.2.tgz"},"_npmVersion":"1.1.65","_npmUser":{"name":"dominictarr","email":"dominic.tarr@gmail.com"},"maintainers":[{"name":"dominictarr","email":"dominic.tarr@gmail.com"}],"directories":{}},"2.0.0":{"name":"through","version":"2.0.0","description":"simplified stream contruction","main":"index.js","scripts":{"test":"asynct test/*.js"},"devDependencies":{"stream-spec":"0","assertions":"2","asynct":"1"},"keywords":["stream","streams","user-streams","pipe"],"author":{"name":"Dominic Tarr","email":"dominic.tarr@gmail.com","url":"dominictarr.com"},"license":"MIT","repository":{"type":"git","url":"https://github.com/dominictarr/through.git"},"homepage":"http://github.com/dominictarr/through","_id":"through@2.0.0","dist":{"shasum":"1973dce6b6fa746855854e93d211b7728eb1b6fe","tarball":"https://registry.npmjs.org/through/-/through-2.0.0.tgz"},"_npmVersion":"1.1.65","_npmUser":{"name":"dominictarr","email":"dominic.tarr@gmail.com"},"maintainers":[{"name":"dominictarr","email":"dominic.tarr@gmail.com"}],"directories":{}},"2.1.0":{"name":"through","version":"2.1.0","description":"simplified stream contruction","main":"index.js","scripts":{"test":"asynct test/*.js"},"devDependencies":{"stream-spec":"0","assertions":"2","asynct":"1"},"keywords":["stream","streams","user-streams","pipe"],"author":{"name":"Dominic Tarr","email":"dominic.tarr@gmail.com","url":"dominictarr.com"},"license":"MIT","repository":{"type":"git","url":"https://github.com/dominictarr/through.git"},"homepage":"http://github.com/dominictarr/through","_id":"through@2.1.0","dist":{"shasum":"ebcae48745ffda088ad6b8a2fe20ef3ce8ee1bcd","tarball":"https://registry.npmjs.org/through/-/through-2.1.0.tgz"},"_npmVersion":"1.1.65","_npmUser":{"name":"dominictarr","email":"dominic.tarr@gmail.com"},"maintainers":[{"name":"dominictarr","email":"dominic.tarr@gmail.com"}],"directories":{}},"2.2.0":{"name":"through","version":"2.2.0","description":"simplified stream contruction","main":"index.js","scripts":{"test":"asynct test/*.js"},"devDependencies":{"stream-spec":"0","assertions":"2","asynct":"1"},"keywords":["stream","streams","user-streams","pipe"],"author":{"name":"Dominic Tarr","email":"dominic.tarr@gmail.com","url":"dominictarr.com"},"license":"MIT","repository":{"type":"git","url":"https://github.com/dominictarr/through.git"},"homepage":"http://github.com/dominictarr/through","_id":"through@2.2.0","dist":{"shasum":"c4e5a200a3f1b480368196cf50bc69ffe2cdce73","tarball":"https://registry.npmjs.org/through/-/through-2.2.0.tgz"},"_from":".","_npmVersion":"1.2.3","_npmUser":{"name":"dominictarr","email":"dominic.tarr@gmail.com"},"maintainers":[{"name":"dominictarr","email":"dominic.tarr@gmail.com"}],"directories":{}},"2.2.1":{"name":"through","version":"2.2.1","description":"simplified stream contruction","main":"index.js","scripts":{"test":"asynct test/*.js"},"devDependencies":{"stream-spec":"0","assertions":"2","asynct":"1"},"keywords":["stream","streams","user-streams","pipe"],"author":{"name":"Dominic Tarr","email":"dominic.tarr@gmail.com","url":"dominictarr.com"},"license":"MIT","repository":{"type":"git","url":"https://github.com/dominictarr/through.git"},"homepage":"http://github.com/dominictarr/through","_id":"through@2.2.1","dist":{"shasum":"fc801d1943f4d5afce65563f3b9c5795368a31da","tarball":"https://registry.npmjs.org/through/-/through-2.2.1.tgz"},"_from":".","_npmVersion":"1.2.3","_npmUser":{"name":"dominictarr","email":"dominic.tarr@gmail.com"},"maintainers":[{"name":"dominictarr","email":"dominic.tarr@gmail.com"}],"directories":{}},"2.2.2":{"name":"through","version":"2.2.2","description":"simplified stream contruction","main":"index.js","scripts":{"test":"set -e; for t in test/*.js; do node $t; done"},"devDependencies":{"stream-spec":"~0.3.2","tape":"~0.2.2"},"keywords":["stream","streams","user-streams","pipe"],"author":{"name":"Dominic Tarr","email":"dominic.tarr@gmail.com","url":"dominictarr.com"},"license":"MIT","repository":{"type":"git","url":"https://github.com/dominictarr/through.git"},"homepage":"http://github.com/dominictarr/through","testling":{"browsers":["ie/6..latest","ff/3.6..latest","chrome/4..latest","safari/5.1..latest"],"files":"test/*.js"},"_id":"through@2.2.2","dist":{"shasum":"8d1276c377a162cc4032c88ca2fc0a315e474af6","tarball":"https://registry.npmjs.org/through/-/through-2.2.2.tgz"},"_from":".","_npmVersion":"1.2.3","_npmUser":{"name":"dominictarr","email":"dominic.tarr@gmail.com"},"maintainers":[{"name":"dominictarr","email":"dominic.tarr@gmail.com"}],"directories":{}},"2.2.4":{"name":"through","version":"2.2.4","description":"simplified stream contruction","main":"index.js","scripts":{"test":"set -e; for t in test/*.js; do node $t; done"},"devDependencies":{"stream-spec":"~0.3.4","tape":"~0.2.2"},"keywords":["stream","streams","user-streams","pipe"],"author":{"name":"Dominic Tarr","email":"dominic.tarr@gmail.com","url":"dominictarr.com"},"license":"MIT","repository":{"type":"git","url":"https://github.com/dominictarr/through.git"},"homepage":"http://github.com/dominictarr/through","testling":{"browsers":["ie/6..latest","ff/3.6..latest","chrome/4..latest","safari/5.1..latest"],"files":"test/*.js"},"_id":"through@2.2.4","dist":{"shasum":"217311c91f48e0680882fbfa4be35eebef2ed0c2","tarball":"https://registry.npmjs.org/through/-/through-2.2.4.tgz"},"_from":".","_npmVersion":"1.2.3","_npmUser":{"name":"dominictarr","email":"dominic.tarr@gmail.com"},"maintainers":[{"name":"dominictarr","email":"dominic.tarr@gmail.com"}],"directories":{}},"2.2.5":{"name":"through","version":"2.2.5","description":"simplified stream contruction","main":"index.js","scripts":{"test":"set -e; for t in test/*.js; do node $t; done"},"devDependencies":{"stream-spec":"~0.3.4","tape":"~0.2.2"},"keywords":["stream","streams","user-streams","pipe"],"author":{"name":"Dominic Tarr","email":"dominic.tarr@gmail.com","url":"dominictarr.com"},"license":"MIT","repository":{"type":"git","url":"https://github.com/dominictarr/through.git"},"homepage":"http://github.com/dominictarr/through","testling":{"browsers":["ie/6..latest","ff/14..latest","chrome/24..latest","safari/5.1..latest"],"files":"test/*.js"},"_id":"through@2.2.5","dist":{"shasum":"15200052349ad4e10a4959ed3a1df9ecebca747a","tarball":"https://registry.npmjs.org/through/-/through-2.2.5.tgz"},"_from":".","_npmVersion":"1.2.3","_npmUser":{"name":"dominictarr","email":"dominic.tarr@gmail.com"},"maintainers":[{"name":"dominictarr","email":"dominic.tarr@gmail.com"}],"directories":{}},"2.2.6":{"name":"through","version":"2.2.6","description":"simplified stream contruction","main":"index.js","scripts":{"test":"set -e; for t in test/*.js; do node $t; done"},"devDependencies":{"stream-spec":"~0.3.5","tape":"~0.2.2"},"keywords":["stream","streams","user-streams","pipe"],"author":{"name":"Dominic Tarr","email":"dominic.tarr@gmail.com","url":"dominictarr.com"},"license":"MIT","repository":{"type":"git","url":"https://github.com/dominictarr/through.git"},"homepage":"http://github.com/dominictarr/through","testling":{"browsers":["ie/6..latest","ff/14..latest","chrome/24..latest","safari/5.1..latest"],"files":"test/*.js"},"_id":"through@2.2.6","dist":{"shasum":"69710d6425260b740ab8345e7663ce1fadb9b361","tarball":"https://registry.npmjs.org/through/-/through-2.2.6.tgz"},"_from":".","_npmVersion":"1.2.3","_npmUser":{"name":"dominictarr","email":"dominic.tarr@gmail.com"},"maintainers":[{"name":"dominictarr","email":"dominic.tarr@gmail.com"}],"directories":{}},"2.2.7":{"name":"through","version":"2.2.7","description":"simplified stream contruction","main":"index.js","scripts":{"test":"set -e; for t in test/*.js; do node $t; done"},"devDependencies":{"stream-spec":"~0.3.5","tape":"~0.2.2"},"keywords":["stream","streams","user-streams","pipe"],"author":{"name":"Dominic Tarr","email":"dominic.tarr@gmail.com","url":"dominictarr.com"},"license":"MIT","repository":{"type":"git","url":"https://github.com/dominictarr/through.git"},"homepage":"http://github.com/dominictarr/through","testling":{"browsers":["ie/8..latest","ff/15..latest","chrome/20..latest","safari/5.1..latest"],"files":"test/*.js"},"_id":"through@2.2.7","dist":{"shasum":"6e8e21200191d4eb6a99f6f010df46aa1c6eb2bd","tarball":"https://registry.npmjs.org/through/-/through-2.2.7.tgz"},"_from":".","_npmVersion":"1.2.3","_npmUser":{"name":"dominictarr","email":"dominic.tarr@gmail.com"},"maintainers":[{"name":"dominictarr","email":"dominic.tarr@gmail.com"}],"directories":{}},"2.3.1":{"name":"through","version":"2.3.1","description":"simplified stream contruction","main":"index.js","scripts":{"test":"set -e; for t in test/*.js; do node $t; done"},"devDependencies":{"stream-spec":"~0.3.5","tape":"~0.2.2"},"keywords":["stream","streams","user-streams","pipe"],"author":{"name":"Dominic Tarr","email":"dominic.tarr@gmail.com","url":"dominictarr.com"},"license":"MIT","repository":{"type":"git","url":"https://github.com/dominictarr/through.git"},"homepage":"http://github.com/dominictarr/through","testling":{"browsers":["ie/8..latest","ff/15..latest","chrome/20..latest","safari/5.1..latest"],"files":"test/*.js"},"_id":"through@2.3.1","dist":{"shasum":"6177f5a3f00274063d58d49c482adb3f9af1fa28","tarball":"https://registry.npmjs.org/through/-/through-2.3.1.tgz"},"_from":".","_npmVersion":"1.2.3","_npmUser":{"name":"dominictarr","email":"dominic.tarr@gmail.com"},"maintainers":[{"name":"dominictarr","email":"dominic.tarr@gmail.com"}],"directories":{}},"2.3.2":{"name":"through","version":"2.3.2","description":"simplified stream contruction","main":"index.js","scripts":{"test":"set -e; for t in test/*.js; do node $t; done"},"devDependencies":{"stream-spec":"~0.3.5","tape":"~0.2.2"},"keywords":["stream","streams","user-streams","pipe"],"author":{"name":"Dominic Tarr","email":"dominic.tarr@gmail.com","url":"dominictarr.com"},"license":"MIT","repository":{"type":"git","url":"https://github.com/dominictarr/through.git"},"homepage":"http://github.com/dominictarr/through","testling":{"browsers":["ie/8..latest","ff/15..latest","chrome/20..latest","safari/5.1..latest"],"files":"test/*.js"},"_id":"through@2.3.2","dist":{"shasum":"9102382b963ddc7c066d936830f71ca5585787a8","tarball":"https://registry.npmjs.org/through/-/through-2.3.2.tgz"},"_from":".","_npmVersion":"1.2.3","_npmUser":{"name":"dominictarr","email":"dominic.tarr@gmail.com"},"maintainers":[{"name":"dominictarr","email":"dominic.tarr@gmail.com"}],"directories":{}},"2.3.3":{"name":"through","version":"2.3.3","description":"simplified stream contruction","main":"index.js","scripts":{"test":"set -e; for t in test/*.js; do node $t; done"},"devDependencies":{"stream-spec":"~0.3.5","tape":"~0.2.2"},"keywords":["stream","streams","user-streams","pipe"],"author":{"name":"Dominic Tarr","email":"dominic.tarr@gmail.com","url":"dominictarr.com"},"license":"MIT","repository":{"type":"git","url":"https://github.com/dominictarr/through.git"},"homepage":"http://github.com/dominictarr/through","testling":{"browsers":["ie/8..latest","ff/15..latest","chrome/20..latest","safari/5.1..latest"],"files":"test/*.js"},"_id":"through@2.3.3","dist":{"shasum":"7db258728456b21b370328873de6381aaa022ab5","tarball":"https://registry.npmjs.org/through/-/through-2.3.3.tgz"},"_from":".","_npmVersion":"1.2.3","_npmUser":{"name":"dominictarr","email":"dominic.tarr@gmail.com"},"maintainers":[{"name":"dominictarr","email":"dominic.tarr@gmail.com"}],"directories":{}},"2.3.4":{"name":"through","version":"2.3.4","description":"simplified stream contsruction","main":"index.js","scripts":{"test":"set -e; for t in test/*.js; do node $t; done"},"devDependencies":{"stream-spec":"~0.3.5","tape":"~0.2.2"},"keywords":["stream","streams","user-streams","pipe"],"author":{"name":"Dominic Tarr","email":"dominic.tarr@gmail.com","url":"dominictarr.com"},"license":"MIT","repository":{"type":"git","url":"https://github.com/dominictarr/through.git"},"homepage":"http://github.com/dominictarr/through","testling":{"browsers":["ie/8..latest","ff/15..latest","chrome/20..latest","safari/5.1..latest"],"files":"test/*.js"},"_id":"through@2.3.4","dist":{"shasum":"495e40e8d8a8eaebc7c275ea88c2b8fc14c56455","tarball":"https://registry.npmjs.org/through/-/through-2.3.4.tgz"},"_from":".","_npmVersion":"1.2.18","_npmUser":{"name":"dominictarr","email":"dominic.tarr@gmail.com"},"maintainers":[{"name":"dominictarr","email":"dominic.tarr@gmail.com"}],"directories":{}},"2.3.6":{"name":"through","version":"2.3.6","description":"simplified stream construction","main":"index.js","scripts":{"test":"set -e; for t in test/*.js; do node $t; done"},"devDependencies":{"stream-spec":"~0.3.5","tape":"~2.3.2","from":"~0.1.3"},"keywords":["stream","streams","user-streams","pipe"],"author":{"name":"Dominic Tarr","email":"dominic.tarr@gmail.com","url":"dominictarr.com"},"license":"MIT","repository":{"type":"git","url":"https://github.com/dominictarr/through.git"},"homepage":"http://github.com/dominictarr/through","testling":{"browsers":["ie/8..latest","ff/15..latest","chrome/20..latest","safari/5.1..latest"],"files":"test/*.js"},"gitHead":"19ed9b7e84efe7c3e3c8be80f29390b1620e13c0","bugs":{"url":"https://github.com/dominictarr/through/issues"},"_id":"through@2.3.6","_shasum":"26681c0f524671021d4e29df7c36bce2d0ecf2e8","_from":".","_npmVersion":"1.4.26","_npmUser":{"name":"dominictarr","email":"dominic.tarr@gmail.com"},"maintainers":[{"name":"dominictarr","email":"dominic.tarr@gmail.com"}],"dist":{"shasum":"26681c0f524671021d4e29df7c36bce2d0ecf2e8","tarball":"https://registry.npmjs.org/through/-/through-2.3.6.tgz"},"directories":{}},"2.3.7":{"name":"through","version":"2.3.7","description":"simplified stream construction","main":"index.js","scripts":{"test":"set -e; for t in test/*.js; do node $t; done"},"devDependencies":{"stream-spec":"~0.3.5","tape":"~2.3.2","from":"~0.1.3"},"keywords":["stream","streams","user-streams","pipe"],"author":{"name":"Dominic Tarr","email":"dominic.tarr@gmail.com","url":"dominictarr.com"},"license":"MIT","repository":{"type":"git","url":"https://github.com/dominictarr/through.git"},"homepage":"http://github.com/dominictarr/through","testling":{"browsers":["ie/8..latest","ff/15..latest","chrome/20..latest","safari/5.1..latest"],"files":"test/*.js"},"gitHead":"d532966ebcae90fd6a150cc489b55c6a4e0bc4a0","bugs":{"url":"https://github.com/dominictarr/through/issues"},"_id":"through@2.3.7","_shasum":"5fcc3690fed2fdf98c6fc88b4d207a4624ac3b87","_from":".","_npmVersion":"2.4.1","_nodeVersion":"0.10.35","_npmUser":{"name":"dominictarr","email":"dominic.tarr@gmail.com"},"maintainers":[{"name":"dominictarr","email":"dominic.tarr@gmail.com"}],"dist":{"shasum":"5fcc3690fed2fdf98c6fc88b4d207a4624ac3b87","tarball":"https://registry.npmjs.org/through/-/through-2.3.7.tgz"},"directories":{}},"2.3.8":{"name":"through","version":"2.3.8","description":"simplified stream construction","main":"index.js","scripts":{"test":"set -e; for t in test/*.js; do node $t; done"},"devDependencies":{"stream-spec":"~0.3.5","tape":"~2.3.2","from":"~0.1.3"},"keywords":["stream","streams","user-streams","pipe"],"author":{"name":"Dominic Tarr","email":"dominic.tarr@gmail.com","url":"dominictarr.com"},"license":"MIT","repository":{"type":"git","url":"git+https://github.com/dominictarr/through.git"},"homepage":"https://github.com/dominictarr/through","testling":{"browsers":["ie/8..latest","ff/15..latest","chrome/20..latest","safari/5.1..latest"],"files":"test/*.js"},"gitHead":"2c5a6f9a0cc54da759b6e10964f2081c358e49dc","bugs":{"url":"https://github.com/dominictarr/through/issues"},"_id":"through@2.3.8","_shasum":"0dd4c9ffaabc357960b1b724115d7e0e86a2e1f5","_from":".","_npmVersion":"2.12.0","_nodeVersion":"2.3.1","_npmUser":{"name":"dominictarr","email":"dominic.tarr@gmail.com"},"maintainers":[{"name":"dominictarr","email":"dominic.tarr@gmail.com"}],"dist":{"shasum":"0dd4c9ffaabc357960b1b724115d7e0e86a2e1f5","tarball":"https://registry.npmjs.org/through/-/through-2.3.8.tgz"},"directories":{}}},"readme":"#through\n\n[![build status](https://secure.travis-ci.org/dominictarr/through.png)](http://travis-ci.org/dominictarr/through)\n[![testling badge](https://ci.testling.com/dominictarr/through.png)](https://ci.testling.com/dominictarr/through)\n\nEasy way to create a `Stream` that is both `readable` and `writable`. \n\n* Pass in optional `write` and `end` methods.\n* `through` takes care of pause/resume logic if you use `this.queue(data)` instead of `this.emit('data', data)`.\n* Use `this.pause()` and `this.resume()` to manage flow.\n* Check `this.paused` to see current flow state. (`write` always returns `!this.paused`).\n\nThis function is the basis for most of the synchronous streams in \n[event-stream](http://github.com/dominictarr/event-stream).\n\n``` js\nvar through = require('through')\n\nthrough(function write(data) {\n    this.queue(data) //data *must* not be null\n  },\n  function end () { //optional\n    this.queue(null)\n  })\n```\n\nOr, can also be used _without_ buffering on pause, use `this.emit('data', data)`,\nand this.emit('end')\n\n``` js\nvar through = require('through')\n\nthrough(function write(data) {\n    this.emit('data', data)\n    //this.pause() \n  },\n  function end () { //optional\n    this.emit('end')\n  })\n```\n\n## Extended Options\n\nYou will probably not need these 99% of the time.\n\n### autoDestroy=false\n\nBy default, `through` emits close when the writable\nand readable side of the stream has ended.\nIf that is not desired, set `autoDestroy=false`.\n\n``` js\nvar through = require('through')\n\n//like this\nvar ts = through(write, end, {autoDestroy: false})\n//or like this\nvar ts = through(write, end)\nts.autoDestroy = false\n```\n\n## License\n\nMIT / Apache2\n","maintainers":[{"name":"dominictarr","email":"dominic.tarr@gmail.com"}],"time":{"modified":"2016-11-22T11:36:41.946Z","created":"2012-07-04T14:09:43.543Z","0.0.1":"2012-07-04T14:09:48.188Z","0.0.2":"2012-07-04T14:14:38.160Z","0.0.3":"2012-07-04T14:55:22.509Z","0.0.4":"2012-07-12T03:04:45.402Z","0.1.0":"2012-07-22T18:12:52.947Z","0.1.1":"2012-07-22T19:24:58.408Z","0.1.2":"2012-07-22T20:56:34.166Z","0.1.3":"2012-08-07T01:43:12.512Z","0.1.4":"2012-08-07T15:49:31.336Z","1.0.0":"2012-08-31T09:38:50.600Z","1.1.0":"2012-09-15T11:48:53.613Z","1.1.1":"2012-10-11T13:49:59.968Z","1.1.2":"2012-11-20T17:56:39.995Z","2.0.0":"2012-11-26T05:30:11.797Z","2.1.0":"2012-11-28T06:56:46.753Z","2.2.0":"2013-02-11T08:24:48.695Z","2.2.1":"2013-03-03T02:09:41.237Z","2.2.2":"2013-03-12T05:18:11.703Z","2.2.4":"2013-03-13T07:45:07.144Z","2.2.5":"2013-03-13T08:39:33.743Z","2.2.6":"2013-03-13T08:44:43.459Z","2.2.7":"2013-03-15T05:52:05.447Z","2.3.1":"2013-04-13T10:57:25.016Z","2.3.2":"2013-04-24T15:28:51.858Z","2.3.3":"2013-04-24T22:56:02.409Z","2.3.4":"2013-04-29T08:35:05.575Z","2.3.6":"2014-09-16T07:00:00.673Z","2.3.7":"2015-04-06T05:00:51.802Z","2.3.8":"2015-07-03T13:38:39.650Z"},"author":{"name":"Dominic Tarr","email":"dominic.tarr@gmail.com","url":"dominictarr.com"},"repository":{"type":"git","url":"git+https://github.com/dominictarr/through.git"},"users":{"306766053":true,"substack":true,"carlos8f":true,"luk":true,"chrisdickinson":true,"shtylman":true,"romac":true,"dubban":true,"jxson":true,"jarofghosts":true,"kastor":true,"hughsk":true,"feross":true,"pid":true,"alanshaw":true,"isaacbw":true,"amio":true,"blakeembrey":true,"netroy":true,"cilindrox":true,"tarcio":true,"zxbing":true,"explorak":true,"vinimdocarmo":true,"tunnckocore":true,"scull7":true,"kahboom":true,"joshmu":true,"mikelin":true,"liveinjs":true,"bmpvieira":true,"akilism":true,"coderaiser":true,"miju":true,"grahamjenson":true,"lewisbrown":true,"soliury":true,"wangyinchuan":true,"pensierinmusica":true,"season":true,"jmsherry":true,"kerry95":true,"patrick":true,"uniquerockrz":true,"joakin":true,"santosharakere":true,"lixt07":true,"chrisayn":true,"majgis":true,"wangnan0610":true,"juicypasta":true,"markthethomas":true,"bertuz":true,"sloanb":true,"456wyc":true,"davidrapin":true,"dwaynecrooks":true,"nickleefly":true,"pengzhisun":true,"alexkval":true,"chriscalo":true,"sanketss84":true,"jpepe":true,"princetoad":true,"lcsrinaldi":true,"x4devs":true,"n370":true,"chinaqstar":true,"rmilbourne":true,"andrewtlove":true,"jruif":true,"almccann":true,"bourne":true,"bojand":true,"max_devjs":true,"evanyeung":true,"j.su":true,"cassln":true,"nicolasgodefroy7":true,"esundahl":true,"bspink":true,"ninozhang":true,"akarem":true,"octetstream":true,"aliorouji":true,"pixeleate":true,"ghostcode521":true,"tdmalone":true,"ahvonenj":true,"monjer":true,"magicxiao":true},"homepage":"https://github.com/dominictarr/through","keywords":["stream","streams","user-streams","pipe"],"license":"MIT","readmeFilename":"readme.markdown","bugs":{"url":"https://github.com/dominictarr/through/issues"},"_attachments":{},"_etag":"W/\"58342dc9-743e\"","_lastModified":"Tue, 22 Nov 2016 11:36:41 GMT"}