{"_id":"promise","_rev":"117-8ce2b718bc71c744b82b28bd6b2f89f6","name":"promise","description":"Bare bones Promises/A+ implementation","dist-tags":{"latest":"7.1.1"},"versions":{"1.2.1":{"name":"promise","version":"1.2.1","description":"Bare bones Promises/A+ implementation","main":"index.js","scripts":{"test":"promises-aplus-tests test/adapter-a.js"},"repository":{"type":"git","url":"https://github.com/then/promise.git"},"author":{"name":"ForbesLindesay"},"license":"MIT","dependencies":{"is-promise":"~1"},"devDependencies":{"promises-aplus-tests":"*"},"_id":"promise@1.2.1","dist":{"shasum":"f9b5491a72695ff1c052e3fe3cf953a84e250974","tarball":"http://registry.npmjs.org/promise/-/promise-1.2.1.tgz"},"_npmVersion":"1.1.61","_npmUser":{"name":"forbes","email":"forbes@lindesay.co.uk"},"maintainers":[{"name":"forbes","email":"forbes@lindesay.co.uk"}],"directories":{}},"1.2.2":{"name":"promise","version":"1.2.2","description":"Bare bones Promises/A+ implementation","main":"index.js","scripts":{"test":"promises-aplus-tests test/adapter-a.js"},"repository":{"type":"git","url":"https://github.com/then/promise.git"},"author":{"name":"ForbesLindesay"},"license":"MIT","dependencies":{"is-promise":"~1"},"devDependencies":{"promises-aplus-tests":"*"},"_id":"promise@1.2.2","dist":{"shasum":"87582a27a2a631a7372aaba1ad136bd327bd2451","tarball":"http://registry.npmjs.org/promise/-/promise-1.2.2.tgz"},"_npmVersion":"1.1.59","_npmUser":{"name":"forbeslindesay","email":"forbes@lindesay.co.uk"},"maintainers":[{"name":"forbeslindesay","email":"forbes@lindesay.co.uk"}],"directories":{}},"1.3.0":{"name":"promise","version":"1.3.0","description":"Bare bones Promises/A+ implementation","main":"index.js","scripts":{"test":"promises-aplus-tests test/adapter-a.js"},"repository":{"type":"git","url":"https://github.com/then/promise.git"},"author":{"name":"ForbesLindesay"},"license":"MIT","dependencies":{"is-promise":"~1"},"devDependencies":{"promises-aplus-tests":"*"},"_id":"promise@1.3.0","dist":{"shasum":"e5cc9a4c8278e4664ffedc01c7da84842b040175","tarball":"http://registry.npmjs.org/promise/-/promise-1.3.0.tgz"},"_npmVersion":"1.1.69","_npmUser":{"name":"forbeslindesay","email":"forbes@lindesay.co.uk"},"maintainers":[{"name":"forbeslindesay","email":"forbes@lindesay.co.uk"}],"directories":{}},"2.0.0":{"name":"promise","version":"2.0.0","description":"Bare bones Promises/A+ implementation","main":"index.js","scripts":{"test":"mocha -R spec --timeout 200 --slow 99999"},"repository":{"type":"git","url":"https://github.com/then/promise.git"},"author":{"name":"ForbesLindesay"},"license":"MIT","dependencies":{"is-promise":"~1"},"devDependencies":{"promises-aplus-tests":"*","mocha-as-promised":"~1.2.1","better-assert":"~1.0.0"},"_id":"promise@2.0.0","dist":{"shasum":"46648aa9d605af5d2e70c3024bf59436da02b80e","tarball":"http://registry.npmjs.org/promise/-/promise-2.0.0.tgz"},"_from":".","_npmVersion":"1.2.10","_npmUser":{"name":"forbeslindesay","email":"forbes@lindesay.co.uk"},"maintainers":[{"name":"forbeslindesay","email":"forbes@lindesay.co.uk"}],"directories":{}},"3.0.0":{"name":"promise","version":"3.0.0","description":"Bare bones Promises/A+ implementation","main":"index.js","scripts":{"test":"mocha -R spec --timeout 200 --slow 99999","test-resolve":"mocha test/resolver-tests.js -R spec --timeout 200 --slow 999999"},"repository":{"type":"git","url":"https://github.com/then/promise.git"},"author":{"name":"ForbesLindesay"},"license":"MIT","devDependencies":{"promises-aplus-tests":"*","better-assert":"~1.0","mocha":"~1.9"},"_id":"promise@3.0.0","dist":{"shasum":"dca23f725ff45fea41d9c91e65632682e7530a75","tarball":"http://registry.npmjs.org/promise/-/promise-3.0.0.tgz"},"_from":".","_npmVersion":"1.2.10","_npmUser":{"name":"forbeslindesay","email":"forbes@lindesay.co.uk"},"maintainers":[{"name":"forbeslindesay","email":"forbes@lindesay.co.uk"}],"directories":{}},"3.0.1":{"name":"promise","version":"3.0.1","description":"Bare bones Promises/A+ implementation","main":"index.js","scripts":{"test":"mocha -R spec --timeout 200 --slow 99999","test-resolve":"mocha test/resolver-tests.js -R spec --timeout 200 --slow 999999"},"repository":{"type":"git","url":"https://github.com/then/promise.git"},"author":{"name":"ForbesLindesay"},"license":"MIT","devDependencies":{"promises-aplus-tests":"*","better-assert":"~1.0","mocha":"~1.9"},"_id":"promise@3.0.1","dist":{"shasum":"552433a82f2f73f9fffd94228b7b98b2c7843e0e","tarball":"http://registry.npmjs.org/promise/-/promise-3.0.1.tgz"},"_from":".","_npmVersion":"1.2.10","_npmUser":{"name":"forbeslindesay","email":"forbes@lindesay.co.uk"},"maintainers":[{"name":"forbeslindesay","email":"forbes@lindesay.co.uk"}],"directories":{}},"3.1.0":{"name":"promise","version":"3.1.0","description":"Bare bones Promises/A+ implementation","main":"index.js","scripts":{"test":"mocha -R spec --timeout 200 --slow 99999","test-resolve":"mocha test/resolver-tests.js -R spec --timeout 200 --slow 999999","test-extensions":"mocha test/extensions-tests.js -R spec --timeout 200 --slow 999999"},"repository":{"type":"git","url":"https://github.com/then/promise.git"},"author":{"name":"ForbesLindesay"},"license":"MIT","devDependencies":{"promises-aplus-tests":"*","better-assert":"*","mocha":"*"},"_id":"promise@3.1.0","dist":{"shasum":"95a3d53460c991b6777f6559b67729909f1aa5fd","tarball":"http://registry.npmjs.org/promise/-/promise-3.1.0.tgz"},"_from":".","_npmVersion":"1.2.10","_npmUser":{"name":"forbeslindesay","email":"forbes@lindesay.co.uk"},"maintainers":[{"name":"forbeslindesay","email":"forbes@lindesay.co.uk"}],"directories":{}},"3.2.0":{"name":"promise","version":"3.2.0","description":"Bare bones Promises/A+ implementation","main":"index.js","scripts":{"test":"mocha -R spec --timeout 200 --slow 99999","test-resolve":"mocha test/resolver-tests.js -R spec --timeout 200 --slow 999999","test-extensions":"mocha test/extensions-tests.js -R spec --timeout 200 --slow 999999"},"repository":{"type":"git","url":"https://github.com/then/promise.git"},"author":{"name":"ForbesLindesay"},"license":"MIT","devDependencies":{"promises-aplus-tests":"*","better-assert":"*","mocha":"*"},"_id":"promise@3.2.0","dist":{"shasum":"b4d0fa281bcd5ca9d6ade556b69dd5947b9abb94","tarball":"http://registry.npmjs.org/promise/-/promise-3.2.0.tgz"},"_from":".","_npmVersion":"1.2.10","_npmUser":{"name":"forbeslindesay","email":"forbes@lindesay.co.uk"},"maintainers":[{"name":"forbeslindesay","email":"forbes@lindesay.co.uk"}],"directories":{}},"4.0.0":{"name":"promise","version":"4.0.0","description":"Bare bones Promises/A+ implementation","main":"index.js","scripts":{"test":"mocha -R spec --timeout 200 --slow 99999","test-resolve":"mocha test/resolver-tests.js -R spec --timeout 200 --slow 999999","test-extensions":"mocha test/extensions-tests.js -R spec --timeout 200 --slow 999999"},"repository":{"type":"git","url":"https://github.com/then/promise.git"},"author":{"name":"ForbesLindesay"},"license":"MIT","devDependencies":{"promises-aplus-tests":"*","better-assert":"*","mocha":"*"},"dependencies":{"asap":"~1.0.0"},"bugs":{"url":"https://github.com/then/promise/issues"},"homepage":"https://github.com/then/promise","_id":"promise@4.0.0","dist":{"shasum":"72d9657988f5e87528293686c61a345ed2054c46","tarball":"http://registry.npmjs.org/promise/-/promise-4.0.0.tgz"},"_from":".","_npmVersion":"1.3.21","_npmUser":{"name":"forbeslindesay","email":"forbes@lindesay.co.uk"},"maintainers":[{"name":"forbeslindesay","email":"forbes@lindesay.co.uk"}],"directories":{}},"5.0.0":{"name":"promise","version":"5.0.0","description":"Bare bones Promises/A+ implementation","main":"index.js","scripts":{"test":"mocha -R spec --timeout 200 --slow 99999","test-resolve":"mocha test/resolver-tests.js -R spec --timeout 200 --slow 999999","test-extensions":"mocha test/extensions-tests.js -R spec --timeout 200 --slow 999999"},"repository":{"type":"git","url":"https://github.com/then/promise.git"},"author":{"name":"ForbesLindesay"},"license":"MIT","devDependencies":{"promises-aplus-tests":"*","better-assert":"*","mocha":"*"},"dependencies":{"asap":"~1.0.0"},"bugs":{"url":"https://github.com/then/promise/issues"},"homepage":"https://github.com/then/promise","_id":"promise@5.0.0","dist":{"shasum":"ac40b7866bed7aaf796ab5b79b80325e047ec0ef","tarball":"http://registry.npmjs.org/promise/-/promise-5.0.0.tgz"},"_from":".","_npmVersion":"1.3.21","_npmUser":{"name":"forbeslindesay","email":"forbes@lindesay.co.uk"},"maintainers":[{"name":"forbeslindesay","email":"forbes@lindesay.co.uk"}],"directories":{}},"6.0.0":{"name":"promise","version":"6.0.0","description":"Bare bones Promises/A+ implementation","main":"index.js","scripts":{"test":"mocha --timeout 200 --slow 99999","test-resolve":"mocha test/resolver-tests.js -R spec --timeout 200 --slow 999999","test-extensions":"mocha test/extensions-tests.js -R spec --timeout 200 --slow 999999"},"repository":{"type":"git","url":"https://github.com/then/promise.git"},"author":{"name":"ForbesLindesay"},"license":"MIT","devDependencies":{"promises-aplus-tests":"*","better-assert":"*","mocha":"*"},"dependencies":{"asap":"~1.0.0"},"gitHead":"5f2511e96014667310096f0fdcf524eab81810b9","bugs":{"url":"https://github.com/then/promise/issues"},"homepage":"https://github.com/then/promise","_id":"promise@6.0.0","_shasum":"456538dd4afdd25dc7d0f52a5201ed242b7c109d","_from":".","_npmVersion":"1.4.21","_npmUser":{"name":"forbeslindesay","email":"forbes@lindeay.co.uk"},"maintainers":[{"name":"forbeslindesay","email":"forbes@lindesay.co.uk"}],"dist":{"shasum":"456538dd4afdd25dc7d0f52a5201ed242b7c109d","tarball":"http://registry.npmjs.org/promise/-/promise-6.0.0.tgz"},"directories":{}},"6.0.1":{"name":"promise","version":"6.0.1","description":"Bare bones Promises/A+ implementation","main":"index.js","scripts":{"test":"mocha --timeout 200 --slow 99999","test-resolve":"mocha test/resolver-tests.js -R spec --timeout 200 --slow 999999","test-extensions":"mocha test/extensions-tests.js -R spec --timeout 200 --slow 999999"},"repository":{"type":"git","url":"https://github.com/then/promise.git"},"author":{"name":"ForbesLindesay"},"license":"MIT","devDependencies":{"promises-aplus-tests":"*","better-assert":"*","mocha":"*"},"dependencies":{"asap":"~1.0.0"},"gitHead":"7710d6d277aeeee2ac5d712a50a386621fc718bb","bugs":{"url":"https://github.com/then/promise/issues"},"homepage":"https://github.com/then/promise","_id":"promise@6.0.1","_shasum":"d475cff81c083a27fe87ae19952b72c1a6936237","_from":".","_npmVersion":"1.4.21","_npmUser":{"name":"forbeslindesay","email":"forbes@lindeay.co.uk"},"maintainers":[{"name":"forbeslindesay","email":"forbes@lindesay.co.uk"}],"dist":{"shasum":"d475cff81c083a27fe87ae19952b72c1a6936237","tarball":"http://registry.npmjs.org/promise/-/promise-6.0.1.tgz"},"directories":{}},"6.1.0":{"name":"promise","version":"6.1.0","description":"Bare bones Promises/A+ implementation","main":"index.js","scripts":{"test":"mocha --timeout 200 --slow 99999","test-resolve":"mocha test/resolver-tests.js -R spec --timeout 200 --slow 999999","test-extensions":"mocha test/extensions-tests.js -R spec --timeout 200 --slow 999999"},"repository":{"type":"git","url":"https://github.com/then/promise.git"},"author":{"name":"ForbesLindesay"},"license":"MIT","devDependencies":{"promises-aplus-tests":"*","better-assert":"*","mocha":"*"},"dependencies":{"asap":"~1.0.0"},"gitHead":"c627c0cc1f886ed3aa26edec97838ec9e7dd858b","bugs":{"url":"https://github.com/then/promise/issues"},"homepage":"https://github.com/then/promise","_id":"promise@6.1.0","_shasum":"2ce729f6b94b45c26891ad0602c5c90e04c6eef6","_from":".","_npmVersion":"1.5.0-alpha-4","_npmUser":{"name":"forbeslindesay","email":"forbes@lindesay.co.uk"},"maintainers":[{"name":"forbeslindesay","email":"forbes@lindesay.co.uk"},{"name":"nathan7","email":"nathan@nathan7.eu"}],"dist":{"shasum":"2ce729f6b94b45c26891ad0602c5c90e04c6eef6","tarball":"http://registry.npmjs.org/promise/-/promise-6.1.0.tgz"},"directories":{}},"7.0.0":{"name":"promise","version":"7.0.0","description":"Bare bones Promises/A+ implementation","main":"index.js","scripts":{"prepublish":"node build","pretest":"node build","pretest-resolve":"node build","pretest-extensions":"node build","pretest-memory-leak":"node build","test":"mocha --bail --timeout 200 --slow 99999 -R dot && npm run test-memory-leak","test-resolve":"mocha test/resolver-tests.js --timeout 200 --slow 999999","test-extensions":"mocha test/extensions-tests.js --timeout 200 --slow 999999","test-memory-leak":"node --expose-gc test/memory-leak.js"},"repository":{"type":"git","url":"https://github.com/then/promise.git"},"author":{"name":"ForbesLindesay"},"license":"MIT","devDependencies":{"acorn":"^1.0.1","better-assert":"*","mocha":"*","promises-aplus-tests":"*","rimraf":"^2.3.2"},"dependencies":{"asap":"~2.0.1"},"gitHead":"0f7bcb9a010d299561b519c30406ad719bc349a1","bugs":{"url":"https://github.com/then/promise/issues"},"homepage":"https://github.com/then/promise","_id":"promise@7.0.0","_shasum":"98ae4b5798755216c4aea2c1f62380517ab8767b","_from":".","_npmVersion":"2.7.1","_nodeVersion":"1.6.2","_npmUser":{"name":"forbeslindesay","email":"forbes@lindesay.co.uk"},"maintainers":[{"name":"forbeslindesay","email":"forbes@lindesay.co.uk"},{"name":"nathan7","email":"nathan@nathan7.eu"}],"dist":{"shasum":"98ae4b5798755216c4aea2c1f62380517ab8767b","tarball":"http://registry.npmjs.org/promise/-/promise-7.0.0.tgz"},"directories":{}},"7.0.1":{"name":"promise","version":"7.0.1","description":"Bare bones Promises/A+ implementation","main":"index.js","scripts":{"prepublish":"node build","pretest":"node build","pretest-resolve":"node build","pretest-extensions":"node build","pretest-memory-leak":"node build","test":"mocha --bail --timeout 200 --slow 99999 -R dot && npm run test-memory-leak","test-resolve":"mocha test/resolver-tests.js --timeout 200 --slow 999999","test-extensions":"mocha test/extensions-tests.js --timeout 200 --slow 999999","test-memory-leak":"node --expose-gc test/memory-leak.js","coverage":"istanbul cover node_modules/mocha/bin/_mocha -- --bail --timeout 200 --slow 99999 -R dot"},"repository":{"type":"git","url":"https://github.com/then/promise.git"},"author":{"name":"ForbesLindesay"},"license":"MIT","devDependencies":{"acorn":"^1.0.1","better-assert":"*","istanbul":"^0.3.13","mocha":"*","promises-aplus-tests":"*","rimraf":"^2.3.2"},"dependencies":{"asap":"~2.0.1"},"gitHead":"d64deeec9cd1df50288dd9bdb3c9e919de3210cd","bugs":{"url":"https://github.com/then/promise/issues"},"homepage":"https://github.com/then/promise","_id":"promise@7.0.1","_shasum":"383b49136cb2c259e265520978281283d40fafde","_from":".","_npmVersion":"2.7.1","_nodeVersion":"1.6.2","_npmUser":{"name":"forbeslindesay","email":"forbes@lindesay.co.uk"},"maintainers":[{"name":"forbeslindesay","email":"forbes@lindesay.co.uk"},{"name":"nathan7","email":"nathan@nathan7.eu"}],"dist":{"shasum":"383b49136cb2c259e265520978281283d40fafde","tarball":"http://registry.npmjs.org/promise/-/promise-7.0.1.tgz"},"directories":{}},"7.0.2":{"name":"promise","version":"7.0.2","description":"Bare bones Promises/A+ implementation","main":"index.js","scripts":{"prepublish":"node build","pretest":"node build","pretest-resolve":"node build","pretest-extensions":"node build","pretest-memory-leak":"node build","test":"mocha --bail --timeout 200 --slow 99999 -R dot && npm run test-memory-leak","test-resolve":"mocha test/resolver-tests.js --timeout 200 --slow 999999","test-extensions":"mocha test/extensions-tests.js --timeout 200 --slow 999999","test-memory-leak":"node --expose-gc test/memory-leak.js","coverage":"istanbul cover node_modules/mocha/bin/_mocha -- --bail --timeout 200 --slow 99999 -R dot"},"repository":{"type":"git","url":"https://github.com/then/promise.git"},"author":{"name":"ForbesLindesay"},"license":"MIT","devDependencies":{"acorn":"^1.0.1","better-assert":"*","istanbul":"^0.3.13","mocha":"*","promises-aplus-tests":"*","rimraf":"^2.3.2"},"dependencies":{"asap":"~2.0.3"},"gitHead":"392c0c526885e79d947f632b68fb0ac96f2b5dfb","bugs":{"url":"https://github.com/then/promise/issues"},"homepage":"https://github.com/then/promise","_id":"promise@7.0.2","_shasum":"acef01fc16750d49fd5b5b8d88534795910fc625","_from":".","_npmVersion":"2.7.1","_nodeVersion":"1.6.2","_npmUser":{"name":"forbeslindesay","email":"forbes@lindesay.co.uk"},"maintainers":[{"name":"forbeslindesay","email":"forbes@lindesay.co.uk"},{"name":"nathan7","email":"nathan@nathan7.eu"}],"dist":{"shasum":"acef01fc16750d49fd5b5b8d88534795910fc625","tarball":"http://registry.npmjs.org/promise/-/promise-7.0.2.tgz"},"directories":{}},"7.0.3":{"name":"promise","version":"7.0.3","description":"Bare bones Promises/A+ implementation","main":"index.js","scripts":{"prepublish":"node build","pretest":"node build","pretest-resolve":"node build","pretest-extensions":"node build","pretest-memory-leak":"node build","test":"mocha --bail --timeout 200 --slow 99999 -R dot && npm run test-memory-leak","test-resolve":"mocha test/resolver-tests.js --timeout 200 --slow 999999","test-extensions":"mocha test/extensions-tests.js --timeout 200 --slow 999999","test-memory-leak":"node --expose-gc test/memory-leak.js","coverage":"istanbul cover node_modules/mocha/bin/_mocha -- --bail --timeout 200 --slow 99999 -R dot"},"repository":{"type":"git","url":"https://github.com/then/promise.git"},"author":{"name":"ForbesLindesay"},"license":"MIT","devDependencies":{"acorn":"^1.0.1","better-assert":"*","istanbul":"^0.3.13","mocha":"*","promises-aplus-tests":"*","rimraf":"^2.3.2"},"dependencies":{"asap":"~2.0.3"},"gitHead":"bbdbc0fef87cdc5250dfa729de3ae71b2beb3817","bugs":{"url":"https://github.com/then/promise/issues"},"homepage":"https://github.com/then/promise","_id":"promise@7.0.3","_shasum":"1c467fdea4cbb2564357e6e90fcc9d559066d66f","_from":".","_npmVersion":"2.7.1","_nodeVersion":"1.6.2","_npmUser":{"name":"forbeslindesay","email":"forbes@lindesay.co.uk"},"maintainers":[{"name":"forbeslindesay","email":"forbes@lindesay.co.uk"},{"name":"nathan7","email":"nathan@nathan7.eu"}],"dist":{"shasum":"1c467fdea4cbb2564357e6e90fcc9d559066d66f","tarball":"http://registry.npmjs.org/promise/-/promise-7.0.3.tgz"},"directories":{}},"7.0.4":{"name":"promise","version":"7.0.4","description":"Bare bones Promises/A+ implementation","main":"index.js","scripts":{"prepublish":"node build","pretest":"node build","pretest-resolve":"node build","pretest-extensions":"node build","pretest-memory-leak":"node build","test":"mocha --bail --timeout 200 --slow 99999 -R dot && npm run test-memory-leak","test-resolve":"mocha test/resolver-tests.js --timeout 200 --slow 999999","test-extensions":"mocha test/extensions-tests.js --timeout 200 --slow 999999","test-memory-leak":"node --expose-gc test/memory-leak.js","coverage":"istanbul cover node_modules/mocha/bin/_mocha -- --bail --timeout 200 --slow 99999 -R dot"},"repository":{"type":"git","url":"git+https://github.com/then/promise.git"},"author":{"name":"ForbesLindesay"},"license":"MIT","devDependencies":{"acorn":"^1.0.1","better-assert":"*","istanbul":"^0.3.13","mocha":"*","promises-aplus-tests":"*","rimraf":"^2.3.2"},"dependencies":{"asap":"~2.0.3"},"gitHead":"8a42572e23669b685b659d1fa56532c7b05fb8d7","bugs":{"url":"https://github.com/then/promise/issues"},"homepage":"https://github.com/then/promise#readme","_id":"promise@7.0.4","_shasum":"363e84a4c36c8356b890fed62c91ce85d02ed539","_from":".","_npmVersion":"3.2.1","_nodeVersion":"2.3.1","_npmUser":{"name":"nathan7","email":"nathan@nathan7.eu"},"maintainers":[{"name":"forbeslindesay","email":"forbes@lindesay.co.uk"},{"name":"nathan7","email":"nathan@nathan7.eu"}],"dist":{"shasum":"363e84a4c36c8356b890fed62c91ce85d02ed539","tarball":"http://registry.npmjs.org/promise/-/promise-7.0.4.tgz"},"directories":{}},"7.1.0":{"name":"promise","version":"7.1.0","description":"Bare bones Promises/A+ implementation","main":"index.js","scripts":{"prepublish":"node build","pretest":"node build","pretest-resolve":"node build","pretest-extensions":"node build","pretest-memory-leak":"node build","test":"mocha --bail --timeout 200 --slow 99999 -R dot && npm run test-memory-leak","test-resolve":"mocha test/resolver-tests.js --timeout 200 --slow 999999","test-extensions":"mocha test/extensions-tests.js --timeout 200 --slow 999999","test-memory-leak":"node --expose-gc test/memory-leak.js","coverage":"istanbul cover node_modules/mocha/bin/_mocha -- --bail --timeout 200 --slow 99999 -R dot"},"repository":{"type":"git","url":"https://github.com/then/promise.git"},"author":{"name":"ForbesLindesay"},"license":"MIT","devDependencies":{"acorn":"^1.0.1","better-assert":"*","istanbul":"^0.3.13","mocha":"*","promises-aplus-tests":"*","rimraf":"^2.3.2"},"dependencies":{"asap":"~2.0.3"},"gitHead":"90757a38c86975f36893012581b72315b352d482","bugs":{"url":"https://github.com/then/promise/issues"},"homepage":"https://github.com/then/promise","_id":"promise@7.1.0","_shasum":"63ce0ee83c9aeb274287831ebef8a1d4ac22fa62","_from":".","_npmVersion":"2.7.1","_nodeVersion":"1.6.2","_npmUser":{"name":"forbeslindesay","email":"forbes@lindesay.co.uk"},"dist":{"shasum":"63ce0ee83c9aeb274287831ebef8a1d4ac22fa62","tarball":"http://registry.npmjs.org/promise/-/promise-7.1.0.tgz"},"maintainers":[{"name":"forbeslindesay","email":"forbes@lindesay.co.uk"},{"name":"nathan7","email":"nathan@nathan7.eu"}],"directories":{}},"7.1.1":{"name":"promise","version":"7.1.1","description":"Bare bones Promises/A+ implementation","main":"index.js","scripts":{"prepublish":"node build","pretest":"node build","pretest-resolve":"node build","pretest-extensions":"node build","pretest-memory-leak":"node build","test":"mocha --bail --timeout 200 --slow 99999 -R dot && npm run test-memory-leak","test-resolve":"mocha test/resolver-tests.js --timeout 200 --slow 999999","test-extensions":"mocha test/extensions-tests.js --timeout 200 --slow 999999","test-memory-leak":"node --expose-gc test/memory-leak.js","coverage":"istanbul cover node_modules/mocha/bin/_mocha -- --bail --timeout 200 --slow 99999 -R dot"},"repository":{"type":"git","url":"https://github.com/then/promise.git"},"author":{"name":"ForbesLindesay"},"license":"MIT","devDependencies":{"acorn":"^1.0.1","better-assert":"*","istanbul":"^0.3.13","mocha":"*","promises-aplus-tests":"*","rimraf":"^2.3.2"},"dependencies":{"asap":"~2.0.3"},"gitHead":"90757a38c86975f36893012581b72315b352d482","bugs":{"url":"https://github.com/then/promise/issues"},"homepage":"https://github.com/then/promise","_id":"promise@7.1.1","_shasum":"489654c692616b8aa55b0724fa809bb7db49c5bf","_from":".","_npmVersion":"2.7.1","_nodeVersion":"1.6.2","_npmUser":{"name":"forbeslindesay","email":"forbes@lindesay.co.uk"},"dist":{"shasum":"489654c692616b8aa55b0724fa809bb7db49c5bf","tarball":"http://registry.npmjs.org/promise/-/promise-7.1.1.tgz"},"maintainers":[{"name":"forbeslindesay","email":"forbes@lindesay.co.uk"},{"name":"nathan7","email":"nathan@nathan7.eu"}],"directories":{}}},"readme":"<a href=\"https://promisesaplus.com/\"><img src=\"https://promisesaplus.com/assets/logo-small.png\" align=\"right\" /></a>\n# promise\n\nThis is a simple implementation of Promises.  It is a super set of ES6 Promises designed to have readable, performant code and to provide just the extensions that are absolutely necessary for using promises today.\n\nFor detailed tutorials on its use, see www.promisejs.org\n\n**N.B.** This promise exposes internals via underscore (`_`) prefixed properties.  If you use these, your code will break with each new release.\n\n[![travis][travis-image]][travis-url]\n[![dep][dep-image]][dep-url]\n[![npm][npm-image]][npm-url]\n[![downloads][downloads-image]][downloads-url]\n\n[travis-image]: https://img.shields.io/travis/then/promise.svg?style=flat\n[travis-url]: https://travis-ci.org/then/promise\n[dep-image]: https://img.shields.io/gemnasium/then/promise.svg?style=flat\n[dep-url]: https://gemnasium.com/then/promise\n[npm-image]: https://img.shields.io/npm/v/promise.svg?style=flat\n[npm-url]: https://npmjs.org/package/promise\n[downloads-image]: https://img.shields.io/npm/dm/promise.svg?style=flat\n[downloads-url]: https://npmjs.org/package/promise\n\n## Installation\n\n**Server:**\n\n    $ npm install promise\n\n**Client:**\n\nYou can use browserify on the client, or use the pre-compiled script that acts as a polyfill.\n\n```html\n<script src=\"https://www.promisejs.org/polyfills/promise-6.1.0.js\"></script>\n```\n\nNote that the [es5-shim](https://github.com/es-shims/es5-shim) must be loaded before this library to support browsers pre IE9.\n\n```html\n<script src=\"https://cdnjs.cloudflare.com/ajax/libs/es5-shim/3.4.0/es5-shim.min.js\"></script>\n```\n\n## Usage\n\nThe example below shows how you can load the promise library (in a way that works on both client and server using node or browserify).  It then demonstrates creating a promise from scratch.  You simply call `new Promise(fn)`.  There is a complete specification for what is returned by this method in [Promises/A+](http://promises-aplus.github.com/promises-spec/).\n\n```javascript\nvar Promise = require('promise');\n\nvar promise = new Promise(function (resolve, reject) {\n  get('http://www.google.com', function (err, res) {\n    if (err) reject(err);\n    else resolve(res);\n  });\n});\n```\n\nIf you need [domains](https://iojs.org/api/domain.html) support, you should instead use:\n\n```js\nvar Promise = require('promise/domains');\n```\n\nIf you are in an environment that implements `setImmediate` and don't want the optimisations provided by asap, you can use:\n\n```js\nvar Promise = require('promise/setimmediate');\n```\n\nIf you only want part of the features, e.g. just a pure ES6 polyfill:\n\n```js\nvar Promise = require('promise/lib/es6-extensions');\n// or require('promise/domains/es6-extensions');\n// or require('promise/setimmediate/es6-extensions');\n```\n\n## Unhandled Rejections\n\nBy default, promises silence any unhandled rejections.\n\nYou can enable logging of unhandled ReferenceErrors and TypeErrors via:\n\n```js\nrequire('promise/lib/rejection-tracking').enable();\n```\n\nDue to the performance cost, you should only do this during development.\n\nYou can enable logging of all unhandled rejections if you need to debug an exception you think is being swallowed by promises:\n\n```js\nrequire('promise/lib/rejection-tracking').enable(\n  {allRejections: true}\n);\n```\n\nDue to the high probability of false positives, I only recommend using this when debugging specific issues that you think may be being swallowed.  For the preferred debugging method, see `Promise#done(onFulfilled, onRejected)`.\n\n`rejection-tracking.enable(options)` takes the following options:\n\n - allRejections (`boolean`) - track all exceptions, not just reference errors and type errors.  Note that this has a high probability of resulting in false positives if your code loads data optimisticly\n - whitelist (`Array<ErrorConstructor>`) - this defaults to `[ReferenceError, TypeError]` but you can override it with your own list of error constructors to track.\n - `onUnhandled(id, error)` and `onHandled(id, error)` - you can use these to provide your own customised display for errors.  Note that if possible you should indicate that the error was a false positive if `onHandled` is called.  `onHandled` is only called if `onUnhandled` has already been called.\n\nTo reduce the chance of false-positives there is a delay of up to 2 seconds before errors are logged.  This means that if you attach an error handler within 2 seconds, it won't be logged as a false positive.  ReferenceErrors and TypeErrors are only subject to a 100ms delay due to the higher likelihood that the error is due to programmer error.\n\n## API\n\nBefore all examples, you will need:\n\n```js\nvar Promise = require('promise');\n```\n\n### new Promise(resolver)\n\nThis creates and returns a new promise.  `resolver` must be a function.  The `resolver` function is passed two arguments:\n\n 1. `resolve` should be called with a single argument.  If it is called with a non-promise value then the promise is fulfilled with that value.  If it is called with a promise (A) then the returned promise takes on the state of that new promise (A).\n 2. `reject` should be called with a single argument.  The returned promise will be rejected with that argument.\n\n### Static Functions\n\n  These methods are invoked by calling `Promise.methodName`.\n\n#### Promise.resolve(value)\n\n(deprecated aliases: `Promise.from(value)`, `Promise.cast(value)`)\n\nConverts values and foreign promises into Promises/A+ promises.  If you pass it a value then it returns a Promise for that value.  If you pass it something that is close to a promise (such as a jQuery attempt at a promise) it returns a Promise that takes on the state of `value` (rejected or fulfilled).\n\n#### Promise.reject(value)\n\nReturns a rejected promise with the given value.\n\n#### Promise.all(array)\n\nReturns a promise for an array.  If it is called with a single argument that `Array.isArray` then this returns a promise for a copy of that array with any promises replaced by their fulfilled values.  e.g.\n\n```js\nPromise.all([Promise.resolve('a'), 'b', Promise.resolve('c')])\n  .then(function (res) {\n    assert(res[0] === 'a')\n    assert(res[1] === 'b')\n    assert(res[2] === 'c')\n  })\n```\n\n#### Promise.denodeify(fn)\n\n_Non Standard_\n\nTakes a function which accepts a node style callback and returns a new function that returns a promise instead.\n\ne.g.\n\n```javascript\nvar fs = require('fs')\n\nvar read = Promise.denodeify(fs.readFile)\nvar write = Promise.denodeify(fs.writeFile)\n\nvar p = read('foo.json', 'utf8')\n  .then(function (str) {\n    return write('foo.json', JSON.stringify(JSON.parse(str), null, '  '), 'utf8')\n  })\n```\n\n#### Promise.nodeify(fn)\n\n_Non Standard_\n\nThe twin to `denodeify` is useful when you want to export an API that can be used by people who haven't learnt about the brilliance of promises yet.\n\n```javascript\nmodule.exports = Promise.nodeify(awesomeAPI)\nfunction awesomeAPI(a, b) {\n  return download(a, b)\n}\n```\n\nIf the last argument passed to `module.exports` is a function, then it will be treated like a node.js callback and not parsed on to the child function, otherwise the API will just return a promise.\n\n### Prototype Methods\n\nThese methods are invoked on a promise instance by calling `myPromise.methodName`\n\n### Promise#then(onFulfilled, onRejected)\n\nThis method follows the [Promises/A+ spec](http://promises-aplus.github.io/promises-spec/).  It explains things very clearly so I recommend you read it.\n\nEither `onFulfilled` or `onRejected` will be called and they will not be called more than once.  They will be passed a single argument and will always be called asynchronously (in the next turn of the event loop).\n\nIf the promise is fulfilled then `onFulfilled` is called.  If the promise is rejected then `onRejected` is called.\n\nThe call to `.then` also returns a promise.  If the handler that is called returns a promise, the promise returned by `.then` takes on the state of that returned promise.  If the handler that is called returns a value that is not a promise, the promise returned by `.then` will be fulfilled with that value. If the handler that is called throws an exception then the promise returned by `.then` is rejected with that exception.\n\n#### Promise#catch(onRejected)\n\nSugar for `Promise#then(null, onRejected)`, to mirror `catch` in synchronous code.\n\n#### Promise#done(onFulfilled, onRejected)\n\n_Non Standard_\n\nThe same semantics as `.then` except that it does not return a promise and any exceptions are re-thrown so that they can be logged (crashing the application in non-browser environments)\n\n#### Promise#nodeify(callback)\n\n_Non Standard_\n\nIf `callback` is `null` or `undefined` it just returns `this`.  If `callback` is a function it is called with rejection reason as the first argument and result as the second argument (as per the node.js convention).\n\nThis lets you write API functions that look like:\n\n```javascript\nfunction awesomeAPI(foo, bar, callback) {\n  return internalAPI(foo, bar)\n    .then(parseResult)\n    .then(null, retryErrors)\n    .nodeify(callback)\n}\n```\n\nPeople who use typical node.js style callbacks will be able to just pass a callback and get the expected behavior.  The enlightened people can not pass a callback and will get awesome promises.\n\n## License\n\n  MIT\n","maintainers":[{"name":"forbeslindesay","email":"forbes@lindesay.co.uk"},{"name":"nathan7","email":"nathan@nathan7.eu"}],"time":{"modified":"2015-12-23T02:54:42.143Z","created":"2012-12-25T12:26:01.999Z","1.2.1":"2012-12-25T12:26:04.904Z","1.2.2":"2012-12-25T14:08:06.107Z","1.3.0":"2013-01-06T06:41:50.553Z","2.0.0":"2013-03-05T02:32:42.544Z","3.0.0":"2013-05-14T12:56:57.968Z","3.0.1":"2013-05-27T19:06:50.060Z","3.1.0":"2013-06-27T20:07:49.948Z","3.2.0":"2013-07-02T13:03:21.509Z","4.0.0":"2014-02-10T15:44:14.083Z","5.0.0":"2014-04-27T18:55:02.241Z","6.0.0":"2014-09-09T12:10:10.316Z","6.0.1":"2014-10-17T13:45:59.925Z","6.1.0":"2015-01-14T11:04:23.503Z","7.0.0":"2015-04-07T22:38:36.171Z","7.0.1":"2015-04-22T14:41:14.158Z","7.0.2":"2015-06-15T11:07:16.710Z","7.0.3":"2015-06-15T15:35:54.098Z","7.0.4":"2015-08-04T08:51:00.880Z","7.1.0":"2015-12-23T02:53:53.893Z","7.1.1":"2015-12-23T02:54:42.143Z"},"author":{"name":"ForbesLindesay"},"repository":{"type":"git","url":"https://github.com/then/promise.git"},"readmeFilename":"Readme.md","users":{"charmander":true,"forbeslindesay":true,"voxpelli":true,"d.danailov":true,"redmed":true,"greggman":true,"sitnin":true,"dlaflam":true,"pragmadash":true,"yourhoneysky":true,"artazor":true,"danielhuisman":true,"incar":true,"steindaniel":true,"dormi330":true,"poyhsiao":true,"nathan7":true,"mlm":true,"wangnan0610":true,"n370":true,"tomjamescn":true,"zeke":true,"vitaly.tomilov":true,"junjiansyu":true,"mastayoda":true,"mkay581":true,"blitzprog":true,"dchem":true,"clholzin":true,"rajikaimal":true,"muzzlefork":true,"rbecheras":true,"nice_body":true,"btd":true,"cfen":true,"ibakaidov":true,"quantumchoco":true,"zhoutk":true,"leonning":true,"isaacvitor":true,"wyman2014":true,"tommyzzm":true,"almccann":true,"brad-christie":true,"erikvold":true,"elussich":true,"ozzysun":true,"pandao":true,"nalindak":true,"bjmin":true,"josejaguirre":true,"0x4c3p":true,"fatchat":true,"guananddu":true,"tonyleen":true,"kletchatii":true,"yuxin":true,"cfleschhut":true,"stephn_r":true,"integrity":true,"wkaifang":true,"lardconcepts":true},"homepage":"https://github.com/then/promise","bugs":{"url":"https://github.com/then/promise/issues"},"license":"MIT","_attachments":{},"_etag":"\"BM0W98YZ7Y2M1HVEV7ULHOL1H\""}