{"_id":"domutil","_rev":"66-f8a8795f98e865b4ef157afae4c8b199","name":"domutil","description":"DOM utility functions","dist-tags":{"latest":"1.0.7"},"versions":{"0.0.1":{"name":"domutil","main":"index.js","version":"0.0.1","description":"DOM utility functions","keywords":["dom","utility"],"author":{"name":"Jason Frame","email":"jason@onehackoranother.com","url":"jasonframe.co.uk"},"license":"MIT","repository":{"type":"git","url":"https://github.com/jaz303/domutil.git"},"_id":"domutil@0.0.1","dist":{"shasum":"5ef31ce5cad5d91fd2a4f1f70bffd0d5da3d088f","tarball":"https://registry.npmjs.org/domutil/-/domutil-0.0.1.tgz"},"_from":".","_npmVersion":"1.2.18","_npmUser":{"name":"jaz303","email":"jason@onehackoranother.com"},"maintainers":[{"name":"jaz303","email":"jason@onehackoranother.com"}],"directories":{}},"0.0.2":{"name":"domutil","main":"index.js","version":"0.0.2","description":"DOM utility functions","keywords":["dom","utility"],"author":{"name":"Jason Frame","email":"jason@onehackoranother.com","url":"jasonframe.co.uk"},"license":"MIT","repository":{"type":"git","url":"https://github.com/jaz303/domutil.git"},"_id":"domutil@0.0.2","dist":{"shasum":"d352632f24c634d7898b412530baadc80ff13d3e","tarball":"https://registry.npmjs.org/domutil/-/domutil-0.0.2.tgz"},"_from":".","_npmVersion":"1.2.18","_npmUser":{"name":"jaz303","email":"jason@onehackoranother.com"},"maintainers":[{"name":"jaz303","email":"jason@onehackoranother.com"}],"directories":{}},"0.0.4":{"name":"domutil","main":"index.js","version":"0.0.4","description":"DOM utility functions","keywords":["dom","utility"],"author":{"name":"Jason Frame","email":"jason@onehackoranother.com","url":"jasonframe.co.uk"},"license":"MIT","repository":{"type":"git","url":"https://github.com/jaz303/domutil.git"},"_id":"domutil@0.0.4","dist":{"shasum":"f39b2fde7d5e9922a64927c0e015484728d211bd","tarball":"https://registry.npmjs.org/domutil/-/domutil-0.0.4.tgz"},"_from":".","_npmVersion":"1.2.18","_npmUser":{"name":"jaz303","email":"jason@onehackoranother.com"},"maintainers":[{"name":"jaz303","email":"jason@onehackoranother.com"}],"directories":{}},"0.0.5":{"name":"domutil","main":"index.js","version":"0.0.5","description":"DOM utility functions","keywords":["dom","utility"],"author":{"name":"Jason Frame","email":"jason@onehackoranother.com","url":"jasonframe.co.uk"},"license":"MIT","repository":{"type":"git","url":"https://github.com/jaz303/domutil.git"},"_id":"domutil@0.0.5","dist":{"shasum":"cd3aadb6ed590a590767559e4c05549826f7f227","tarball":"https://registry.npmjs.org/domutil/-/domutil-0.0.5.tgz"},"_from":".","_npmVersion":"1.2.18","_npmUser":{"name":"jaz303","email":"jason@onehackoranother.com"},"maintainers":[{"name":"jaz303","email":"jason@onehackoranother.com"}],"directories":{}},"0.0.6":{"name":"domutil","main":"index.js","version":"0.0.6","description":"DOM utility functions","keywords":["dom","utility"],"author":{"name":"Jason Frame","email":"jason@onehackoranother.com","url":"jasonframe.co.uk"},"license":"MIT","repository":{"type":"git","url":"https://github.com/jaz303/domutil.git"},"_id":"domutil@0.0.6","dist":{"shasum":"f36a82afcd06d160dbda79aa8f2eb1688c8d101b","tarball":"https://registry.npmjs.org/domutil/-/domutil-0.0.6.tgz"},"_from":".","_npmVersion":"1.2.18","_npmUser":{"name":"jaz303","email":"jason@onehackoranother.com"},"maintainers":[{"name":"jaz303","email":"jason@onehackoranother.com"}],"directories":{}},"0.0.7":{"name":"domutil","main":"index.js","version":"0.0.7","description":"DOM utility functions","keywords":["dom","utility"],"author":{"name":"Jason Frame","email":"jason@onehackoranother.com","url":"jasonframe.co.uk"},"license":"MIT","repository":{"type":"git","url":"https://github.com/jaz303/domutil.git"},"_id":"domutil@0.0.7","dist":{"shasum":"66e88eb89d420808a333cfca40dd1893d98d3e2d","tarball":"https://registry.npmjs.org/domutil/-/domutil-0.0.7.tgz"},"_from":".","_npmVersion":"1.2.18","_npmUser":{"name":"jaz303","email":"jason@onehackoranother.com"},"maintainers":[{"name":"jaz303","email":"jason@onehackoranother.com"}],"directories":{}},"0.0.8":{"name":"domutil","main":"index.js","version":"0.0.8","description":"DOM utility functions","keywords":["dom","utility"],"author":{"name":"Jason Frame","email":"jason@onehackoranother.com","url":"jasonframe.co.uk"},"license":"MIT","repository":{"type":"git","url":"https://github.com/jaz303/domutil.git"},"_id":"domutil@0.0.8","dist":{"shasum":"25ac49fd3b6be4f99e56e8df3e8ca69860fb7d0c","tarball":"https://registry.npmjs.org/domutil/-/domutil-0.0.8.tgz"},"_from":".","_npmVersion":"1.2.18","_npmUser":{"name":"jaz303","email":"jason@onehackoranother.com"},"maintainers":[{"name":"jaz303","email":"jason@onehackoranother.com"}],"directories":{}},"0.0.9":{"name":"domutil","main":"index.js","version":"0.0.9","description":"DOM utility functions","keywords":["dom","utility"],"author":{"name":"Jason Frame","email":"jason@onehackoranother.com","url":"jasonframe.co.uk"},"license":"MIT","repository":{"type":"git","url":"https://github.com/jaz303/domutil.git"},"_id":"domutil@0.0.9","dist":{"shasum":"d43cc312d42e4dbb387ea6b0a9394b0e8b64322e","tarball":"https://registry.npmjs.org/domutil/-/domutil-0.0.9.tgz"},"_from":".","_npmVersion":"1.2.18","_npmUser":{"name":"jaz303","email":"jason@onehackoranother.com"},"maintainers":[{"name":"jaz303","email":"jason@onehackoranother.com"}],"directories":{}},"0.0.10":{"name":"domutil","main":"index.js","version":"0.0.10","description":"DOM utility functions","keywords":["dom","utility"],"author":{"name":"Jason Frame","email":"jason@onehackoranother.com","url":"jasonframe.co.uk"},"license":"MIT","repository":{"type":"git","url":"https://github.com/jaz303/domutil.git"},"_id":"domutil@0.0.10","dist":{"shasum":"8f2d3a164ba7ec74a19a32544d6a9e965907e1bb","tarball":"https://registry.npmjs.org/domutil/-/domutil-0.0.10.tgz"},"_from":".","_npmVersion":"1.2.18","_npmUser":{"name":"jaz303","email":"jason@onehackoranother.com"},"maintainers":[{"name":"jaz303","email":"jason@onehackoranother.com"}],"directories":{}},"0.1.0":{"name":"domutil","main":"index.js","version":"0.1.0","description":"DOM utility functions","keywords":["dom","utility"],"author":{"name":"Jason Frame","email":"jason@onehackoranother.com","url":"jasonframe.co.uk"},"license":"MIT","repository":{"type":"git","url":"https://github.com/jaz303/domutil.git"},"bugs":{"url":"https://github.com/jaz303/domutil/issues"},"homepage":"https://github.com/jaz303/domutil","_id":"domutil@0.1.0","dist":{"shasum":"923069bdd7a54a0b718ffa1cb898f41f5849a56e","tarball":"https://registry.npmjs.org/domutil/-/domutil-0.1.0.tgz"},"_from":".","_npmVersion":"1.3.21","_npmUser":{"name":"jaz303","email":"jason@onehackoranother.com"},"maintainers":[{"name":"jaz303","email":"jason@onehackoranother.com"}],"directories":{}},"0.1.1":{"name":"domutil","main":"index.js","version":"0.1.1","description":"DOM utility functions","keywords":["dom","utility"],"author":{"name":"Jason Frame","email":"jason@onehackoranother.com","url":"jasonframe.co.uk"},"license":"MIT","repository":{"type":"git","url":"https://github.com/jaz303/domutil.git"},"bugs":{"url":"https://github.com/jaz303/domutil/issues"},"homepage":"https://github.com/jaz303/domutil","_id":"domutil@0.1.1","dist":{"shasum":"442dcee7f4224cca34002440a2aa02f2302b4b13","tarball":"https://registry.npmjs.org/domutil/-/domutil-0.1.1.tgz"},"_from":".","_npmVersion":"1.3.21","_npmUser":{"name":"jaz303","email":"jason@onehackoranother.com"},"maintainers":[{"name":"jaz303","email":"jason@onehackoranother.com"}],"directories":{}},"0.2.0":{"name":"domutil","main":"index.js","version":"0.2.0","description":"DOM utility functions","keywords":["dom","utility"],"author":{"name":"Jason Frame","email":"jason@onehackoranother.com","url":"jasonframe.co.uk"},"license":"MIT","repository":{"type":"git","url":"https://github.com/jaz303/domutil.git"},"bugs":{"url":"https://github.com/jaz303/domutil/issues"},"homepage":"https://github.com/jaz303/domutil","_id":"domutil@0.2.0","dist":{"shasum":"44e2ddb43b14886bc3f9fa225be5ce7e6d419d70","tarball":"https://registry.npmjs.org/domutil/-/domutil-0.2.0.tgz"},"_from":".","_npmVersion":"1.3.21","_npmUser":{"name":"jaz303","email":"jason@onehackoranother.com"},"maintainers":[{"name":"jaz303","email":"jason@onehackoranother.com"}],"directories":{}},"0.2.1":{"name":"domutil","main":"index.js","version":"0.2.1","description":"DOM utility functions","keywords":["dom","utility"],"author":{"name":"Jason Frame","email":"jason@onehackoranother.com","url":"jasonframe.co.uk"},"license":"MIT","repository":{"type":"git","url":"https://github.com/jaz303/domutil.git"},"bugs":{"url":"https://github.com/jaz303/domutil/issues"},"homepage":"https://github.com/jaz303/domutil","_id":"domutil@0.2.1","dist":{"shasum":"bcfd2978a058c799d0dcd8ee7962a974fcbe2949","tarball":"https://registry.npmjs.org/domutil/-/domutil-0.2.1.tgz"},"_from":".","_npmVersion":"1.3.21","_npmUser":{"name":"jaz303","email":"jason@onehackoranother.com"},"maintainers":[{"name":"jaz303","email":"jason@onehackoranother.com"}],"directories":{}},"0.3.0":{"name":"domutil","main":"index.js","version":"0.3.0","description":"DOM utility functions","scripts":{"watch-demo-js":"watchify test/main.js -o test/bundle.js"},"keywords":["dom","utility"],"author":{"name":"Jason Frame","email":"jason@onehackoranother.com","url":"jasonframe.co.uk"},"license":"MIT","repository":{"type":"git","url":"https://github.com/jaz303/domutil.git"},"devDependencies":{"uglify-js":"~2.4.14","tape":"~2.13.3"},"bugs":{"url":"https://github.com/jaz303/domutil/issues"},"homepage":"https://github.com/jaz303/domutil","_id":"domutil@0.3.0","dist":{"shasum":"3f8e239081ad5ffaa15ce4da4aac3c4e12755765","tarball":"https://registry.npmjs.org/domutil/-/domutil-0.3.0.tgz"},"_from":".","_npmVersion":"1.3.21","_npmUser":{"name":"jaz303","email":"jason@onehackoranother.com"},"maintainers":[{"name":"jaz303","email":"jason@onehackoranother.com"}],"directories":{}},"0.3.1":{"name":"domutil","main":"index.js","version":"0.3.1","description":"DOM utility functions","scripts":{"watch-demo-js":"watchify test/main.js -o test/bundle.js"},"keywords":["dom","utility"],"author":{"name":"Jason Frame","email":"jason@onehackoranother.com","url":"jasonframe.co.uk"},"license":"MIT","repository":{"type":"git","url":"https://github.com/jaz303/domutil.git"},"devDependencies":{"uglify-js":"~2.4.14","tape":"~2.13.3"},"bugs":{"url":"https://github.com/jaz303/domutil/issues"},"homepage":"https://github.com/jaz303/domutil","_id":"domutil@0.3.1","dist":{"shasum":"294d33c0a416cb4b58ba416d1712ef03c3bead99","tarball":"https://registry.npmjs.org/domutil/-/domutil-0.3.1.tgz"},"_from":".","_npmVersion":"1.3.21","_npmUser":{"name":"jaz303","email":"jason@onehackoranother.com"},"maintainers":[{"name":"jaz303","email":"jason@onehackoranother.com"}],"directories":{}},"0.3.2":{"name":"domutil","main":"index.js","version":"0.3.2","description":"DOM utility functions","scripts":{"watch-demo-js":"watchify test/main.js -o test/bundle.js"},"keywords":["dom","utility"],"author":{"name":"Jason Frame","email":"jason@onehackoranother.com","url":"jasonframe.co.uk"},"license":"MIT","repository":{"type":"git","url":"https://github.com/jaz303/domutil.git"},"devDependencies":{"uglify-js":"~2.4.14","tape":"~2.13.3"},"bugs":{"url":"https://github.com/jaz303/domutil/issues"},"homepage":"https://github.com/jaz303/domutil","_id":"domutil@0.3.2","dist":{"shasum":"97c10f801911927fbdc61b18aa8ee00e2639f92e","tarball":"https://registry.npmjs.org/domutil/-/domutil-0.3.2.tgz"},"_from":".","_npmVersion":"1.3.21","_npmUser":{"name":"jaz303","email":"jason@onehackoranother.com"},"maintainers":[{"name":"jaz303","email":"jason@onehackoranother.com"}],"directories":{}},"0.3.3":{"name":"domutil","main":"index.js","version":"0.3.3","description":"DOM utility functions","scripts":{"watch-demo-js":"watchify test/main.js -o test/bundle.js"},"keywords":["dom","utility"],"author":{"name":"Jason Frame","email":"jason@onehackoranother.com","url":"jasonframe.co.uk"},"license":"MIT","repository":{"type":"git","url":"https://github.com/jaz303/domutil.git"},"devDependencies":{"uglify-js":"~2.4.14","tape":"~2.13.3"},"bugs":{"url":"https://github.com/jaz303/domutil/issues"},"homepage":"https://github.com/jaz303/domutil","_id":"domutil@0.3.3","dist":{"shasum":"d00e476d5d5cf68573d7e711bfb59e4a4eece8d8","tarball":"https://registry.npmjs.org/domutil/-/domutil-0.3.3.tgz"},"_from":".","_npmVersion":"1.3.21","_npmUser":{"name":"jaz303","email":"jason@onehackoranother.com"},"maintainers":[{"name":"jaz303","email":"jason@onehackoranother.com"}],"directories":{}},"0.3.4":{"name":"domutil","main":"index.js","version":"0.3.4","description":"DOM utility functions","scripts":{"watch-demo-js":"watchify test/main.js -o test/bundle.js"},"keywords":["dom","utility"],"author":{"name":"Jason Frame","email":"jason@onehackoranother.com","url":"jasonframe.co.uk"},"license":"MIT","repository":{"type":"git","url":"https://github.com/jaz303/domutil.git"},"devDependencies":{"uglify-js":"~2.4.14","tape":"~2.13.3"},"bugs":{"url":"https://github.com/jaz303/domutil/issues"},"homepage":"https://github.com/jaz303/domutil","_id":"domutil@0.3.4","dist":{"shasum":"5f14059a84cb04e53c2d24e6146b694915125d7b","tarball":"https://registry.npmjs.org/domutil/-/domutil-0.3.4.tgz"},"_from":".","_npmVersion":"1.3.21","_npmUser":{"name":"jaz303","email":"jason@onehackoranother.com"},"maintainers":[{"name":"jaz303","email":"jason@onehackoranother.com"}],"directories":{}},"0.3.5":{"name":"domutil","main":"index.js","version":"0.3.5","description":"DOM utility functions","scripts":{"watch-demo-js":"watchify test/main.js -o test/bundle.js"},"keywords":["dom","utility"],"author":{"name":"Jason Frame","email":"jason@onehackoranother.com","url":"jasonframe.co.uk"},"license":"MIT","repository":{"type":"git","url":"https://github.com/jaz303/domutil.git"},"devDependencies":{"uglify-js":"~2.4.14","tape":"~2.13.3"},"bugs":{"url":"https://github.com/jaz303/domutil/issues"},"homepage":"https://github.com/jaz303/domutil","_id":"domutil@0.3.5","dist":{"shasum":"3efb2227b0f7e32fa224fc189632af264ea2ef8a","tarball":"https://registry.npmjs.org/domutil/-/domutil-0.3.5.tgz"},"_from":".","_npmVersion":"1.3.21","_npmUser":{"name":"jaz303","email":"jason@onehackoranother.com"},"maintainers":[{"name":"jaz303","email":"jason@onehackoranother.com"}],"directories":{}},"0.3.6":{"name":"domutil","main":"index.js","version":"0.3.6","description":"DOM utility functions","scripts":{"watch-demo-js":"watchify test/main.js -o test/bundle.js"},"keywords":["dom","utility"],"author":{"name":"Jason Frame","email":"jason@onehackoranother.com","url":"jasonframe.co.uk"},"license":"MIT","repository":{"type":"git","url":"https://github.com/jaz303/domutil.git"},"devDependencies":{"uglify-js":"~2.4.14","tape":"~2.13.3"},"gitHead":"52582ed8778505d4ba83713a878abf293b540606","bugs":{"url":"https://github.com/jaz303/domutil/issues"},"homepage":"https://github.com/jaz303/domutil","_id":"domutil@0.3.6","_shasum":"40f69e2953aa5cd3413bd90752f540ee98867152","_from":".","_npmVersion":"2.0.0-alpha-5","_npmUser":{"name":"jaz303","email":"jason@onehackoranother.com"},"maintainers":[{"name":"jaz303","email":"jason@onehackoranother.com"}],"dist":{"shasum":"40f69e2953aa5cd3413bd90752f540ee98867152","tarball":"https://registry.npmjs.org/domutil/-/domutil-0.3.6.tgz"},"directories":{}},"0.3.7":{"name":"domutil","main":"index.js","version":"0.3.7","description":"DOM utility functions","scripts":{"watch-demo-js":"watchify test/main.js -o test/bundle.js"},"keywords":["dom","utility"],"author":{"name":"Jason Frame","email":"jason@onehackoranother.com","url":"jasonframe.co.uk"},"license":"MIT","repository":{"type":"git","url":"https://github.com/jaz303/domutil.git"},"devDependencies":{"uglify-js":"~2.4.14","tape":"~2.13.3"},"gitHead":"08f1f2ed30cd737479b0b42767565985d1bf60c1","bugs":{"url":"https://github.com/jaz303/domutil/issues"},"homepage":"https://github.com/jaz303/domutil","_id":"domutil@0.3.7","_shasum":"24cf168d6377efb6d6745a664f6e4e597ee8a7d7","_from":".","_npmVersion":"2.0.0-alpha-5","_npmUser":{"name":"jaz303","email":"jason@onehackoranother.com"},"maintainers":[{"name":"jaz303","email":"jason@onehackoranother.com"}],"dist":{"shasum":"24cf168d6377efb6d6745a664f6e4e597ee8a7d7","tarball":"https://registry.npmjs.org/domutil/-/domutil-0.3.7.tgz"},"directories":{}},"0.3.8":{"name":"domutil","main":"index.js","version":"0.3.8","description":"DOM utility functions","scripts":{"watch-demo-js":"watchify test/main.js -o test/bundle.js"},"keywords":["dom","utility"],"author":{"name":"Jason Frame","email":"jason@onehackoranother.com","url":"jasonframe.co.uk"},"license":"MIT","repository":{"type":"git","url":"https://github.com/jaz303/domutil.git"},"devDependencies":{"uglify-js":"~2.4.14","tape":"~2.13.3"},"gitHead":"940ba9935db10f7efffb57335cab99a23cbd8f63","bugs":{"url":"https://github.com/jaz303/domutil/issues"},"homepage":"https://github.com/jaz303/domutil","_id":"domutil@0.3.8","_shasum":"fafd6597b9e24e7198c4e1e78f840dfba07c9544","_from":".","_npmVersion":"2.0.0-alpha-5","_npmUser":{"name":"jaz303","email":"jason@onehackoranother.com"},"maintainers":[{"name":"jaz303","email":"jason@onehackoranother.com"}],"dist":{"shasum":"fafd6597b9e24e7198c4e1e78f840dfba07c9544","tarball":"https://registry.npmjs.org/domutil/-/domutil-0.3.8.tgz"},"directories":{}},"1.0.0":{"name":"domutil","main":"index.js","version":"1.0.0","description":"DOM utility functions","scripts":{"watch-demo-js":"watchify test/main.js -o test/bundle.js"},"keywords":["dom","utility"],"author":{"name":"Jason Frame","email":"jason@onehackoranother.com","url":"jasonframe.co.uk"},"license":"MIT","repository":{"type":"git","url":"https://github.com/jaz303/domutil.git"},"devDependencies":{"uglify-js":"~2.4.14","tape":"~2.13.3"},"gitHead":"1a306e326e325737e4173604b71938b22f25168a","bugs":{"url":"https://github.com/jaz303/domutil/issues"},"homepage":"https://github.com/jaz303/domutil","_id":"domutil@1.0.0","_shasum":"5fdd5324a36b0c79edb9d8dca55e88d2d2171ac9","_from":".","_npmVersion":"2.0.0-alpha-5","_npmUser":{"name":"jaz303","email":"jason@onehackoranother.com"},"maintainers":[{"name":"jaz303","email":"jason@onehackoranother.com"}],"dist":{"shasum":"5fdd5324a36b0c79edb9d8dca55e88d2d2171ac9","tarball":"https://registry.npmjs.org/domutil/-/domutil-1.0.0.tgz"},"directories":{}},"1.0.1":{"name":"domutil","main":"index.js","version":"1.0.1","description":"DOM utility functions","scripts":{"watch-demo-js":"watchify test/main.js -o test/bundle.js"},"keywords":["dom","utility"],"author":{"name":"Jason Frame","email":"jason@onehackoranother.com","url":"jasonframe.co.uk"},"license":"MIT","repository":{"type":"git","url":"https://github.com/jaz303/domutil.git"},"devDependencies":{"uglify-js":"~2.4.14","tape":"~2.13.3"},"gitHead":"132d008b9c774737ee05a3ef41f187935e978e10","bugs":{"url":"https://github.com/jaz303/domutil/issues"},"homepage":"https://github.com/jaz303/domutil","_id":"domutil@1.0.1","_shasum":"970a6134c7a0975ce904baa37689e0b454568d77","_from":".","_npmVersion":"2.0.0-alpha-5","_npmUser":{"name":"jaz303","email":"jason@onehackoranother.com"},"maintainers":[{"name":"jaz303","email":"jason@onehackoranother.com"}],"dist":{"shasum":"970a6134c7a0975ce904baa37689e0b454568d77","tarball":"https://registry.npmjs.org/domutil/-/domutil-1.0.1.tgz"},"directories":{}},"1.0.2":{"name":"domutil","main":"index.js","version":"1.0.2","description":"DOM utility functions","scripts":{"watch-demo-js":"watchify test/main.js -o test/bundle.js"},"keywords":["dom","utility"],"author":{"name":"Jason Frame","email":"jason@onehackoranother.com","url":"jasonframe.co.uk"},"license":"MIT","repository":{"type":"git","url":"https://github.com/jaz303/domutil.git"},"devDependencies":{"uglify-js":"~2.4.14","tape":"~2.13.3"},"gitHead":"a68d344162e9488e9fd38210f27629cdd1b1c141","bugs":{"url":"https://github.com/jaz303/domutil/issues"},"homepage":"https://github.com/jaz303/domutil","_id":"domutil@1.0.2","_shasum":"44ea522f3ad0b700834381e9fe8a772cfd96c9d9","_from":".","_npmVersion":"2.0.0-beta.2","_npmUser":{"name":"jaz303","email":"jason@onehackoranother.com"},"maintainers":[{"name":"jaz303","email":"jason@onehackoranother.com"}],"dist":{"shasum":"44ea522f3ad0b700834381e9fe8a772cfd96c9d9","tarball":"https://registry.npmjs.org/domutil/-/domutil-1.0.2.tgz"},"directories":{}},"1.0.3":{"name":"domutil","main":"index.js","version":"1.0.3","description":"DOM utility functions","scripts":{"watch-demo-js":"watchify test/main.js -o test/bundle.js"},"keywords":["dom","utility"],"author":{"name":"Jason Frame","email":"jason@onehackoranother.com","url":"jasonframe.co.uk"},"license":"MIT","repository":{"type":"git","url":"https://github.com/jaz303/domutil.git"},"devDependencies":{"uglify-js":"~2.4.14","tape":"~2.13.3"},"gitHead":"f1070fd3fd03ef88f6f8457d52a3448079a3e400","bugs":{"url":"https://github.com/jaz303/domutil/issues"},"homepage":"https://github.com/jaz303/domutil","_id":"domutil@1.0.3","_shasum":"10798bc2b051a1b8d56bd6891c4815dad37f7bd8","_from":".","_npmVersion":"2.0.0-beta.2","_npmUser":{"name":"jaz303","email":"jason@onehackoranother.com"},"maintainers":[{"name":"jaz303","email":"jason@onehackoranother.com"}],"dist":{"shasum":"10798bc2b051a1b8d56bd6891c4815dad37f7bd8","tarball":"https://registry.npmjs.org/domutil/-/domutil-1.0.3.tgz"},"directories":{}},"1.0.4":{"name":"domutil","main":"index.js","version":"1.0.4","description":"DOM utility functions","scripts":{"watch-demo-js":"watchify test/main.js -o test/bundle.js"},"keywords":["dom","utility"],"author":{"name":"Jason Frame","email":"jason@onehackoranother.com","url":"jasonframe.co.uk"},"license":"MIT","repository":{"type":"git","url":"https://github.com/jaz303/domutil.git"},"devDependencies":{"uglify-js":"~2.4.14","tape":"~2.13.3"},"gitHead":"68b39721b6a952537109a7e76047e0c4dafe2e87","bugs":{"url":"https://github.com/jaz303/domutil/issues"},"homepage":"https://github.com/jaz303/domutil","_id":"domutil@1.0.4","_shasum":"c99215f865e935a1b325751546321fecb753d206","_from":".","_npmVersion":"2.0.0-beta.2","_npmUser":{"name":"jaz303","email":"jason@onehackoranother.com"},"maintainers":[{"name":"jaz303","email":"jason@onehackoranother.com"}],"dist":{"shasum":"c99215f865e935a1b325751546321fecb753d206","tarball":"https://registry.npmjs.org/domutil/-/domutil-1.0.4.tgz"},"directories":{}},"1.0.6":{"name":"domutil","main":"index.js","version":"1.0.6","description":"DOM utility functions","scripts":{"watch-demo-js":"watchify test/main.js -o test/bundle.js"},"keywords":["dom","utility"],"author":{"name":"Jason Frame","email":"jason@onehackoranother.com","url":"jasonframe.co.uk"},"license":"MIT","repository":{"type":"git","url":"https://github.com/jaz303/domutil.git"},"devDependencies":{"uglify-js":"~2.4.14","tape":"~2.13.3"},"gitHead":"22cbbc2290f30a86d4d9c8edfd9edf438100e6cd","bugs":{"url":"https://github.com/jaz303/domutil/issues"},"homepage":"https://github.com/jaz303/domutil","_id":"domutil@1.0.6","_shasum":"e5482e81c9c16cca5a6e5313630ff5a9ef4e27f2","_from":".","_npmVersion":"2.0.0-beta.2","_npmUser":{"name":"jaz303","email":"jason@onehackoranother.com"},"maintainers":[{"name":"jaz303","email":"jason@onehackoranother.com"}],"dist":{"shasum":"e5482e81c9c16cca5a6e5313630ff5a9ef4e27f2","tarball":"https://registry.npmjs.org/domutil/-/domutil-1.0.6.tgz"},"directories":{}},"1.0.7":{"name":"domutil","main":"index.js","version":"1.0.7","description":"DOM utility functions","scripts":{"watch-demo-js":"watchify test/main.js -o test/bundle.js"},"keywords":["dom","utility"],"author":{"name":"Jason Frame","email":"jason@onehackoranother.com","url":"jasonframe.co.uk"},"license":"MIT","repository":{"type":"git","url":"https://github.com/jaz303/domutil.git"},"devDependencies":{"uglify-js":"~2.4.14","tape":"~2.13.3"},"dependencies":{"dom-bind":"^1.0.0","dom-matchesselector":"^1.0.0"},"gitHead":"5283e1e450200d0810644ceed477ec66916304fd","bugs":{"url":"https://github.com/jaz303/domutil/issues"},"homepage":"https://github.com/jaz303/domutil","_id":"domutil@1.0.7","_shasum":"2941ae55bad867950dbb5082128220f149f7c8a1","_from":".","_npmVersion":"2.0.0-beta.2","_npmUser":{"name":"jaz303","email":"jason@onehackoranother.com"},"maintainers":[{"name":"jaz303","email":"jason@onehackoranother.com"}],"dist":{"shasum":"2941ae55bad867950dbb5082128220f149f7c8a1","tarball":"https://registry.npmjs.org/domutil/-/domutil-1.0.7.tgz"},"directories":{}}},"readme":"# domutil\n\nSimple standalone DOM utility functions, mostly ripped from jQuery.\n\n## Installation\n\nBrowserify recommended.\n\n\t$ npm install domutil\n\nIn the codes:\n\n\tvar du = require('domutil');\n\n## API\n\n### Classes\n\n#### `du.hasClass(el, className)`\n\n#### `du.addClass(el, className)`\n\n#### `du.removeClass(el, className)`\n\n#### `du.toggleClass(el, className)`\n\n#### `du.removeMatchingClasses(el, regexp)`\n\nRemove all classes on element that match `regexp`.\n\n### Events\n\n#### `du.bind(el, evtType, cb, [useCapture])`\n\n#### `du.bind_c(el, evtType, cb, [useCapture])`\n\nAs above, but returns a cancellation function.\n\n#### `du.delegate(el, evtType, selector, cb, [useCapture])`\n\n#### `du.delegate_c(el, evtType, selector, cb, [useCapture])`\n\nAs above, but returns a cancellation function.\n\n#### `du.unbind(el, evtType, cb, [useCapture])`\n\n#### `du.stop(evt)`\n\nShortcut for:\n\n\tevt.preventDefault();\n\tevt.stopPropagation();\n\n### Layout\n\n#### `du.setRect(el, x, y, width, height)`\n\nShortcut for:\n\n\tdu.setPosition(el, x, y);\n\tdu.setSize(el, width, height);\n\n#### `du.setPosition(el, x, y)`\n\n#### `du.setSize(el, width, height)`\n\n#### `du.isHidden(el)`\n\nFast check for `el.offsetWidth === 0 || el.offsetHeight === 0`. This is the same test used by jQuery's `:visible` pseudo-selector.\n\nThis will detect elements that have been hidden directly with `display: none` or `visibility: hidden`. It also seems to work with elements whose ancestors have been hidden with `display: none`.\n\nFalse positives will be reported for elements which have zero height or width.\n\n#### `du.isVisible(el)`\n\nInverse of `du.isHidden(el)`.\n\n### Matches Selector\n\n#### `du.matchesSelector(selector, el)`\n\n### Node\n\n#### `du.append(el, content)`\n\nAppend `content` to `el`. `content` may be a text string, HTML string, DOM node, `DocumentFragment`, or an array of the aforementioned.\n\n#### `du.clear(el)`\n\nRemove all child nodes of `el`.\n\n#### `du.isElement(thing)`\n\n#### `du.replace(oldEl, newEl)`\n\nReplace `oldEl` with `newEl`.\n\n#### `du.content(el, content)`\n\nSet all children of `el`. Equivalent to `du.clear(el); du.append(el, content)`.\n\n### Style\n\n#### `du.style(el, attribute, value)`\n\nEquivalent to `el.style[attribute] = value`. If `value` is a number, `px` will be appended.\n\n#### `du.style(el, attributes)`\n\nAssign all key/value pairs of `attributes` to `el.style`.\n\n#### `du.removeStyle(el, attribute)`\n\nRemove style `attribute` from `el`.\n\n### Text\n\n#### `du.getText(el)`\n\n#### `du.text(el, text)`\n\n### Viewport\n\n#### `du.viewportSize()`","maintainers":[{"name":"jaz303","email":"jason@onehackoranother.com"}],"time":{"modified":"2014-09-09T11:08:15.266Z","created":"2013-08-03T12:11:41.642Z","0.0.1":"2013-08-03T12:11:45.131Z","0.0.2":"2013-08-03T12:14:51.708Z","0.0.4":"2013-08-03T12:23:28.864Z","0.0.5":"2013-08-03T14:06:05.603Z","0.0.6":"2013-08-19T20:28:38.314Z","0.0.7":"2013-09-09T15:56:45.427Z","0.0.8":"2013-09-22T14:13:52.055Z","0.0.9":"2013-11-12T11:59:50.093Z","0.0.10":"2013-11-12T12:01:26.622Z","0.1.0":"2014-02-16T02:21:46.026Z","0.1.1":"2014-02-16T02:23:31.962Z","0.2.0":"2014-02-28T09:10:38.006Z","0.2.1":"2014-03-04T00:01:47.464Z","0.3.0":"2014-06-27T19:38:11.435Z","0.3.1":"2014-06-27T19:40:00.441Z","0.3.2":"2014-06-27T23:30:05.876Z","0.3.3":"2014-07-09T19:42:54.434Z","0.3.4":"2014-07-10T12:51:02.310Z","0.3.5":"2014-07-15T17:45:35.171Z","0.3.6":"2014-08-06T07:03:26.808Z","0.3.7":"2014-08-14T22:06:29.020Z","0.3.8":"2014-08-15T09:47:21.724Z","1.0.0":"2014-08-15T09:54:11.263Z","1.0.1":"2014-08-21T21:54:41.905Z","1.0.2":"2014-09-08T10:01:05.150Z","1.0.3":"2014-09-08T10:10:26.571Z","1.0.4":"2014-09-08T10:37:37.200Z","1.0.5":"2014-09-08T14:28:58.077Z","1.0.6":"2014-09-09T10:07:01.309Z","1.0.7":"2014-09-09T11:08:15.266Z"},"author":{"name":"Jason Frame","email":"jason@onehackoranother.com","url":"jasonframe.co.uk"},"repository":{"type":"git","url":"https://github.com/jaz303/domutil.git"},"readmeFilename":"README.md","homepage":"https://github.com/jaz303/domutil","keywords":["dom","utility"],"bugs":{"url":"https://github.com/jaz303/domutil/issues"},"license":"MIT","users":{"yohkkan":true,"hustler":true,"adrienhobbs":true},"_attachments":{},"_etag":"W/\"540edf9f-7048\"","_lastModified":"Tue, 09 Sep 2014 11:08:15 GMT"}