{"digest":"4ae9152ce195c78a285b0c44d561835f290ddab0","css":".scrollbars-visible-always .markdown-preview atom-text-editor::shadow .vertical-scrollbar,\n.scrollbars-visible-always .markdown-preview atom-text-editor::shadow .horizontal-scrollbar {\n  visibility: hidden;\n}\n.scrollbars-visible-always .markdown-preview atom-text-editor:hover::shadow .vertical-scrollbar,\n.scrollbars-visible-always .markdown-preview atom-text-editor:hover::shadow .horizontal-scrollbar {\n  visibility: visible;\n}\n.markdown-spinner {\n  margin: auto;\n  background-image: url(images/octocat-spinner-128.gif);\n  background-repeat: no-repeat;\n  background-size: 64px;\n  background-position: top center;\n  padding-top: 70px;\n  text-align: center;\n}\n","imports":[{"path":"static\\variables\\ui-variables.less","digest":"a51b652b59d33fcd2efa2fd725a78735dbbcf655"},{"path":"static\\variables\\syntax-variables.less","digest":"161404ff92113205d84a38441681ded1e4527102"}],"version":1}