{"digest":"5361934e6bdd2805e3e9e1e9d69541ae0ef76840","css":"atom-text-editor::shadow .wrap-guide {\n  height: 100%;\n  width: 1px;\n  z-index: 3;\n  position: absolute;\n  top: 0;\n  background-color: #3b3a32;\n  -webkit-transform: translateZ(0);\n}\n","imports":[{"path":"static/variables/ui-variables.less","digest":"c6d5219b02cf3129dbc56c526ad6541ba4e237e6"},{"path":"static/variables/syntax-variables.less","digest":"812c1b7883a023f768773d14294653adcdb932d7"},{"path":"/home/oabraaobatista/.atom/packages/itg-dark-syntax/styles/syntax-variables.less","digest":"118b23aa0d349df2e906526ebc14bfdc5ff57e47"}],"version":1}