{"digest":"d24ad9f1d18fa77b11c2a4ff859fb9cceeb0e11d","css":"atom-text-editor .gutter .line-number.bookmarked .icon-right,\natom-text-editor::shadow .gutter .line-number.bookmarked .icon-right {\n  visibility: visible;\n}\natom-text-editor .gutter .line-number.bookmarked .icon-right:before,\natom-text-editor::shadow .gutter .line-number.bookmarked .icon-right:before {\n  content: \"\\f07b\";\n  color: #09C;\n}\n.bookmarks-view .bookmark .line-text {\n  font-family: monospace;\n}\n","imports":[{"path":"static\\variables\\ui-variables.less","digest":"a51b652b59d33fcd2efa2fd725a78735dbbcf655"},{"path":"static\\variables\\syntax-variables.less","digest":"161404ff92113205d84a38441681ded1e4527102"},{"path":"static\\variables\\octicon-utf-codes.less","digest":"91a1e38c4baeb67a3d375ddbfda25243085b4e51"}],"version":1}