{"digest":"7d3ae4656e65bc82e6788fb06860990ab9b65e4d","css":".welcome {\n  display: flex;\n  font-size: 1.25em;\n  line-height: 1.4;\n  color: #9ea3b3;\n  background-color: #272a32;\n  overflow-x: auto;\n}\n.welcome p {\n  line-height: inherit;\n}\n.welcome a {\n  color: #6494ed;\n}\n.welcome ul {\n  padding-left: 2em;\n}\n.welcome-container {\n  width: 100%;\n  max-width: 580px;\n  min-width: 300px;\n  margin: auto;\n  padding: 3em 2em;\n}\n.welcome-header {\n  margin: 0 0 6em 0;\n}\n.welcome-logo {\n  display: block;\n  width: 100%;\n  max-width: 280px;\n  margin: 0 auto 2em auto;\n  color: #d7d9e0;\n}\n.welcome-title {\n  font-size: 1.4em;\n  text-align: center;\n  line-height: 1.3;\n  margin: 1em 0;\n}\n.welcome-card {\n  margin: 1em 0;\n  border-radius: 6px;\n  border: 1px solid #17191e;\n  background-color: #2e313b;\n}\n.welcome-summary {\n  padding: 1em 1.5em;\n  font-size: 1.1em;\n  font-weight: 300;\n  line-height: 1.2;\n  cursor: pointer;\n}\n.welcome-summary:hover {\n  color: #a9aebc;\n}\n.welcome-summary::-webkit-details-marker {\n  display: none;\n}\n.welcome-summary:before {\n  width: 20px;\n  color: rgba(158, 163, 179, 0.6);\n}\ndetails[open] .welcome-summary:before {\n  color: #d7d9e0;\n}\ndetails[open] .welcome-summary {\n  color: #d7d9e0;\n}\n.welcome-highlight {\n  color: #d7d9e0;\n}\n.welcome-detail {\n  border-top: 1px solid #17191e;\n  padding: 1.5em;\n}\n.welcome-detail .welcome-note {\n  margin-bottom: 0;\n}\n.welcome-img {\n  display: block;\n  max-width: 100%;\n  border-radius: 3px;\n  margin: 0 0 1em 0;\n  border: 1px solid #17191e;\n}\n.welcome-key {\n  display: inline-block;\n  padding: .3em .4em;\n  font-size: .8em;\n  line-height: 1;\n  border-radius: 3px;\n  color: #d7d9e0;\n  border: 1px solid rgba(158, 163, 179, 0.6);\n  background: rgba(0, 0, 0, 0.1);\n}\n.welcome-note {\n  font-size: .86em;\n  color: rgba(158, 163, 179, 0.6);\n}\n.welcome-metrics {\n  margin-top: 2em;\n}\n.welcome-footer {\n  text-align: center;\n}\n","imports":[{"path":"static\\variables\\ui-variables.less","digest":"a51b652b59d33fcd2efa2fd725a78735dbbcf655"},{"path":"static\\variables\\syntax-variables.less","digest":"161404ff92113205d84a38441681ded1e4527102"},{"path":"node_modules\\one-dark-ui\\styles\\ui-variables.less","digest":"167b76db825c0cf96e489ecebedd0723861ea9cc"},{"path":"C:\\Users\\Abraão Batista\\.atom\\packages\\itg-dark-syntax\\styles\\syntax-variables.less","digest":"118b23aa0d349df2e906526ebc14bfdc5ff57e47"}],"version":1}