{"digest":"5361934e6bdd2805e3e9e1e9d69541ae0ef76840","css":"atom-text-editor::shadow .wrap-guide {\n  height: 100%;\n  width: 1px;\n  z-index: 3;\n  position: absolute;\n  top: 0;\n  background-color: #3b3a32;\n  -webkit-transform: translateZ(0);\n}\n","imports":[{"path":"static\\variables\\ui-variables.less","digest":"a51b652b59d33fcd2efa2fd725a78735dbbcf655"},{"path":"static\\variables\\syntax-variables.less","digest":"161404ff92113205d84a38441681ded1e4527102"},{"path":"C:\\Users\\Abraão Batista\\.atom\\packages\\itg-dark-syntax\\styles\\syntax-variables.less","digest":"118b23aa0d349df2e906526ebc14bfdc5ff57e47"}],"version":1}