{"_id":"ansi-html-stream","_rev":"6-73b699faebb2b6304aff68ae6c9b8546","name":"ansi-html-stream","description":"Stream ANSI terminal output to an HTML format.","dist-tags":{"latest":"0.0.3"},"versions":{"0.0.1":{"name":"ansi-html-stream","version":"0.0.1","description":"Stream ANSI terminal output to an HTML format.","main":"index.js","scripts":{"test":"node_modules/.bin/mocha -u tdd --reporter spec -c test.js"},"repository":{"type":"git","url":"https://github.com/hughsk/ansi-html-stream.git"},"bin":{"ansi-html":"bin/ansi-html"},"keywords":["ansi","html","stream","console"],"author":{"name":"Hugh Kennedy","email":"hughskennedy@gmail.com","url":"http://hughskennedy.com"},"license":"MIT","dependencies":{"map-stream":"0.0.1","escape-html":"0.0.1","special-html":"0.0.1","xtend":"~1.0.3","split":"~0.1.0","clone":"git+ssh://git@github.com:hughsk/node-clone.git#buffercheck"},"devDependencies":{"colors":"~0.6.0-1","mocha":"~1.7.4"},"_id":"ansi-html-stream@0.0.1","dist":{"shasum":"cc318b3e069d506bc3a6d8898bcd169e13f9eb5a","tarball":"https://registry.npmjs.org/ansi-html-stream/-/ansi-html-stream-0.0.1.tgz"},"maintainers":[{"name":"hughsk","email":"hughskennedy@gmail.com"}],"directories":{}},"0.0.2":{"name":"ansi-html-stream","version":"0.0.2","description":"Stream ANSI terminal output to an HTML format.","main":"index.js","scripts":{"test":"node_modules/.bin/mocha -u tdd --reporter spec -c test.js"},"repository":{"type":"git","url":"https://github.com/hughsk/ansi-html-stream.git"},"bin":{"ansi-html":"bin/ansi-html"},"keywords":["ansi","html","stream","console"],"author":{"name":"Hugh Kennedy","email":"hughskennedy@gmail.com","url":"http://hughskennedy.com"},"license":"MIT","dependencies":{"map-stream":"~0.0.1","escape-html":"0.0.1","special-html":"0.0.1","xtend":"~1.0.3","split":"~0.1.0","clone":"0.1.6"},"devDependencies":{"colors":"~0.6.0-1","mocha":"~1.7.4"},"_id":"ansi-html-stream@0.0.2","dist":{"shasum":"4e4d1ffad00f7096a28ca2cb556b79e01464669d","tarball":"https://registry.npmjs.org/ansi-html-stream/-/ansi-html-stream-0.0.2.tgz"},"maintainers":[{"name":"hughsk","email":"hughskennedy@gmail.com"}],"directories":{}},"0.0.3":{"name":"ansi-html-stream","version":"0.0.3","description":"Stream ANSI terminal output to an HTML format.","main":"index.js","scripts":{"test":"mocha -u tdd --reporter spec -c test.js"},"repository":{"type":"git","url":"https://github.com/hughsk/ansi-html-stream.git"},"bin":{"ansi-html":"bin/ansi-html"},"keywords":["ansi","html","stream","console"],"author":{"name":"Hugh Kennedy","email":"hughskennedy@gmail.com","url":"http://hughskennedy.com"},"license":"MIT","dependencies":{"map-stream":"~0.0.1","escape-html":"0.0.1","special-html":"0.0.1","xtend":"~1.0.3","split":"~0.1.0","clone":"0.1.6"},"devDependencies":{"colors":"~0.6.0-1","mocha":"~1.7.4","concat-stream":"~0.1.1"},"bugs":{"url":"https://github.com/hughsk/ansi-html-stream/issues"},"homepage":"https://github.com/hughsk/ansi-html-stream","_id":"ansi-html-stream@0.0.3","dist":{"shasum":"32f565c2dec6eceed10561f645db3553d3fb1294","tarball":"https://registry.npmjs.org/ansi-html-stream/-/ansi-html-stream-0.0.3.tgz"},"_from":".","_npmVersion":"1.3.25","_npmUser":{"name":"hughsk","email":"hughskennedy@gmail.com"},"maintainers":[{"name":"hughsk","email":"hughskennedy@gmail.com"}],"directories":{}}},"readme":"# ansi-html-stream [![Build Status](https://secure.travis-ci.org/hughsk/ansi-html-stream.png?branch=master)](http://travis-ci.org/hughsk/ansi-html-stream)\n\nA through-stream that converts terminal output to HTML.\n\n## Installation\n\n``` bash\n$ npm install ansi-html-stream\n```\n\nOr, if you want to install the CLI tool:\n\n``` bash\n$ [sudo] npm install -g ansi-html-stream\n```\n\n## Usage\n\nTake this example to pipe a log of NPM's `install` command to an HTML file:\n\n``` bash\n$ npm install browserify --color always 2&>1 | ansi-html > browserify.html\n```\n\nAnd an equivalent from Node:\n\n``` javascript\nvar spawn = require('child_process').spawn\n  , ansi = require('ansi-html-stream')\n  , fs = require('fs')\n\nvar npm = spawn('npm', ['install', 'browserify', '--color', 'always'], {\n    cwd: process.cwd()\n})\n\nvar stream = ansi({ chunked: false })\n  , file = fs.createWriteStream('browserify.html', 'utf8')\n\nnpm.stdout.pipe(stream)\nnpm.stderr.pipe(stream)\n\nstream.pipe(file, { end: false })\n\nstream.once('end', function() {\n  file.end('</pre>\\n')\n})\n\nfile.write('<pre>\\n');\n```\n\nThere are a few options you can pass to the stream too:\n\n* `classes`: Use classes instead of inline styles for formatting.\n* `theme`: Override the styling for particular ANSI codes. See [`colors.js`](http://github.com/hughsk/ansi-html-stream/blob/master/colors.js) for two examples.\n* `chunked`: Ensure that each chunk's elements are self-contained - closes any open `<span>`s at the end and reopens them on the next chunk. Defaults to false.\n","maintainers":[{"name":"hughsk","email":"hughskennedy@gmail.com"}],"time":{"modified":"2014-01-29T14:35:43.597Z","created":"2013-03-02T08:53:58.196Z","0.0.1":"2013-03-02T08:54:02.210Z","0.0.2":"2013-03-02T23:58:01.927Z","0.0.3":"2014-01-29T14:35:43.597Z"},"author":{"name":"Hugh Kennedy","email":"hughskennedy@gmail.com","url":"http://hughskennedy.com"},"repository":{"type":"git","url":"https://github.com/hughsk/ansi-html-stream.git"},"readmeFilename":"README.md","_attachments":{},"_etag":"W/\"52e911bf-1505\"","_lastModified":"Wed, 29 Jan 2014 14:35:43 GMT"}