{"_id":"bl","_rev":"89-c4c36e5a8b99e755c142cdc42c6c53bb","name":"bl","description":"Buffer List: collect buffers and access with a standard readable Buffer interface, streamable too!","dist-tags":{"latest":"1.0.1","v0_9_x":"0.9.5"},"versions":{"0.0.0":{"name":"bl","version":"0.0.0","description":"Buffer List: collect buffers and access with a standard readable Buffer interface, streamable too!","main":"bl.js","scripts":{"test":"tape test.js"},"repository":{"type":"git","url":"https://github.com/rvagg/bl.git"},"homepage":"https://github.com/rvagg/bl","authors":["Rod Vagg <rod@vagg.org> (https://github.com/rvagg)"],"keywords":["buffer","buffers","stream","awesomesauce"],"license":"MIT","dependencies":{"readable-stream":"~1.0.2"},"devDependencies":{"tape":"*"},"bugs":{"url":"https://github.com/rvagg/bl/issues"},"_id":"bl@0.0.0","dist":{"shasum":"ff9976e3a0f612ab25fa189e7718316bfd736ded","tarball":"http://registry.npmjs.org/bl/-/bl-0.0.0.tgz"},"_from":".","_npmVersion":"1.2.30","_npmUser":{"name":"rvagg","email":"rod@vagg.org"},"maintainers":[{"name":"rvagg","email":"rod@vagg.org"}],"directories":{}},"0.1.0":{"name":"bl","version":"0.1.0","description":"Buffer List: collect buffers and access with a standard readable Buffer interface, streamable too!","main":"bl.js","scripts":{"test":"tape test.js"},"repository":{"type":"git","url":"https://github.com/rvagg/bl.git"},"homepage":"https://github.com/rvagg/bl","authors":["Rod Vagg <rod@vagg.org> (https://github.com/rvagg)"],"keywords":["buffer","buffers","stream","awesomesauce"],"license":"MIT","dependencies":{"readable-stream":"~1.0.2"},"devDependencies":{"tape":"*"},"bugs":{"url":"https://github.com/rvagg/bl/issues"},"_id":"bl@0.1.0","dist":{"shasum":"4109c45afeda64238c29a9771f2343d72c394755","tarball":"http://registry.npmjs.org/bl/-/bl-0.1.0.tgz"},"_from":".","_npmVersion":"1.2.30","_npmUser":{"name":"rvagg","email":"rod@vagg.org"},"maintainers":[{"name":"rvagg","email":"rod@vagg.org"}],"directories":{}},"0.1.1":{"name":"bl","version":"0.1.1","description":"Buffer List: collect buffers and access with a standard readable Buffer interface, streamable too!","main":"bl.js","scripts":{"test":"tape test.js"},"repository":{"type":"git","url":"https://github.com/rvagg/bl.git"},"homepage":"https://github.com/rvagg/bl","authors":["Rod Vagg <rod@vagg.org> (https://github.com/rvagg)"],"keywords":["buffer","buffers","stream","awesomesauce"],"license":"MIT","dependencies":{"readable-stream":"~1.0.2"},"devDependencies":{"tape":"*"},"bugs":{"url":"https://github.com/rvagg/bl/issues"},"_id":"bl@0.1.1","dist":{"shasum":"97301af51723a061ecf9a5017c22165eb40504c9","tarball":"http://registry.npmjs.org/bl/-/bl-0.1.1.tgz"},"_from":".","_npmVersion":"1.2.30","_npmUser":{"name":"rvagg","email":"rod@vagg.org"},"maintainers":[{"name":"rvagg","email":"rod@vagg.org"}],"directories":{}},"0.2.0":{"name":"bl","version":"0.2.0","description":"Buffer List: collect buffers and access with a standard readable Buffer interface, streamable too!","main":"bl.js","scripts":{"test":"tape test.js"},"repository":{"type":"git","url":"https://github.com/rvagg/bl.git"},"homepage":"https://github.com/rvagg/bl","authors":["Rod Vagg <rod@vagg.org> (https://github.com/rvagg)"],"keywords":["buffer","buffers","stream","awesomesauce"],"license":"MIT","dependencies":{"readable-stream":"~1.0.2"},"devDependencies":{"tape":"*","hash_file":"*"},"bugs":{"url":"https://github.com/rvagg/bl/issues"},"_id":"bl@0.2.0","dist":{"shasum":"dfc5bedd197b0b7fa6fdb54cc0c6fe30ea53865d","tarball":"http://registry.npmjs.org/bl/-/bl-0.2.0.tgz"},"_from":".","_npmVersion":"1.3.2","_npmUser":{"name":"rvagg","email":"rod@vagg.org"},"maintainers":[{"name":"rvagg","email":"rod@vagg.org"}],"directories":{}},"0.3.0":{"name":"bl","version":"0.3.0","description":"Buffer List: collect buffers and access with a standard readable Buffer interface, streamable too!","main":"bl.js","scripts":{"test":"tape test.js"},"repository":{"type":"git","url":"https://github.com/rvagg/bl.git"},"homepage":"https://github.com/rvagg/bl","authors":["Rod Vagg <rod@vagg.org> (https://github.com/rvagg)"],"keywords":["buffer","buffers","stream","awesomesauce"],"license":"MIT","dependencies":{"readable-stream":"~1.0.2"},"devDependencies":{"tape":"*","hash_file":"*"},"bugs":{"url":"https://github.com/rvagg/bl/issues"},"_id":"bl@0.3.0","dist":{"shasum":"6e9c33e6f41f6887b5d2604ce13ef55e3a70c08b","tarball":"http://registry.npmjs.org/bl/-/bl-0.3.0.tgz"},"_from":".","_npmVersion":"1.3.5","_npmUser":{"name":"rvagg","email":"rod@vagg.org"},"maintainers":[{"name":"rvagg","email":"rod@vagg.org"}],"directories":{}},"0.4.0":{"name":"bl","version":"0.4.0","description":"Buffer List: collect buffers and access with a standard readable Buffer interface, streamable too!","main":"bl.js","scripts":{"test":"tape test.js"},"repository":{"type":"git","url":"https://github.com/rvagg/bl.git"},"homepage":"https://github.com/rvagg/bl","authors":["Rod Vagg <rod@vagg.org> (https://github.com/rvagg)"],"keywords":["buffer","buffers","stream","awesomesauce"],"license":"MIT","dependencies":{"readable-stream":"~1.0.2"},"devDependencies":{"tape":"*","hash_file":"*"},"bugs":{"url":"https://github.com/rvagg/bl/issues"},"_id":"bl@0.4.0","dist":{"shasum":"6064458cbf0905a1c8affabbc4d19bcfd67da6f4","tarball":"http://registry.npmjs.org/bl/-/bl-0.4.0.tgz"},"_from":".","_npmVersion":"1.3.5","_npmUser":{"name":"rvagg","email":"rod@vagg.org"},"maintainers":[{"name":"rvagg","email":"rod@vagg.org"}],"directories":{}},"0.4.1":{"name":"bl","version":"0.4.1","description":"Buffer List: collect buffers and access with a standard readable Buffer interface, streamable too!","main":"bl.js","scripts":{"test":"tape test.js"},"repository":{"type":"git","url":"https://github.com/rvagg/bl.git"},"homepage":"https://github.com/rvagg/bl","authors":["Rod Vagg <rod@vagg.org> (https://github.com/rvagg)"],"keywords":["buffer","buffers","stream","awesomesauce"],"license":"MIT","dependencies":{"readable-stream":"~1.0.2"},"devDependencies":{"tape":"*","hash_file":"*"},"bugs":{"url":"https://github.com/rvagg/bl/issues"},"_id":"bl@0.4.1","dist":{"shasum":"56c68b83017927ecadee12919e4cf0c745972ab3","tarball":"http://registry.npmjs.org/bl/-/bl-0.4.1.tgz"},"_from":".","_npmVersion":"1.3.5","_npmUser":{"name":"rvagg","email":"rod@vagg.org"},"maintainers":[{"name":"rvagg","email":"rod@vagg.org"}],"directories":{}},"0.4.2":{"name":"bl","version":"0.4.2","description":"Buffer List: collect buffers and access with a standard readable Buffer interface, streamable too!","main":"bl.js","scripts":{"test":"tape test.js"},"repository":{"type":"git","url":"https://github.com/rvagg/bl.git"},"homepage":"https://github.com/rvagg/bl","authors":["Rod Vagg <rod@vagg.org> (https://github.com/rvagg)","Matteo Collina <matteo.collina@gmail.com> (https://github.com/mcollina)"],"keywords":["buffer","buffers","stream","awesomesauce"],"license":"MIT","dependencies":{"readable-stream":"~1.0.2"},"devDependencies":{"tape":"*","hash_file":"*"},"bugs":{"url":"https://github.com/rvagg/bl/issues"},"_id":"bl@0.4.2","dist":{"shasum":"5db31d72f038c54e68adc39578125fe3b0addc96","tarball":"http://registry.npmjs.org/bl/-/bl-0.4.2.tgz"},"_from":".","_npmVersion":"1.3.8","_npmUser":{"name":"rvagg","email":"rod@vagg.org"},"maintainers":[{"name":"rvagg","email":"rod@vagg.org"}],"directories":{}},"0.5.0":{"name":"bl","version":"0.5.0","description":"Buffer List: collect buffers and access with a standard readable Buffer interface, streamable too!","main":"bl.js","scripts":{"test":"tape test.js"},"repository":{"type":"git","url":"https://github.com/rvagg/bl.git"},"homepage":"https://github.com/rvagg/bl","authors":["Rod Vagg <rod@vagg.org> (https://github.com/rvagg)","Matteo Collina <matteo.collina@gmail.com> (https://github.com/mcollina)"],"keywords":["buffer","buffers","stream","awesomesauce"],"license":"MIT","dependencies":{"readable-stream":"~1.0.2"},"devDependencies":{"tape":"*","hash_file":"*"},"bugs":{"url":"https://github.com/rvagg/bl/issues"},"_id":"bl@0.5.0","dist":{"shasum":"11ffd01650412b31aa6fa9878ffd3d4fa77a7185","tarball":"http://registry.npmjs.org/bl/-/bl-0.5.0.tgz"},"_from":".","_npmVersion":"1.3.11","_npmUser":{"name":"rvagg","email":"rod@vagg.org"},"maintainers":[{"name":"rvagg","email":"rod@vagg.org"}],"directories":{}},"0.6.0":{"name":"bl","version":"0.6.0","description":"Buffer List: collect buffers and access with a standard readable Buffer interface, streamable too!","main":"bl.js","scripts":{"test":"tape test.js"},"repository":{"type":"git","url":"https://github.com/rvagg/bl.git"},"homepage":"https://github.com/rvagg/bl","authors":["Rod Vagg <rod@vagg.org> (https://github.com/rvagg)","Matteo Collina <matteo.collina@gmail.com> (https://github.com/mcollina)"],"keywords":["buffer","buffers","stream","awesomesauce"],"license":"MIT","dependencies":{"readable-stream":"~1.0.2"},"devDependencies":{"tape":"*","hash_file":"*"},"bugs":{"url":"https://github.com/rvagg/bl/issues"},"_id":"bl@0.6.0","dist":{"shasum":"30910299937294133844ee34aa479a5344b4cd29","tarball":"http://registry.npmjs.org/bl/-/bl-0.6.0.tgz"},"_from":".","_npmVersion":"1.3.14","_npmUser":{"name":"rvagg","email":"rod@vagg.org"},"maintainers":[{"name":"rvagg","email":"rod@vagg.org"}],"directories":{}},"0.7.0":{"name":"bl","version":"0.7.0","description":"Buffer List: collect buffers and access with a standard readable Buffer interface, streamable too!","main":"bl.js","scripts":{"test":"node test/test.js | faucet","test-local":"brtapsauce-local test/basic-test.js"},"repository":{"type":"git","url":"https://github.com/rvagg/bl.git"},"homepage":"https://github.com/rvagg/bl","authors":["Rod Vagg <rod@vagg.org> (https://github.com/rvagg)","Matteo Collina <matteo.collina@gmail.com> (https://github.com/mcollina)"],"keywords":["buffer","buffers","stream","awesomesauce"],"license":"MIT","dependencies":{"readable-stream":"~1.0.2"},"peerDependencies":{"stream-browserify":"*"},"devDependencies":{"tape":"~2.3.2","hash_file":"~0.1.1","brtapsauce":"~0.3.0","faucet":"0.0.0","stream-browserify":"~0.1.2"},"browser":{"readable-stream":"stream-browserify"},"bugs":{"url":"https://github.com/rvagg/bl/issues"},"_id":"bl@0.7.0","dist":{"shasum":"3fb0670602ac2878eb770dc2039f1836be62ae5b","tarball":"http://registry.npmjs.org/bl/-/bl-0.7.0.tgz"},"_from":".","_npmVersion":"1.3.21","_npmUser":{"name":"rvagg","email":"rod@vagg.org"},"maintainers":[{"name":"rvagg","email":"rod@vagg.org"}],"directories":{}},"0.8.0":{"name":"bl","version":"0.8.0","description":"Buffer List: collect buffers and access with a standard readable Buffer interface, streamable too!","main":"bl.js","scripts":{"test":"node test/test.js | faucet","test-local":"brtapsauce-local test/basic-test.js"},"repository":{"type":"git","url":"https://github.com/rvagg/bl.git"},"homepage":"https://github.com/rvagg/bl","authors":["Rod Vagg <rod@vagg.org> (https://github.com/rvagg)","Matteo Collina <matteo.collina@gmail.com> (https://github.com/mcollina)"],"keywords":["buffer","buffers","stream","awesomesauce"],"license":"MIT","dependencies":{"readable-stream":"~1.0.26"},"devDependencies":{"tape":"~2.12.3","hash_file":"~0.1.1","faucet":"~0.0.1","brtapsauce":"~0.3.0"},"browser":{"readable-stream":"stream-browserify"},"bugs":{"url":"https://github.com/rvagg/bl/issues"},"_id":"bl@0.8.0","dist":{"shasum":"378b1c638b5ea57467e57c4f33a36ff6761f18fa","tarball":"http://registry.npmjs.org/bl/-/bl-0.8.0.tgz"},"_from":".","_npmVersion":"1.4.3","_npmUser":{"name":"rvagg","email":"rod@vagg.org"},"maintainers":[{"name":"rvagg","email":"rod@vagg.org"}],"directories":{}},"0.8.1":{"name":"bl","version":"0.8.1","description":"Buffer List: collect buffers and access with a standard readable Buffer interface, streamable too!","main":"bl.js","scripts":{"test":"node test/test.js | faucet","test-local":"brtapsauce-local test/basic-test.js"},"repository":{"type":"git","url":"https://github.com/rvagg/bl.git"},"homepage":"https://github.com/rvagg/bl","authors":["Rod Vagg <rod@vagg.org> (https://github.com/rvagg)","Matteo Collina <matteo.collina@gmail.com> (https://github.com/mcollina)"],"keywords":["buffer","buffers","stream","awesomesauce"],"license":"MIT","dependencies":{"stream-browserify":"~1.0.0","readable-stream":"~1.0.26"},"devDependencies":{"tape":"~2.12.3","hash_file":"~0.1.1","faucet":"~0.0.1","brtapsauce":"~0.3.0"},"browser":{"readable-stream":"stream-browserify"},"gitHead":"ee75b2be282d218be1139f4999f446e27a2647ac","bugs":{"url":"https://github.com/rvagg/bl/issues"},"_id":"bl@0.8.1","_shasum":"3b478a0874c3357e3a6a8559419abd93b92abde0","_from":".","_npmVersion":"1.4.14","_npmUser":{"name":"rvagg","email":"rod@vagg.org"},"maintainers":[{"name":"rvagg","email":"rod@vagg.org"}],"dist":{"shasum":"3b478a0874c3357e3a6a8559419abd93b92abde0","tarball":"http://registry.npmjs.org/bl/-/bl-0.8.1.tgz"},"directories":{}},"0.8.2":{"name":"bl","version":"0.8.2","description":"Buffer List: collect buffers and access with a standard readable Buffer interface, streamable too!","main":"bl.js","scripts":{"test":"node test/test.js | faucet","test-local":"brtapsauce-local test/basic-test.js"},"repository":{"type":"git","url":"https://github.com/rvagg/bl.git"},"homepage":"https://github.com/rvagg/bl","authors":["Rod Vagg <rod@vagg.org> (https://github.com/rvagg)","Matteo Collina <matteo.collina@gmail.com> (https://github.com/mcollina)"],"keywords":["buffer","buffers","stream","awesomesauce"],"license":"MIT","dependencies":{"readable-stream":"~1.0.26"},"devDependencies":{"tape":"~2.12.3","hash_file":"~0.1.1","faucet":"~0.0.1","brtapsauce":"~0.3.0"},"gitHead":"1b67e141ebf47eb0c2ace434bd510286842d9959","bugs":{"url":"https://github.com/rvagg/bl/issues"},"_id":"bl@0.8.2","_shasum":"c9b6bca08d1bc2ea00fc8afb4f1a5fd1e1c66e4e","_from":".","_npmVersion":"1.4.14","_npmUser":{"name":"rvagg","email":"rod@vagg.org"},"maintainers":[{"name":"rvagg","email":"rod@vagg.org"}],"dist":{"shasum":"c9b6bca08d1bc2ea00fc8afb4f1a5fd1e1c66e4e","tarball":"http://registry.npmjs.org/bl/-/bl-0.8.2.tgz"},"directories":{}},"0.9.0":{"name":"bl","version":"0.9.0","description":"Buffer List: collect buffers and access with a standard readable Buffer interface, streamable too!","main":"bl.js","scripts":{"test":"node test/test.js | faucet","test-local":"brtapsauce-local test/basic-test.js"},"repository":{"type":"git","url":"https://github.com/rvagg/bl.git"},"homepage":"https://github.com/rvagg/bl","authors":["Rod Vagg <rod@vagg.org> (https://github.com/rvagg)","Matteo Collina <matteo.collina@gmail.com> (https://github.com/mcollina)"],"keywords":["buffer","buffers","stream","awesomesauce"],"license":"MIT","dependencies":{"readable-stream":"~1.0.26"},"devDependencies":{"tape":"~2.12.3","hash_file":"~0.1.1","faucet":"~0.0.1","brtapsauce":"~0.3.0"},"gitHead":"6b5296f09f8a781bdf90f6cf4140a553c0aab5e6","bugs":{"url":"https://github.com/rvagg/bl/issues"},"_id":"bl@0.9.0","_shasum":"ab5ffaeccb30acd3da0af0c8df63b904990a76dd","_from":".","_npmVersion":"1.4.14","_npmUser":{"name":"rvagg","email":"rod@vagg.org"},"maintainers":[{"name":"rvagg","email":"rod@vagg.org"}],"dist":{"shasum":"ab5ffaeccb30acd3da0af0c8df63b904990a76dd","tarball":"http://registry.npmjs.org/bl/-/bl-0.9.0.tgz"},"directories":{}},"0.9.1":{"name":"bl","version":"0.9.1","description":"Buffer List: collect buffers and access with a standard readable Buffer interface, streamable too!","main":"bl.js","scripts":{"test":"node test/test.js | faucet","test-local":"brtapsauce-local test/basic-test.js"},"repository":{"type":"git","url":"https://github.com/rvagg/bl.git"},"homepage":"https://github.com/rvagg/bl","authors":["Rod Vagg <rod@vagg.org> (https://github.com/rvagg)","Matteo Collina <matteo.collina@gmail.com> (https://github.com/mcollina)"],"keywords":["buffer","buffers","stream","awesomesauce"],"license":"MIT","dependencies":{"readable-stream":"~1.0.26"},"devDependencies":{"tape":"~2.12.3","hash_file":"~0.1.1","faucet":"~0.0.1","brtapsauce":"~0.3.0"},"gitHead":"53d3d10e39be326feb049ab27437173b3ce47ec4","bugs":{"url":"https://github.com/rvagg/bl/issues"},"_id":"bl@0.9.1","_shasum":"d262c5b83aa5cf4386cea1d998c82b36d7ae2942","_from":".","_npmVersion":"1.4.21","_npmUser":{"name":"rvagg","email":"rod@vagg.org"},"maintainers":[{"name":"rvagg","email":"rod@vagg.org"}],"dist":{"shasum":"d262c5b83aa5cf4386cea1d998c82b36d7ae2942","tarball":"http://registry.npmjs.org/bl/-/bl-0.9.1.tgz"},"directories":{}},"0.9.2":{"name":"bl","version":"0.9.2","description":"Buffer List: collect buffers and access with a standard readable Buffer interface, streamable too!","main":"bl.js","scripts":{"test":"node test/test.js | faucet","test-local":"brtapsauce-local test/basic-test.js"},"repository":{"type":"git","url":"https://github.com/rvagg/bl.git"},"homepage":"https://github.com/rvagg/bl","authors":["Rod Vagg <rod@vagg.org> (https://github.com/rvagg)","Matteo Collina <matteo.collina@gmail.com> (https://github.com/mcollina)"],"keywords":["buffer","buffers","stream","awesomesauce"],"license":"MIT","dependencies":{"readable-stream":"~1.0.26"},"devDependencies":{"tape":"~2.12.3","hash_file":"~0.1.1","faucet":"~0.0.1","brtapsauce":"~0.3.0"},"gitHead":"58699b7ea3823c9cff418e0e8d2d132c9efe9ec9","bugs":{"url":"https://github.com/rvagg/bl/issues"},"_id":"bl@0.9.2","_shasum":"0233b18ab6d83e370f274d67c25cb4cc58c6a885","_from":".","_npmVersion":"1.4.27","_npmUser":{"name":"rvagg","email":"rod@vagg.org"},"maintainers":[{"name":"rvagg","email":"rod@vagg.org"}],"dist":{"shasum":"0233b18ab6d83e370f274d67c25cb4cc58c6a885","tarball":"http://registry.npmjs.org/bl/-/bl-0.9.2.tgz"},"directories":{}},"0.9.3":{"name":"bl","version":"0.9.3","description":"Buffer List: collect buffers and access with a standard readable Buffer interface, streamable too!","main":"bl.js","scripts":{"test":"node test/test.js | faucet","test-local":"brtapsauce-local test/basic-test.js"},"repository":{"type":"git","url":"https://github.com/rvagg/bl.git"},"homepage":"https://github.com/rvagg/bl","authors":["Rod Vagg <rod@vagg.org> (https://github.com/rvagg)","Matteo Collina <matteo.collina@gmail.com> (https://github.com/mcollina)","Jarett Cruger <jcrugzz@gmail.com> (https://github.com/jcrugzz)"],"keywords":["buffer","buffers","stream","awesomesauce"],"license":"MIT","dependencies":{"readable-stream":"~1.0.26"},"devDependencies":{"tape":"~2.12.3","hash_file":"~0.1.1","faucet":"~0.0.1","brtapsauce":"~0.3.0"},"gitHead":"4987a76bf6bafd7616e62c7023c955e62f3a9461","bugs":{"url":"https://github.com/rvagg/bl/issues"},"_id":"bl@0.9.3","_shasum":"c41eff3e7cb31bde107c8f10076d274eff7f7d44","_from":".","_npmVersion":"1.4.27","_npmUser":{"name":"rvagg","email":"rod@vagg.org"},"maintainers":[{"name":"rvagg","email":"rod@vagg.org"}],"dist":{"shasum":"c41eff3e7cb31bde107c8f10076d274eff7f7d44","tarball":"http://registry.npmjs.org/bl/-/bl-0.9.3.tgz"},"directories":{}},"0.9.4":{"name":"bl","version":"0.9.4","description":"Buffer List: collect buffers and access with a standard readable Buffer interface, streamable too!","main":"bl.js","scripts":{"test":"node test/test.js | faucet","test-local":"brtapsauce-local test/basic-test.js"},"repository":{"type":"git","url":"https://github.com/rvagg/bl.git"},"homepage":"https://github.com/rvagg/bl","authors":["Rod Vagg <rod@vagg.org> (https://github.com/rvagg)","Matteo Collina <matteo.collina@gmail.com> (https://github.com/mcollina)","Jarett Cruger <jcrugzz@gmail.com> (https://github.com/jcrugzz)"],"keywords":["buffer","buffers","stream","awesomesauce"],"license":"MIT","dependencies":{"readable-stream":"~1.0.26"},"devDependencies":{"tape":"~2.12.3","hash_file":"~0.1.1","faucet":"~0.0.1","brtapsauce":"~0.3.0"},"gitHead":"e7f90703c5f90ca26f60455ea6ad0b6be4a9feee","bugs":{"url":"https://github.com/rvagg/bl/issues"},"_id":"bl@0.9.4","_shasum":"4702ddf72fbe0ecd82787c00c113aea1935ad0e7","_from":".","_npmVersion":"2.1.18","_nodeVersion":"1.0.3","_npmUser":{"name":"rvagg","email":"rod@vagg.org"},"maintainers":[{"name":"rvagg","email":"rod@vagg.org"}],"dist":{"shasum":"4702ddf72fbe0ecd82787c00c113aea1935ad0e7","tarball":"http://registry.npmjs.org/bl/-/bl-0.9.4.tgz"},"directories":{}},"1.0.0":{"name":"bl","version":"1.0.0","description":"Buffer List: collect buffers and access with a standard readable Buffer interface, streamable too!","main":"bl.js","scripts":{"test":"node test/test.js | faucet","test-local":"brtapsauce-local test/basic-test.js"},"repository":{"type":"git","url":"git+https://github.com/rvagg/bl.git"},"homepage":"https://github.com/rvagg/bl","authors":["Rod Vagg <rod@vagg.org> (https://github.com/rvagg)","Matteo Collina <matteo.collina@gmail.com> (https://github.com/mcollina)","Jarett Cruger <jcrugzz@gmail.com> (https://github.com/jcrugzz)"],"keywords":["buffer","buffers","stream","awesomesauce"],"license":"MIT","dependencies":{"readable-stream":"~2.0.0"},"devDependencies":{"tape":"~2.12.3","hash_file":"~0.1.1","faucet":"~0.0.1","brtapsauce":"~0.3.0"},"gitHead":"1794938be6697a6d1e02cd942a4eea59b353347a","bugs":{"url":"https://github.com/rvagg/bl/issues"},"_id":"bl@1.0.0","_shasum":"ada9a8a89a6d7ac60862f7dec7db207873e0c3f5","_from":".","_npmVersion":"2.9.0","_nodeVersion":"2.0.1-nightly20150618d2e4e03444","_npmUser":{"name":"rvagg","email":"rod@vagg.org"},"maintainers":[{"name":"rvagg","email":"rod@vagg.org"}],"dist":{"shasum":"ada9a8a89a6d7ac60862f7dec7db207873e0c3f5","tarball":"http://registry.npmjs.org/bl/-/bl-1.0.0.tgz"},"directories":{}},"1.0.1":{"name":"bl","version":"1.0.1","description":"Buffer List: collect buffers and access with a standard readable Buffer interface, streamable too!","main":"bl.js","scripts":{"test":"node test/test.js | faucet","test-local":"brtapsauce-local test/basic-test.js"},"repository":{"type":"git","url":"git+https://github.com/rvagg/bl.git"},"homepage":"https://github.com/rvagg/bl","authors":["Rod Vagg <rod@vagg.org> (https://github.com/rvagg)","Matteo Collina <matteo.collina@gmail.com> (https://github.com/mcollina)","Jarett Cruger <jcrugzz@gmail.com> (https://github.com/jcrugzz)"],"keywords":["buffer","buffers","stream","awesomesauce"],"license":"MIT","dependencies":{"readable-stream":"~2.0.5"},"devDependencies":{"tape":"~2.12.3","hash_file":"~0.1.1","faucet":"~0.0.1","brtapsauce":"~0.3.0"},"gitHead":"9eced07e8c4f4b44b42e6e99ac33d4c390b4e74a","bugs":{"url":"https://github.com/rvagg/bl/issues"},"_id":"bl@1.0.1","_shasum":"0e6df7330308c46515751676cafa7334dc9852fd","_from":".","_npmVersion":"3.3.12","_nodeVersion":"6.0.0-nightly2016011666b9c0d8bd","_npmUser":{"name":"rvagg","email":"rod@vagg.org"},"maintainers":[{"name":"rvagg","email":"rod@vagg.org"}],"dist":{"shasum":"0e6df7330308c46515751676cafa7334dc9852fd","tarball":"http://registry.npmjs.org/bl/-/bl-1.0.1.tgz"},"directories":{}},"0.9.5":{"name":"bl","version":"0.9.5","description":"Buffer List: collect buffers and access with a standard readable Buffer interface, streamable too!","main":"bl.js","scripts":{"test":"node test/test.js | faucet","test-local":"brtapsauce-local test/basic-test.js"},"repository":{"type":"git","url":"git+https://github.com/rvagg/bl.git"},"homepage":"https://github.com/rvagg/bl","authors":["Rod Vagg <rod@vagg.org> (https://github.com/rvagg)","Matteo Collina <matteo.collina@gmail.com> (https://github.com/mcollina)","Jarett Cruger <jcrugzz@gmail.com> (https://github.com/jcrugzz)"],"keywords":["buffer","buffers","stream","awesomesauce"],"license":"MIT","dependencies":{"readable-stream":"~1.0.26"},"devDependencies":{"faucet":"~0.0.1","hash_file":"~0.1.1","tape":"~4.4.0"},"gitHead":"fe77435118490ac7d07f93c0b52896c67fb2601f","bugs":{"url":"https://github.com/rvagg/bl/issues"},"_id":"bl@0.9.5","_shasum":"c06b797af085ea00bc527afc8efcf11de2232054","_from":".","_npmVersion":"3.3.12","_nodeVersion":"6.0.0-nightly2016011666b9c0d8bd","_npmUser":{"name":"rvagg","email":"rod@vagg.org"},"maintainers":[{"name":"rvagg","email":"rod@vagg.org"}],"dist":{"shasum":"c06b797af085ea00bc527afc8efcf11de2232054","tarball":"http://registry.npmjs.org/bl/-/bl-0.9.5.tgz"},"directories":{}}},"readme":"# bl *(BufferList)*\n\n[![Build Status](https://travis-ci.org/rvagg/bl.svg?branch=master)](https://travis-ci.org/rvagg/bl)\n\n**A Node.js Buffer list collector, reader and streamer thingy.**\n\n[![NPM](https://nodei.co/npm/bl.png?downloads=true&downloadRank=true)](https://nodei.co/npm/bl/)\n[![NPM](https://nodei.co/npm-dl/bl.png?months=6&height=3)](https://nodei.co/npm/bl/)\n\n**bl** is a storage object for collections of Node Buffers, exposing them with the main Buffer readable API. Also works as a duplex stream so you can collect buffers from a stream that emits them and emit buffers to a stream that consumes them!\n\nThe original buffers are kept intact and copies are only done as necessary. Any reads that require the use of a single original buffer will return a slice of that buffer only (which references the same memory as the original buffer). Reads that span buffers perform concatenation as required and return the results transparently.\n\n```js\nconst BufferList = require('bl')\n\nvar bl = new BufferList()\nbl.append(new Buffer('abcd'))\nbl.append(new Buffer('efg'))\nbl.append('hi')                     // bl will also accept & convert Strings\nbl.append(new Buffer('j'))\nbl.append(new Buffer([ 0x3, 0x4 ]))\n\nconsole.log(bl.length) // 12\n\nconsole.log(bl.slice(0, 10).toString('ascii')) // 'abcdefghij'\nconsole.log(bl.slice(3, 10).toString('ascii')) // 'defghij'\nconsole.log(bl.slice(3, 6).toString('ascii'))  // 'def'\nconsole.log(bl.slice(3, 8).toString('ascii'))  // 'defgh'\nconsole.log(bl.slice(5, 10).toString('ascii')) // 'fghij'\n\n// or just use toString!\nconsole.log(bl.toString())               // 'abcdefghij\\u0003\\u0004'\nconsole.log(bl.toString('ascii', 3, 8))  // 'defgh'\nconsole.log(bl.toString('ascii', 5, 10)) // 'fghij'\n\n// other standard Buffer readables\nconsole.log(bl.readUInt16BE(10)) // 0x0304\nconsole.log(bl.readUInt16LE(10)) // 0x0403\n```\n\nGive it a callback in the constructor and use it just like **[concat-stream](https://github.com/maxogden/node-concat-stream)**:\n\n```js\nconst bl = require('bl')\n    , fs = require('fs')\n\nfs.createReadStream('README.md')\n  .pipe(bl(function (err, data) { // note 'new' isn't strictly required\n    // `data` is a complete Buffer object containing the full data\n    console.log(data.toString())\n  }))\n```\n\nNote that when you use the *callback* method like this, the resulting `data` parameter is a concatenation of all `Buffer` objects in the list. If you want to avoid the overhead of this concatenation (in cases of extreme performance consciousness), then avoid the *callback* method and just listen to `'end'` instead, like a standard Stream.\n\nOr to fetch a URL using [hyperquest](https://github.com/substack/hyperquest) (should work with [request](http://github.com/mikeal/request) and even plain Node http too!):\n```js\nconst hyperquest = require('hyperquest')\n    , bl         = require('bl')\n    , url        = 'https://raw.github.com/rvagg/bl/master/README.md'\n\nhyperquest(url).pipe(bl(function (err, data) {\n  console.log(data.toString())\n}))\n```\n\nOr, use it as a readable stream to recompose a list of Buffers to an output source:\n\n```js\nconst BufferList = require('bl')\n    , fs         = require('fs')\n\nvar bl = new BufferList()\nbl.append(new Buffer('abcd'))\nbl.append(new Buffer('efg'))\nbl.append(new Buffer('hi'))\nbl.append(new Buffer('j'))\n\nbl.pipe(fs.createWriteStream('gibberish.txt'))\n```\n\n## API\n\n  * <a href=\"#ctor\"><code><b>new BufferList([ callback ])</b></code></a>\n  * <a href=\"#length\"><code>bl.<b>length</b></code></a>\n  * <a href=\"#append\"><code>bl.<b>append(buffer)</b></code></a>\n  * <a href=\"#get\"><code>bl.<b>get(index)</b></code></a>\n  * <a href=\"#slice\"><code>bl.<b>slice([ start[, end ] ])</b></code></a>\n  * <a href=\"#copy\"><code>bl.<b>copy(dest, [ destStart, [ srcStart [, srcEnd ] ] ])</b></code></a>\n  * <a href=\"#duplicate\"><code>bl.<b>duplicate()</b></code></a>\n  * <a href=\"#consume\"><code>bl.<b>consume(bytes)</b></code></a>\n  * <a href=\"#toString\"><code>bl.<b>toString([encoding, [ start, [ end ]]])</b></code></a>\n  * <a href=\"#readXX\"><code>bl.<b>readDoubleBE()</b></code>, <code>bl.<b>readDoubleLE()</b></code>, <code>bl.<b>readFloatBE()</b></code>, <code>bl.<b>readFloatLE()</b></code>, <code>bl.<b>readInt32BE()</b></code>, <code>bl.<b>readInt32LE()</b></code>, <code>bl.<b>readUInt32BE()</b></code>, <code>bl.<b>readUInt32LE()</b></code>, <code>bl.<b>readInt16BE()</b></code>, <code>bl.<b>readInt16LE()</b></code>, <code>bl.<b>readUInt16BE()</b></code>, <code>bl.<b>readUInt16LE()</b></code>, <code>bl.<b>readInt8()</b></code>, <code>bl.<b>readUInt8()</b></code></a>\n  * <a href=\"#streams\">Streams</a>\n\n--------------------------------------------------------\n<a name=\"ctor\"></a>\n### new BufferList([ callback | buffer | buffer array ])\nThe constructor takes an optional callback, if supplied, the callback will be called with an error argument followed by a reference to the **bl** instance, when `bl.end()` is called (i.e. from a piped stream). This is a convenient method of collecting the entire contents of a stream, particularly when the stream is *chunky*, such as a network stream.\n\nNormally, no arguments are required for the constructor, but you can initialise the list by passing in a single `Buffer` object or an array of `Buffer` object.\n\n`new` is not strictly required, if you don't instantiate a new object, it will be done automatically for you so you can create a new instance simply with:\n\n```js\nvar bl = require('bl')\nvar myinstance = bl()\n\n// equivilant to:\n\nvar BufferList = require('bl')\nvar myinstance = new BufferList()\n```\n\n--------------------------------------------------------\n<a name=\"length\"></a>\n### bl.length\nGet the length of the list in bytes. This is the sum of the lengths of all of the buffers contained in the list, minus any initial offset for a semi-consumed buffer at the beginning. Should accurately represent the total number of bytes that can be read from the list.\n\n--------------------------------------------------------\n<a name=\"append\"></a>\n### bl.append(buffer)\n`append(buffer)` adds an additional buffer or BufferList to the internal list.\n\n--------------------------------------------------------\n<a name=\"get\"></a>\n### bl.get(index)\n`get()` will return the byte at the specified index.\n\n--------------------------------------------------------\n<a name=\"slice\"></a>\n### bl.slice([ start, [ end ] ])\n`slice()` returns a new `Buffer` object containing the bytes within the range specified. Both `start` and `end` are optional and will default to the beginning and end of the list respectively.\n\nIf the requested range spans a single internal buffer then a slice of that buffer will be returned which shares the original memory range of that Buffer. If the range spans multiple buffers then copy operations will likely occur to give you a uniform Buffer.\n\n--------------------------------------------------------\n<a name=\"copy\"></a>\n### bl.copy(dest, [ destStart, [ srcStart [, srcEnd ] ] ])\n`copy()` copies the content of the list in the `dest` buffer, starting from `destStart` and containing the bytes within the range specified with `srcStart` to `srcEnd`. `destStart`, `start` and `end` are optional and will default to the beginning of the `dest` buffer, and the beginning and end of the list respectively.\n\n--------------------------------------------------------\n<a name=\"duplicate\"></a>\n### bl.duplicate()\n`duplicate()` performs a **shallow-copy** of the list. The internal Buffers remains the same, so if you change the underlying Buffers, the change will be reflected in both the original and the duplicate. This method is needed if you want to call `consume()` or `pipe()` and still keep the original list.Example:\n\n```js\nvar bl = new BufferList()\n\nbl.append('hello')\nbl.append(' world')\nbl.append('\\n')\n\nbl.duplicate().pipe(process.stdout, { end: false })\n\nconsole.log(bl.toString())\n```\n\n--------------------------------------------------------\n<a name=\"consume\"></a>\n### bl.consume(bytes)\n`consume()` will shift bytes *off the start of the list*. The number of bytes consumed don't need to line up with the sizes of the internal Buffers&mdash;initial offsets will be calculated accordingly in order to give you a consistent view of the data.\n\n--------------------------------------------------------\n<a name=\"toString\"></a>\n### bl.toString([encoding, [ start, [ end ]]])\n`toString()` will return a string representation of the buffer. The optional `start` and `end` arguments are passed on to `slice()`, while the `encoding` is passed on to `toString()` of the resulting Buffer. See the [Buffer#toString()](http://nodejs.org/docs/latest/api/buffer.html#buffer_buf_tostring_encoding_start_end) documentation for more information.\n\n--------------------------------------------------------\n<a name=\"readXX\"></a>\n### bl.readDoubleBE(), bl.readDoubleLE(), bl.readFloatBE(), bl.readFloatLE(), bl.readInt32BE(), bl.readInt32LE(), bl.readUInt32BE(), bl.readUInt32LE(), bl.readInt16BE(), bl.readInt16LE(), bl.readUInt16BE(), bl.readUInt16LE(), bl.readInt8(), bl.readUInt8()\n\nAll of the standard byte-reading methods of the `Buffer` interface are implemented and will operate across internal Buffer boundaries transparently.\n\nSee the <b><code>[Buffer](http://nodejs.org/docs/latest/api/buffer.html)</code></b> documentation for how these work.\n\n--------------------------------------------------------\n<a name=\"streams\"></a>\n### Streams\n**bl** is a Node **[Duplex Stream](http://nodejs.org/docs/latest/api/stream.html#stream_class_stream_duplex)**, so it can be read from and written to like a standard Node stream. You can also `pipe()` to and from a **bl** instance.\n\n--------------------------------------------------------\n\n## Contributors\n\n**bl** is brought to you by the following hackers:\n\n * [Rod Vagg](https://github.com/rvagg)\n * [Matteo Collina](https://github.com/mcollina)\n * [Jarett Cruger](https://github.com/jcrugzz)\n\n=======\n\n<a name=\"license\"></a>\n## License &amp; copyright\n\nCopyright (c) 2013-2014 bl contributors (listed above).\n\nbl is licensed under the MIT license. All rights not explicitly granted in the MIT license are reserved. See the included LICENSE.md file for more details.\n","maintainers":[{"name":"rvagg","email":"rod@vagg.org"}],"time":{"modified":"2016-01-19T05:36:26.056Z","created":"2013-06-15T12:35:42.237Z","0.0.0":"2013-06-15T12:35:47.051Z","0.1.0":"2013-06-16T01:04:03.168Z","0.1.1":"2013-06-16T04:59:00.527Z","0.2.0":"2013-07-23T08:11:36.873Z","0.3.0":"2013-08-07T23:39:24.286Z","0.4.0":"2013-08-08T13:51:22.510Z","0.4.1":"2013-08-08T14:02:15.734Z","0.4.2":"2013-10-02T09:48:29.941Z","0.5.0":"2013-10-10T21:47:31.190Z","0.6.0":"2013-12-03T03:23:07.669Z","0.7.0":"2014-01-09T09:41:05.970Z","0.8.0":"2014-04-07T09:56:19.606Z","0.8.1":"2014-06-27T02:30:06.185Z","0.8.2":"2014-06-28T04:45:15.739Z","0.9.0":"2014-07-22T12:26:24.857Z","0.9.1":"2014-08-20T10:17:06.829Z","0.9.2":"2014-09-10T01:49:52.743Z","0.9.3":"2014-09-10T01:54:50.700Z","0.9.4":"2015-01-19T23:52:52.258Z","1.0.0":"2015-06-21T06:35:02.302Z","1.0.1":"2016-01-19T05:32:39.741Z","0.9.5":"2016-01-19T05:36:26.056Z"},"repository":{"type":"git","url":"git+https://github.com/rvagg/bl.git"},"homepage":"https://github.com/rvagg/bl","keywords":["buffer","buffers","stream","awesomesauce"],"bugs":{"url":"https://github.com/rvagg/bl/issues"},"license":"MIT","readmeFilename":"README.md","users":{"stonestyle":true,"syzer":true,"jhermsmeier":true,"fiveisprime":true,"cheng470":true,"jaggedsoft":true,"markthethomas":true,"davidcz":true,"pnevares":true,"snehlsen":true,"pengzhisun":true,"novemberborn":true,"detj":true,"wangnan0610":true,"dudley":true,"nickleefly":true,"etsit":true,"danwyand":true,"program247365":true,"flyslow":true,"vladan":true,"wenbing":true,"italoacasas":true,"studi11":true,"amio":true,"lcsrinaldi":true,"jeffb_incontact":true,"tzookb":true,"fridurmus":true,"2dxgujun":true,"maur1th":true,"squishleheimer":true,"geekwen":true,"jabbalaci":true,"deubaka":true,"max_devjs":true,"djamseed":true,"tobiasnickel":true,"leobakerhytch":true,"vinchik":true},"_attachments":{},"_etag":"\"WOCSIJ0TAN2VN5CW5CA0LDWK\""}