{"digest":"d255094bf3b80fc534f78fe56091f0b1ecb88e1e","css":"/*\n * Your Stylesheet\n *\n * This stylesheet is loaded when Atom starts up and is reloaded automatically\n * when it is changed and saved.\n *\n * Add your own CSS or Less to fully customize Atom.\n * If you are unfamiliar with Less, you can read more about it here:\n * http://lesscss.org\n */\n/*\n * Examples\n * (To see them, uncomment and save)\n */\natom-text-editor::shadow .cursor {\n  border-color: red;\n  border-width: 2px;\n}\n","imports":[{"path":"static\\variables\\ui-variables.less","digest":"a51b652b59d33fcd2efa2fd725a78735dbbcf655"},{"path":"static\\variables\\syntax-variables.less","digest":"161404ff92113205d84a38441681ded1e4527102"}],"version":1}