{"_id":"inherits","_rev":"48-2e1d5ac5b303d17ee8a65c4e26f0a96a","name":"inherits","description":"Browser-friendly inheritance fully compatible with standard node.js inherits()","dist-tags":{"latest":"2.0.1"},"versions":{"1.0.0":{"name":"inherits","description":"A tiny simple way to do classic inheritance in js","version":"1.0.0","keywords":["inheritance","class","klass","oop","object-oriented"],"main":"./inherits.js","repository":{"type":"git","url":"git://github.com/isaacs/inherits.git"},"author":{"name":"Isaac Z. Schlueter","email":"i@izs.me","url":"http://blog.izs.me/"},"dependencies":{},"devDependencies":{},"_id":"inherits@1.0.0","engines":{"node":"*"},"_engineSupported":true,"_npmVersion":"1.0.1rc6","_nodeVersion":"v0.5.0-pre","_defaultsLoaded":true,"dist":{"shasum":"38e1975285bf1f7ba9c84da102bb12771322ac48","tarball":"http://registry.npmjs.org/inherits/-/inherits-1.0.0.tgz"},"directories":{}},"2.0.0":{"name":"inherits","description":"Browser-friendly inheritance fully compatible with standard node.js inherits()","version":"2.0.0","keywords":["inheritance","class","klass","oop","object-oriented","inherits","browser","browserify"],"main":"./inherits.js","browser":"./inherits_browser.js","repository":{"type":"git","url":"https://github.com/isaacs/inherits"},"license":{"type":"WTFPL2"},"author":{"name":"Isaac Z. Schlueter","email":"i@izs.me","url":"http://blog.izs.me/"},"scripts":{"test":"node test"},"bugs":{"url":"https://github.com/isaacs/inherits/issues"},"_id":"inherits@2.0.0","dist":{"shasum":"76c81b3b1c10ddee3a60bf2c247162bc369f8ba8","tarball":"http://registry.npmjs.org/inherits/-/inherits-2.0.0.tgz"},"_from":".","_npmVersion":"1.2.21","_npmUser":{"name":"isaacs","email":"i@izs.me"},"maintainers":[{"name":"isaacs","email":"i@izs.me"}],"directories":{}},"2.0.1":{"name":"inherits","description":"Browser-friendly inheritance fully compatible with standard node.js inherits()","version":"2.0.1","keywords":["inheritance","class","klass","oop","object-oriented","inherits","browser","browserify"],"main":"./inherits.js","browser":"./inherits_browser.js","repository":{"type":"git","url":"git://github.com/isaacs/inherits"},"license":"ISC","scripts":{"test":"node test"},"bugs":{"url":"https://github.com/isaacs/inherits/issues"},"_id":"inherits@2.0.1","dist":{"shasum":"b17d08d326b4423e568eff719f91b0b1cbdf69f1","tarball":"http://registry.npmjs.org/inherits/-/inherits-2.0.1.tgz"},"_from":".","_npmVersion":"1.3.8","_npmUser":{"name":"isaacs","email":"i@izs.me"},"maintainers":[{"name":"isaacs","email":"i@izs.me"}],"directories":{}},"1.0.1":{"name":"inherits","description":"Browser-friendly inheritance fully compatible with standard node.js inherits()","version":"1.0.1","keywords":["inheritance","class","klass","oop","object-oriented","inherits","browser","browserify"],"main":"./inherits.js","browser":"./inherits_browser.js","repository":{"type":"git","url":"git://github.com/isaacs/inherits.git"},"license":"ISC","scripts":{"test":"node test"},"gitHead":"8cc604cb8bd24a427eb92e96bca4d25a87ce4ea1","bugs":{"url":"https://github.com/isaacs/inherits/issues"},"homepage":"https://github.com/isaacs/inherits#readme","_id":"inherits@1.0.1","_shasum":"1bdf16c6ff8266cb858c6da2baf3637a99fb3d87","_from":".","_npmVersion":"3.2.2","_nodeVersion":"2.2.1","_npmUser":{"name":"isaacs","email":"isaacs@npmjs.com"},"dist":{"shasum":"1bdf16c6ff8266cb858c6da2baf3637a99fb3d87","tarball":"http://registry.npmjs.org/inherits/-/inherits-1.0.1.tgz"},"maintainers":[{"name":"isaacs","email":"i@izs.me"}],"directories":{}},"1.0.2":{"name":"inherits","description":"A tiny simple way to do classic inheritance in js","version":"1.0.2","keywords":["inheritance","class","klass","oop","object-oriented"],"main":"./inherits.js","repository":{"type":"git","url":"git+https://github.com/isaacs/inherits.git"},"author":{"name":"Isaac Z. Schlueter","email":"i@izs.me","url":"http://blog.izs.me/"},"bugs":{"url":"https://github.com/isaacs/inherits/issues"},"homepage":"https://github.com/isaacs/inherits#readme","_id":"inherits@1.0.2","scripts":{},"_shasum":"ca4309dadee6b54cc0b8d247e8d7c7a0975bdc9b","_from":".","_npmVersion":"3.2.2","_nodeVersion":"2.2.1","_npmUser":{"name":"isaacs","email":"isaacs@npmjs.com"},"dist":{"shasum":"ca4309dadee6b54cc0b8d247e8d7c7a0975bdc9b","tarball":"http://registry.npmjs.org/inherits/-/inherits-1.0.2.tgz"},"maintainers":[{"name":"isaacs","email":"i@izs.me"}],"directories":{}}},"maintainers":[{"name":"isaacs","email":"i@izs.me"}],"time":{"modified":"2015-08-27T19:36:46.817Z","created":"2011-04-07T00:35:14.848Z","1.0.0":"2011-04-07T00:35:15.718Z","2.0.0":"2013-05-16T14:44:54.523Z","2.0.1":"2013-08-19T22:10:20.463Z","1.0.1":"2015-08-26T22:12:12.252Z","1.0.2":"2015-08-27T19:36:46.817Z"},"repository":{"type":"git","url":"git://github.com/isaacs/inherits"},"users":{"fgribreau":true,"pid":true,"dbrockman":true,"fibo":true,"shen-weizhong":true,"joakin":true,"stringparser":true,"kxbrand":true,"magemagic":true,"oceanswave":true,"gdibble":true,"rethinkflash":true,"iamveen":true,"docksteaderluke":true,"simplyianm":true,"alexkval":true,"mrmartineau":true,"joris-van-der-wel":true,"minwe":true,"koulmomo":true,"chinaqstar":true,"kontrax":true,"sammyteahan":true,"antixrist":true,"monjer":true,"abdihaikal":true,"tobiasnickel":true,"christopher.urquidi":true,"markoni":true},"keywords":["inheritance","class","klass","oop","object-oriented","inherits","browser","browserify"],"bugs":{"url":"https://github.com/isaacs/inherits/issues"},"license":"ISC","readme":"Browser-friendly inheritance fully compatible with standard node.js\n[inherits](http://nodejs.org/api/util.html#util_util_inherits_constructor_superconstructor).\n\nThis package exports standard `inherits` from node.js `util` module in\nnode environment, but also provides alternative browser-friendly\nimplementation through [browser\nfield](https://gist.github.com/shtylman/4339901). Alternative\nimplementation is a literal copy of standard one located in standalone\nmodule to avoid requiring of `util`. It also has a shim for old\nbrowsers with no `Object.create` support.\n\nWhile keeping you sure you are using standard `inherits`\nimplementation in node.js environment, it allows bundlers such as\n[browserify](https://github.com/substack/node-browserify) to not\ninclude full `util` package to your client code if all you need is\njust `inherits` function. It worth, because browser shim for `util`\npackage is large and `inherits` is often the single function you need\nfrom it.\n\nIt's recommended to use this package instead of\n`require('util').inherits` for any code that has chances to be used\nnot only in node.js but in browser too.\n\n## usage\n\n```js\nvar inherits = require('inherits');\n// then use exactly as the standard one\n```\n\n## note on version ~1.0\n\nVersion ~1.0 had completely different motivation and is not compatible\nneither with 2.0 nor with standard node.js `inherits`.\n\nIf you are using version ~1.0 and planning to switch to ~2.0, be\ncareful:\n\n* new version uses `super_` instead of `super` for referencing\n  superclass\n* new version overwrites current prototype while old one preserves any\n  existing fields on it\n","readmeFilename":"README.md","_attachments":{},"_etag":"\"6K5QFLUTXPME0NV1TFDRFLKIL\""}