{"digest":"b72a2e8e65c33a2673ae5014690605f96af9ded4","css":".timecop {\n  overflow: auto;\n}\n.timecop .timecop-panel {\n  background-color: #202329;\n}\n.timecop .list-item {\n  margin-top: 10px;\n  margin-bottom: 10px;\n}\n.timecop .panels {\n  display: -webkit-flex;\n  -webkit-flex-direction: row;\n}\n.timecop .package-panel {\n  display: -webkit-flex;\n  -webkit-flex-direction: row;\n  flex: 1;\n}\n.timecop .package-panel .list-group {\n  overflow: hidden;\n}\n.timecop .package-panel .inset-panel {\n  width: 100%;\n}\n.timecop .timing {\n  margin-bottom: 10px;\n}\n","imports":[{"path":"static\\variables\\ui-variables.less","digest":"a51b652b59d33fcd2efa2fd725a78735dbbcf655"},{"path":"static\\variables\\syntax-variables.less","digest":"161404ff92113205d84a38441681ded1e4527102"},{"path":"static\\variables\\octicon-mixins.less","digest":"8aa251238352597c0dee170a54f51c889ba2a320"},{"path":"static\\variables\\octicon-utf-codes.less","digest":"91a1e38c4baeb67a3d375ddbfda25243085b4e51"},{"path":"static\\variables\\octicon-utf-codes.less","digest":"91a1e38c4baeb67a3d375ddbfda25243085b4e51"},{"path":"node_modules\\one-dark-ui\\styles\\ui-variables.less","digest":"167b76db825c0cf96e489ecebedd0723861ea9cc"},{"path":"C:\\Users\\Abraão Batista\\.atom\\packages\\itg-dark-syntax\\styles\\syntax-variables.less","digest":"118b23aa0d349df2e906526ebc14bfdc5ff57e47"}],"version":1}