{"_id":"ansi-styles","_rev":"34-e02622d135855e02b2f0fee49d075a25","name":"ansi-styles","description":"ANSI escape codes for styling strings in the terminal","dist-tags":{"latest":"2.1.0"},"versions":{"0.1.0":{"name":"ansi-styles","version":"0.1.0","description":"ANSI escape codes for colorizing strings in the terminal","keywords":["ansi","styles","color","colors","terminal","console","cli","string","tty","escape","formatting","rgb","256"],"homepage":"https://github.com/sindresorhus/ansi-styles","bugs":{"url":"https://github.com/sindresorhus/ansi-styles/issues"},"author":{"name":"Sindre Sorhus","email":"sindresorhus@gmail.com","url":"http://sindresorhus.com"},"main":"ansi-styles.js","repository":{"type":"git","url":"git://github.com/sindresorhus/ansi-styles.git"},"scripts":{"test":"mocha"},"devDependencies":{"mocha":"~1.12.0"},"engines":{"node":">=0.8.0"},"licenses":[{"type":"MIT"}],"files":["ansi-styles.js"],"_id":"ansi-styles@0.1.0","dist":{"shasum":"af63b736c8b14c5dc94af0f3818da822527c10c8","tarball":"http://registry.npmjs.org/ansi-styles/-/ansi-styles-0.1.0.tgz"},"_from":".","_npmVersion":"1.2.32","_npmUser":{"name":"sindresorhus","email":"sindresorhus@gmail.com"},"maintainers":[{"name":"sindresorhus","email":"sindresorhus@gmail.com"}],"directories":{}},"0.1.1":{"name":"ansi-styles","version":"0.1.1","description":"ANSI escape codes for colorizing strings in the terminal","keywords":["ansi","styles","color","colour","colors","terminal","console","cli","string","tty","escape","formatting","rgb","256","shell","xterm","log","logging","command-line","text"],"homepage":"https://github.com/sindresorhus/ansi-styles","bugs":{"url":"https://github.com/sindresorhus/ansi-styles/issues"},"license":"MIT","author":{"name":"Sindre Sorhus","email":"sindresorhus@gmail.com","url":"http://sindresorhus.com"},"files":["ansi-styles.js"],"main":"ansi-styles","repository":{"type":"git","url":"git://github.com/sindresorhus/ansi-styles.git"},"scripts":{"test":"mocha"},"devDependencies":{"mocha":"~1.12.0"},"engines":{"node":">=0.8.0"},"_id":"ansi-styles@0.1.1","dist":{"shasum":"8f1618d24da7072a436f66b79c65385d7c1fe9cf","tarball":"http://registry.npmjs.org/ansi-styles/-/ansi-styles-0.1.1.tgz"},"_from":".","_npmVersion":"1.2.32","_npmUser":{"name":"sindresorhus","email":"sindresorhus@gmail.com"},"maintainers":[{"name":"sindresorhus","email":"sindresorhus@gmail.com"}],"directories":{}},"0.1.2":{"name":"ansi-styles","version":"0.1.2","description":"ANSI escape codes for colorizing strings in the terminal","keywords":["ansi","styles","color","colour","colors","terminal","console","cli","string","tty","escape","formatting","rgb","256","shell","xterm","log","logging","command-line","text"],"homepage":"https://github.com/sindresorhus/ansi-styles","bugs":{"url":"https://github.com/sindresorhus/ansi-styles/issues"},"license":"MIT","author":{"name":"Sindre Sorhus","email":"sindresorhus@gmail.com","url":"http://sindresorhus.com"},"files":["ansi-styles.js"],"main":"ansi-styles","repository":{"type":"git","url":"git://github.com/sindresorhus/ansi-styles.git"},"scripts":{"test":"mocha"},"devDependencies":{"mocha":"~1.12.0"},"engines":{"node":">=0.8.0"},"_id":"ansi-styles@0.1.2","dist":{"shasum":"5bab27c2e0bbe944ee42057cf23adee970abc7c6","tarball":"http://registry.npmjs.org/ansi-styles/-/ansi-styles-0.1.2.tgz"},"_from":".","_npmVersion":"1.2.32","_npmUser":{"name":"sindresorhus","email":"sindresorhus@gmail.com"},"maintainers":[{"name":"sindresorhus","email":"sindresorhus@gmail.com"}],"directories":{}},"0.2.0":{"name":"ansi-styles","version":"0.2.0","description":"ANSI escape codes for colorizing strings in the terminal","keywords":["ansi","styles","color","colour","colors","terminal","console","cli","string","tty","escape","formatting","rgb","256","shell","xterm","log","logging","command-line","text"],"homepage":"https://github.com/sindresorhus/ansi-styles","bugs":{"url":"https://github.com/sindresorhus/ansi-styles/issues"},"license":"MIT","author":{"name":"Sindre Sorhus","email":"sindresorhus@gmail.com","url":"http://sindresorhus.com"},"files":["ansi-styles.js"],"main":"ansi-styles","repository":{"type":"git","url":"git://github.com/sindresorhus/ansi-styles.git"},"scripts":{"test":"mocha"},"devDependencies":{"mocha":"~1.12.0"},"engines":{"node":">=0.8.0"},"_id":"ansi-styles@0.2.0","dist":{"shasum":"359ab4b15dcd64ba6d74734b72c36360a9af2c19","tarball":"http://registry.npmjs.org/ansi-styles/-/ansi-styles-0.2.0.tgz"},"_from":".","_npmVersion":"1.2.32","_npmUser":{"name":"sindresorhus","email":"sindresorhus@gmail.com"},"maintainers":[{"name":"sindresorhus","email":"sindresorhus@gmail.com"}],"directories":{}},"1.0.0":{"name":"ansi-styles","version":"1.0.0","description":"ANSI escape codes for colorizing strings in the terminal","keywords":["ansi","styles","color","colour","colors","terminal","console","cli","string","tty","escape","formatting","rgb","256","shell","xterm","log","logging","command-line","text"],"homepage":"https://github.com/sindresorhus/ansi-styles","bugs":{"url":"https://github.com/sindresorhus/ansi-styles/issues"},"license":"MIT","author":{"name":"Sindre Sorhus","email":"sindresorhus@gmail.com","url":"http://sindresorhus.com"},"files":["ansi-styles.js"],"main":"ansi-styles","repository":{"type":"git","url":"git://github.com/sindresorhus/ansi-styles.git"},"scripts":{"test":"mocha"},"devDependencies":{"mocha":"~1.12.0"},"engines":{"node":">=0.8.0"},"_id":"ansi-styles@1.0.0","dist":{"shasum":"cb102df1c56f5123eab8b67cd7b98027a0279178","tarball":"http://registry.npmjs.org/ansi-styles/-/ansi-styles-1.0.0.tgz"},"_from":".","_npmVersion":"1.3.15","_npmUser":{"name":"sindresorhus","email":"sindresorhus@gmail.com"},"maintainers":[{"name":"sindresorhus","email":"sindresorhus@gmail.com"}],"directories":{}},"1.1.0":{"name":"ansi-styles","version":"1.1.0","description":"ANSI escape codes for styling strings in the terminal","license":"MIT","repository":{"type":"git","url":"git://github.com/sindresorhus/ansi-styles"},"author":{"name":"Sindre Sorhus","email":"sindresorhus@gmail.com","url":"http://sindresorhus.com"},"engines":{"node":">=0.10.0"},"scripts":{"test":"mocha"},"files":["index.js"],"keywords":["ansi","styles","color","colour","colors","terminal","console","cli","string","tty","escape","formatting","rgb","256","shell","xterm","log","logging","command-line","text"],"devDependencies":{"mocha":"*"},"bugs":{"url":"https://github.com/sindresorhus/ansi-styles/issues"},"homepage":"https://github.com/sindresorhus/ansi-styles","_id":"ansi-styles@1.1.0","_shasum":"eaecbf66cd706882760b2f4691582b8f55d7a7de","_from":".","_npmVersion":"1.4.9","_npmUser":{"name":"sindresorhus","email":"sindresorhus@gmail.com"},"maintainers":[{"name":"sindresorhus","email":"sindresorhus@gmail.com"}],"dist":{"shasum":"eaecbf66cd706882760b2f4691582b8f55d7a7de","tarball":"http://registry.npmjs.org/ansi-styles/-/ansi-styles-1.1.0.tgz"},"directories":{}},"2.0.0":{"name":"ansi-styles","version":"2.0.0","description":"ANSI escape codes for styling strings in the terminal","license":"MIT","repository":{"type":"git","url":"https://github.com/sindresorhus/ansi-styles"},"author":{"name":"Sindre Sorhus","email":"sindresorhus@gmail.com","url":"http://sindresorhus.com"},"engines":{"node":">=0.10.0"},"scripts":{"test":"mocha"},"files":["index.js"],"keywords":["ansi","styles","color","colour","colors","terminal","console","cli","string","tty","escape","formatting","rgb","256","shell","xterm","log","logging","command-line","text"],"devDependencies":{"mocha":"*"},"gitHead":"8c71708c951ab5ba824487c67053fb8f1eb8b6ea","bugs":{"url":"https://github.com/sindresorhus/ansi-styles/issues"},"homepage":"https://github.com/sindresorhus/ansi-styles","_id":"ansi-styles@2.0.0","_shasum":"432b26162fea1b63c878896abc8cc5548f25063e","_from":".","_npmVersion":"2.1.5","_nodeVersion":"0.10.32","_npmUser":{"name":"sindresorhus","email":"sindresorhus@gmail.com"},"maintainers":[{"name":"sindresorhus","email":"sindresorhus@gmail.com"},{"name":"jbnicolai","email":"jappelman@xebia.com"}],"dist":{"shasum":"432b26162fea1b63c878896abc8cc5548f25063e","tarball":"http://registry.npmjs.org/ansi-styles/-/ansi-styles-2.0.0.tgz"},"directories":{}},"2.0.1":{"name":"ansi-styles","version":"2.0.1","description":"ANSI escape codes for styling strings in the terminal","license":"MIT","repository":{"type":"git","url":"https://github.com/sindresorhus/ansi-styles"},"author":{"name":"Sindre Sorhus","email":"sindresorhus@gmail.com","url":"http://sindresorhus.com"},"maintainers":[{"name":"sindresorhus","email":"sindresorhus@gmail.com"},{"name":"jbnicolai","email":"jappelman@xebia.com"}],"engines":{"node":">=0.10.0"},"scripts":{"test":"mocha"},"files":["index.js"],"keywords":["ansi","styles","color","colour","colors","terminal","console","cli","string","tty","escape","formatting","rgb","256","shell","xterm","log","logging","command-line","text"],"devDependencies":{"mocha":"*"},"gitHead":"da6541334e1681cb803f891fab8abf4313cc4bc1","bugs":{"url":"https://github.com/sindresorhus/ansi-styles/issues"},"homepage":"https://github.com/sindresorhus/ansi-styles","_id":"ansi-styles@2.0.1","_shasum":"b033f57f93e2d28adeb8bc11138fa13da0fd20a3","_from":".","_npmVersion":"2.1.16","_nodeVersion":"0.10.35","_npmUser":{"name":"jbnicolai","email":"jappelman@xebia.com"},"dist":{"shasum":"b033f57f93e2d28adeb8bc11138fa13da0fd20a3","tarball":"http://registry.npmjs.org/ansi-styles/-/ansi-styles-2.0.1.tgz"},"directories":{}},"2.1.0":{"name":"ansi-styles","version":"2.1.0","description":"ANSI escape codes for styling strings in the terminal","license":"MIT","repository":{"type":"git","url":"https://github.com/chalk/ansi-styles"},"author":{"name":"Sindre Sorhus","email":"sindresorhus@gmail.com","url":"sindresorhus.com"},"maintainers":[{"name":"sindresorhus","email":"sindresorhus@gmail.com"},{"name":"jbnicolai","email":"jappelman@xebia.com"}],"engines":{"node":">=0.10.0"},"scripts":{"test":"mocha"},"files":["index.js"],"keywords":["ansi","styles","color","colour","colors","terminal","console","cli","string","tty","escape","formatting","rgb","256","shell","xterm","log","logging","command-line","text"],"devDependencies":{"mocha":"*"},"gitHead":"18421cbe4a2d93359ec2599a894f704be126d066","bugs":{"url":"https://github.com/chalk/ansi-styles/issues"},"homepage":"https://github.com/chalk/ansi-styles","_id":"ansi-styles@2.1.0","_shasum":"990f747146927b559a932bf92959163d60c0d0e2","_from":".","_npmVersion":"2.10.1","_nodeVersion":"0.12.4","_npmUser":{"name":"jbnicolai","email":"jappelman@xebia.com"},"dist":{"shasum":"990f747146927b559a932bf92959163d60c0d0e2","tarball":"http://registry.npmjs.org/ansi-styles/-/ansi-styles-2.1.0.tgz"},"directories":{}}},"readme":"# ansi-styles [![Build Status](https://travis-ci.org/chalk/ansi-styles.svg?branch=master)](https://travis-ci.org/chalk/ansi-styles)\n\n> [ANSI escape codes](http://en.wikipedia.org/wiki/ANSI_escape_code#Colors_and_Styles) for styling strings in the terminal\n\nYou probably want the higher-level [chalk](https://github.com/chalk/chalk) module for styling your strings.\n\n![](screenshot.png)\n\n\n## Install\n\n```\n$ npm install --save ansi-styles\n```\n\n\n## Usage\n\n```js\nvar ansi = require('ansi-styles');\n\nconsole.log(ansi.green.open + 'Hello world!' + ansi.green.close);\n```\n\n\n## API\n\nEach style has an `open` and `close` property.\n\n\n## Styles\n\n### Modifiers\n\n- `reset`\n- `bold`\n- `dim`\n- `italic` *(not widely supported)*\n- `underline`\n- `inverse`\n- `hidden`\n- `strikethrough` *(not widely supported)*\n\n### Colors\n\n- `black`\n- `red`\n- `green`\n- `yellow`\n- `blue`\n- `magenta`\n- `cyan`\n- `white`\n- `gray`\n\n### Background colors\n\n- `bgBlack`\n- `bgRed`\n- `bgGreen`\n- `bgYellow`\n- `bgBlue`\n- `bgMagenta`\n- `bgCyan`\n- `bgWhite`\n\n\n## Advanced usage\n\nBy default you get a map of styles, but the styles are also available as groups. They are non-enumerable so they don't show up unless you access them explicitly. This makes it easier to expose only a subset in a higher-level module.\n\n- `ansi.modifiers`\n- `ansi.colors`\n- `ansi.bgColors`\n\n\n###### Example\n\n```js\nconsole.log(ansi.colors.green.open);\n```\n\n\n## License\n\nMIT © [Sindre Sorhus](http://sindresorhus.com)\n","maintainers":[{"name":"sindresorhus","email":"sindresorhus@gmail.com"},{"name":"jbnicolai","email":"jappelman@xebia.com"}],"time":{"modified":"2015-07-01T13:26:31.005Z","created":"2013-07-31T23:00:29.145Z","0.1.0":"2013-07-31T23:00:32.552Z","0.1.1":"2013-08-03T00:31:59.821Z","0.1.2":"2013-08-03T01:38:52.766Z","0.2.0":"2013-08-03T16:40:58.340Z","1.0.0":"2013-12-08T00:00:09.315Z","1.1.0":"2014-06-03T23:35:17.884Z","2.0.0":"2014-11-23T11:52:58.607Z","2.0.1":"2015-02-22T09:21:36.085Z","2.1.0":"2015-07-01T13:26:31.005Z"},"author":{"name":"Sindre Sorhus","email":"sindresorhus@gmail.com","url":"sindresorhus.com"},"repository":{"type":"git","url":"https://github.com/chalk/ansi-styles"},"users":{"passy":true,"tunnckocore":true,"gliviu":true,"operandom":true},"homepage":"https://github.com/chalk/ansi-styles","keywords":["ansi","styles","color","colour","colors","terminal","console","cli","string","tty","escape","formatting","rgb","256","shell","xterm","log","logging","command-line","text"],"bugs":{"url":"https://github.com/chalk/ansi-styles/issues"},"license":"MIT","readmeFilename":"readme.md","_attachments":{},"_etag":"\"9LLFLOJ9GM4RQX3H0RXPTL575\""}