{"_id":"assert-plus","_rev":"21-8e799ed8b7186d21545c048f15a97939","name":"assert-plus","description":"Extra assertions on top of node's assert module","dist-tags":{"latest":"1.0.0"},"versions":{"0.1.0":{"author":{"name":"Mark Cavage","email":"mcavage@gmail.com"},"name":"assert-plus","description":"Extra assertions on top of node's assert module","version":"0.1.0","main":"./assert.js","dependencies":{},"devDependencies":{},"optionalDependencies":{},"engines":{"node":">=0.6"},"_npmUser":{"name":"mcavage","email":"mcavage@gmail.com"},"_id":"assert-plus@0.1.0","_engineSupported":true,"_npmVersion":"1.1.21","_nodeVersion":"v0.6.18","_defaultsLoaded":true,"dist":{"shasum":"386c2c8452ebdfcf8f1f722fdea548c7bf874f9c","tarball":"http://registry.npmjs.org/assert-plus/-/assert-plus-0.1.0.tgz"},"maintainers":[{"name":"mcavage","email":"mcavage@gmail.com"}],"directories":{}},"0.1.1":{"author":{"name":"Mark Cavage","email":"mcavage@gmail.com"},"name":"assert-plus","description":"Extra assertions on top of node's assert module","version":"0.1.1","main":"./assert.js","dependencies":{},"devDependencies":{},"optionalDependencies":{},"engines":{"node":">=0.6"},"_id":"assert-plus@0.1.1","dist":{"shasum":"b070bfb80440b5f0812195e1b3395c8744c063a3","tarball":"http://registry.npmjs.org/assert-plus/-/assert-plus-0.1.1.tgz"},"maintainers":[{"name":"mcavage","email":"mcavage@gmail.com"}],"directories":{}},"0.1.2":{"author":{"name":"Mark Cavage","email":"mcavage@gmail.com"},"name":"assert-plus","description":"Extra assertions on top of node's assert module","version":"0.1.2","main":"./assert.js","dependencies":{},"devDependencies":{},"optionalDependencies":{},"engines":{"node":">=0.6"},"_id":"assert-plus@0.1.2","dist":{"shasum":"d93ffdbb67ac5507779be316a7d65146417beef8","tarball":"http://registry.npmjs.org/assert-plus/-/assert-plus-0.1.2.tgz"},"_npmVersion":"1.1.59","_npmUser":{"name":"mcavage","email":"mcavage@gmail.com"},"maintainers":[{"name":"mcavage","email":"mcavage@gmail.com"}],"directories":{}},"0.1.3":{"author":{"name":"Mark Cavage","email":"mcavage@gmail.com"},"name":"assert-plus","description":"Extra assertions on top of node's assert module","version":"0.1.3","main":"./assert.js","dependencies":{},"devDependencies":{},"optionalDependencies":{},"engines":{"node":">=0.8"},"_id":"assert-plus@0.1.3","dist":{"shasum":"32eba8ac83e50ae4f4b5babab1ae9aa0edec9fef","tarball":"http://registry.npmjs.org/assert-plus/-/assert-plus-0.1.3.tgz"},"_from":".","_npmVersion":"1.2.18","_npmUser":{"name":"mcavage","email":"mcavage@gmail.com"},"maintainers":[{"name":"mcavage","email":"mcavage@gmail.com"}],"directories":{}},"0.1.4":{"author":{"name":"Mark Cavage","email":"mcavage@gmail.com"},"name":"assert-plus","description":"Extra assertions on top of node's assert module","version":"0.1.4","main":"./assert.js","devDependencies":{},"optionalDependencies":{},"repository":{"type":"git","url":"https://github.com/mcavage/node-assert-plus.git"},"engines":{"node":">=0.8"},"_id":"assert-plus@0.1.4","dependencies":{},"dist":{"shasum":"283eff8b140ecd768529fbf3730a4c09ebec61f7","tarball":"http://registry.npmjs.org/assert-plus/-/assert-plus-0.1.4.tgz"},"_from":".","_npmVersion":"1.2.18","_npmUser":{"name":"mcavage","email":"mcavage@gmail.com"},"maintainers":[{"name":"mcavage","email":"mcavage@gmail.com"}],"directories":{}},"0.1.5":{"author":{"name":"Mark Cavage","email":"mcavage@gmail.com"},"name":"assert-plus","description":"Extra assertions on top of node's assert module","version":"0.1.5","main":"./assert.js","devDependencies":{},"optionalDependencies":{},"repository":{"type":"git","url":"https://github.com/mcavage/node-assert-plus.git"},"engines":{"node":">=0.8"},"bugs":{"url":"https://github.com/mcavage/node-assert-plus/issues"},"dependencies":{},"_id":"assert-plus@0.1.5","dist":{"shasum":"ee74009413002d84cec7219c6ac811812e723160","tarball":"http://registry.npmjs.org/assert-plus/-/assert-plus-0.1.5.tgz"},"_from":".","_npmVersion":"1.3.11","_npmUser":{"name":"mcavage","email":"mcavage@gmail.com"},"maintainers":[{"name":"mcavage","email":"mcavage@gmail.com"}],"directories":{}},"0.2.0":{"author":{"name":"Mark Cavage","email":"mcavage@gmail.com"},"name":"assert-plus","description":"Extra assertions on top of node's assert module","version":"0.2.0","license":"MIT","main":"./assert.js","devDependencies":{"tape":"4.2.2","faucet":"0.0.1"},"optionalDependencies":{},"scripts":{"test":"tape tests/*.js | ./node_modules/.bin/faucet"},"repository":{"type":"git","url":"git+https://github.com/mcavage/node-assert-plus.git"},"engines":{"node":">=0.8"},"contributors":[{"name":"Dave Eddy","email":"dave@daveeddy.com"},{"name":"Fred Kuo","email":"fred.kuo@joyent.com"},{"name":"Lars-Magnus Skog","email":"ralphtheninja@riseup.net"},{"name":"Mark Cavage","email":"mcavage@gmail.com"},{"name":"Patrick Mooney","email":"pmooney@pfmooney.com"},{"name":"Rob Gulewich","email":"robert.gulewich@joyent.com"}],"bugs":{"url":"https://github.com/mcavage/node-assert-plus/issues"},"homepage":"https://github.com/mcavage/node-assert-plus#readme","dependencies":{},"_id":"assert-plus@0.2.0","_shasum":"d74e1b87e7affc0db8aadb7021f3fe48101ab234","_resolved":"file:assert-plus-0.2.0.tgz","_from":"assert-plus-0.2.0.tgz","_npmVersion":"3.3.8","_nodeVersion":"0.10.36","_npmUser":{"name":"pfmooney","email":"patrick.f.mooney@gmail.com"},"dist":{"shasum":"d74e1b87e7affc0db8aadb7021f3fe48101ab234","tarball":"http://registry.npmjs.org/assert-plus/-/assert-plus-0.2.0.tgz"},"maintainers":[{"name":"mcavage","email":"mcavage@gmail.com"},{"name":"pfmooney","email":"patrick.f.mooney@gmail.com"}],"directories":{}},"1.0.0":{"author":{"name":"Mark Cavage","email":"mcavage@gmail.com"},"name":"assert-plus","description":"Extra assertions on top of node's assert module","version":"1.0.0","license":"MIT","main":"./assert.js","devDependencies":{"tape":"4.2.2","faucet":"0.0.1"},"optionalDependencies":{},"scripts":{"test":"tape tests/*.js | ./node_modules/.bin/faucet"},"repository":{"type":"git","url":"git+https://github.com/mcavage/node-assert-plus.git"},"engines":{"node":">=0.8"},"contributors":[{"name":"Dave Eddy","email":"dave@daveeddy.com"},{"name":"Fred Kuo","email":"fred.kuo@joyent.com"},{"name":"Lars-Magnus Skog","email":"ralphtheninja@riseup.net"},{"name":"Mark Cavage","email":"mcavage@gmail.com"},{"name":"Patrick Mooney","email":"pmooney@pfmooney.com"},{"name":"Rob Gulewich","email":"robert.gulewich@joyent.com"}],"bugs":{"url":"https://github.com/mcavage/node-assert-plus/issues"},"homepage":"https://github.com/mcavage/node-assert-plus#readme","dependencies":{},"_id":"assert-plus@1.0.0","_shasum":"f12e0f3c5d77b0b1cdd9146942e4e96c1e4dd525","_resolved":"file:assert-plus-1.0.0.tgz","_from":"assert-plus-1.0.0.tgz","_npmVersion":"3.3.9","_nodeVersion":"0.10.40","_npmUser":{"name":"pfmooney","email":"patrick.f.mooney@gmail.com"},"maintainers":[{"name":"mcavage","email":"mcavage@gmail.com"},{"name":"pfmooney","email":"patrick.f.mooney@gmail.com"}],"dist":{"shasum":"f12e0f3c5d77b0b1cdd9146942e4e96c1e4dd525","tarball":"http://registry.npmjs.org/assert-plus/-/assert-plus-1.0.0.tgz"},"directories":{}}},"readme":"# assert-plus\n\nThis library is a super small wrapper over node's assert module that has two\nthings: (1) the ability to disable assertions with the environment variable\nNODE\\_NDEBUG, and (2) some API wrappers for argument testing.  Like\n`assert.string(myArg, 'myArg')`.  As a simple example, most of my code looks\nlike this:\n\n```javascript\n    var assert = require('assert-plus');\n\n    function fooAccount(options, callback) {\n        assert.object(options, 'options');\n        assert.number(options.id, 'options.id');\n        assert.bool(options.isManager, 'options.isManager');\n        assert.string(options.name, 'options.name');\n        assert.arrayOfString(options.email, 'options.email');\n        assert.func(callback, 'callback');\n\n        // Do stuff\n        callback(null, {});\n    }\n```\n\n# API\n\nAll methods that *aren't* part of node's core assert API are simply assumed to\ntake an argument, and then a string 'name' that's not a message; `AssertionError`\nwill be thrown if the assertion fails with a message like:\n\n    AssertionError: foo (string) is required\n    at test (/home/mark/work/foo/foo.js:3:9)\n    at Object.<anonymous> (/home/mark/work/foo/foo.js:15:1)\n    at Module._compile (module.js:446:26)\n    at Object..js (module.js:464:10)\n    at Module.load (module.js:353:31)\n    at Function._load (module.js:311:12)\n    at Array.0 (module.js:484:10)\n    at EventEmitter._tickCallback (node.js:190:38)\n\nfrom:\n\n```javascript\n    function test(foo) {\n        assert.string(foo, 'foo');\n    }\n```\n\nThere you go.  You can check that arrays are of a homogeneous type with `Arrayof$Type`:\n\n```javascript\n    function test(foo) {\n        assert.arrayOfString(foo, 'foo');\n    }\n```\n\nYou can assert IFF an argument is not `undefined` (i.e., an optional arg):\n\n```javascript\n    assert.optionalString(foo, 'foo');\n```\n\nLastly, you can opt-out of assertion checking altogether by setting the\nenvironment variable `NODE_NDEBUG=1`.  This is pseudo-useful if you have\nlots of assertions, and don't want to pay `typeof ()` taxes to v8 in\nproduction.  Be advised:  The standard functions re-exported from `assert` are\nalso disabled in assert-plus if NDEBUG is specified.  Using them directly from\nthe `assert` module avoids this behavior.\n\nThe complete list of APIs is:\n\n* assert.array\n* assert.bool\n* assert.buffer\n* assert.func\n* assert.number\n* assert.finite\n* assert.object\n* assert.string\n* assert.stream\n* assert.date\n* assert.regexp\n* assert.uuid\n* assert.arrayOfArray\n* assert.arrayOfBool\n* assert.arrayOfBuffer\n* assert.arrayOfFunc\n* assert.arrayOfNumber\n* assert.arrayOfFinite\n* assert.arrayOfObject\n* assert.arrayOfString\n* assert.arrayOfStream\n* assert.arrayOfDate\n* assert.arrayOfRegexp\n* assert.arrayOfUuid\n* assert.optionalArray\n* assert.optionalBool\n* assert.optionalBuffer\n* assert.optionalFunc\n* assert.optionalNumber\n* assert.optionalFinite\n* assert.optionalObject\n* assert.optionalString\n* assert.optionalStream\n* assert.optionalDate\n* assert.optionalRegexp\n* assert.optionalUuid\n* assert.optionalArrayOfArray\n* assert.optionalArrayOfBool\n* assert.optionalArrayOfBuffer\n* assert.optionalArrayOfFunc\n* assert.optionalArrayOfNumber\n* assert.optionalArrayOfFinite\n* assert.optionalArrayOfObject\n* assert.optionalArrayOfString\n* assert.optionalArrayOfStream\n* assert.optionalArrayOfDate\n* assert.optionalArrayOfRegexp\n* assert.optionalArrayOfUuid\n* assert.AssertionError\n* assert.fail\n* assert.ok\n* assert.equal\n* assert.notEqual\n* assert.deepEqual\n* assert.notDeepEqual\n* assert.strictEqual\n* assert.notStrictEqual\n* assert.throws\n* assert.doesNotThrow\n* assert.ifError\n\n# Installation\n\n    npm install assert-plus\n\n## License\n\nThe MIT License (MIT)\nCopyright (c) 2012 Mark Cavage\n\nPermission is hereby granted, free of charge, to any person obtaining a copy of\nthis software and associated documentation files (the \"Software\"), to deal in\nthe Software without restriction, including without limitation the rights to\nuse, copy, modify, merge, publish, distribute, sublicense, and/or sell copies of\nthe Software, and to permit persons to whom the Software is furnished to do so,\nsubject to the following conditions:\n\nThe above copyright notice and this permission notice shall be included in all\ncopies or substantial portions of the Software.\n\nTHE SOFTWARE IS PROVIDED \"AS IS\", WITHOUT WARRANTY OF ANY KIND, EXPRESS OR\nIMPLIED, INCLUDING BUT NOT LIMITED TO THE WARRANTIES OF MERCHANTABILITY,\nFITNESS FOR A PARTICULAR PURPOSE AND NONINFRINGEMENT. IN NO EVENT SHALL THE\nAUTHORS OR COPYRIGHT HOLDERS BE LIABLE FOR ANY CLAIM, DAMAGES OR OTHER\nLIABILITY, WHETHER IN AN ACTION OF CONTRACT, TORT OR OTHERWISE, ARISING FROM,\nOUT OF OR IN CONNECTION WITH THE SOFTWARE OR THE USE OR OTHER DEALINGS IN THE\nSOFTWARE.\n\n## Bugs\n\nSee <https://github.com/mcavage/node-assert-plus/issues>.\n","maintainers":[{"name":"mcavage","email":"mcavage@gmail.com"},{"name":"pfmooney","email":"patrick.f.mooney@gmail.com"}],"time":{"modified":"2016-01-27T19:03:38.091Z","created":"2012-06-23T23:15:09.466Z","0.1.0":"2012-06-23T23:15:10.890Z","0.1.1":"2012-09-11T17:23:02.814Z","0.1.2":"2012-09-18T21:45:30.157Z","0.1.3":"2013-05-21T21:40:02.279Z","0.1.4":"2013-06-27T17:20:20.703Z","0.1.5":"2013-11-25T17:23:47.053Z","0.2.0":"2015-11-10T07:51:02.234Z","1.0.0":"2016-01-27T19:03:38.091Z"},"author":{"name":"Mark Cavage","email":"mcavage@gmail.com"},"repository":{"type":"git","url":"git+https://github.com/mcavage/node-assert-plus.git"},"users":{"hellboy81":true,"chmanie":true,"barenko":true,"blackwhite":true,"qqqppp9998":true},"bugs":{"url":"https://github.com/mcavage/node-assert-plus/issues"},"readmeFilename":"README.md","homepage":"https://github.com/mcavage/node-assert-plus#readme","contributors":[{"name":"Dave Eddy","email":"dave@daveeddy.com"},{"name":"Fred Kuo","email":"fred.kuo@joyent.com"},{"name":"Lars-Magnus Skog","email":"ralphtheninja@riseup.net"},{"name":"Mark Cavage","email":"mcavage@gmail.com"},{"name":"Patrick Mooney","email":"pmooney@pfmooney.com"},{"name":"Rob Gulewich","email":"robert.gulewich@joyent.com"}],"license":"MIT","_attachments":{},"_etag":"\"4TNHC2H0CMVE0AH06PHSNSCXU\""}