{"_id":"string_decoder","_rev":"29-0234841972bd4ccddf1181a6f964aa99","name":"string_decoder","description":"The string_decoder module from Node core","dist-tags":{"latest":"0.10.31"},"versions":{"0.0.0":{"name":"string_decoder","version":"0.0.0","description":"the string_decoder module from node core for browsers","main":"index.js","dependencies":{},"devDependencies":{"tape":"~1.0.4"},"scripts":{"test":"tape test/*.js"},"repository":{"type":"git","url":"git://github.com/substack/string_decoder.git"},"homepage":"https://github.com/substack/string_decoder","keywords":["string","decoder","browser","browserify"],"author":{"name":"James Halliday","email":"mail@substack.net","url":"http://substack.net"},"license":"MIT","bugs":{"url":"https://github.com/substack/string_decoder/issues"},"_id":"string_decoder@0.0.0","dist":{"shasum":"e185bd651285845d5599d23cf7bff58dd4ad7c18","tarball":"http://registry.npmjs.org/string_decoder/-/string_decoder-0.0.0.tgz"},"_from":".","_npmVersion":"1.3.14","_npmUser":{"name":"substack","email":"mail@substack.net"},"maintainers":[{"name":"substack","email":"mail@substack.net"}],"directories":{}},"0.0.1":{"name":"string_decoder","version":"0.0.1","description":"the string_decoder module from node core for browsers","main":"index.js","dependencies":{},"devDependencies":{"tap":"~0.4.8"},"scripts":{"test":"tap test/simple/*.js"},"repository":{"type":"git","url":"git://github.com/substack/string_decoder.git"},"homepage":"https://github.com/substack/string_decoder","keywords":["string","decoder","browser","browserify"],"author":{"name":"James Halliday","email":"mail@substack.net","url":"http://substack.net"},"license":"MIT","bugs":{"url":"https://github.com/substack/string_decoder/issues"},"_id":"string_decoder@0.0.1","dist":{"shasum":"f5472d0a8d1650ec823752d24e6fd627b39bf141","tarball":"http://registry.npmjs.org/string_decoder/-/string_decoder-0.0.1.tgz"},"_from":".","_npmVersion":"1.3.21","_npmUser":{"name":"substack","email":"mail@substack.net"},"maintainers":[{"name":"substack","email":"mail@substack.net"}],"directories":{}},"0.10.24":{"name":"string_decoder","version":"0.10.24","description":"The string_decoder module from Node core","main":"index.js","dependencies":{},"devDependencies":{"tap":"~0.4.8"},"scripts":{"test":"tap test/simple/*.js"},"repository":{"type":"git","url":"git://github.com/rvagg/string_decoder.git"},"homepage":"https://github.com/rvagg/string_decoder","keywords":["string","decoder","browser","browserify"],"license":"MIT","bugs":{"url":"https://github.com/rvagg/string_decoder/issues"},"_id":"string_decoder@0.10.24","dist":{"shasum":"6902abf7be76f35e9c92292583328ba4c07e86c3","tarball":"http://registry.npmjs.org/string_decoder/-/string_decoder-0.10.24.tgz"},"_from":".","_npmVersion":"1.3.13","_npmUser":{"name":"rvagg","email":"rod@vagg.org"},"maintainers":[{"name":"substack","email":"mail@substack.net"},{"name":"rvagg","email":"rod@vagg.org"}],"directories":{}},"0.11.10":{"name":"string_decoder","version":"0.11.10","description":"The string_decoder module from Node core","main":"index.js","dependencies":{},"devDependencies":{"tap":"~0.4.8"},"scripts":{"test":"tap test/simple/*.js"},"repository":{"type":"git","url":"git://github.com/rvagg/string_decoder.git"},"homepage":"https://github.com/rvagg/string_decoder","keywords":["string","decoder","browser","browserify"],"license":"MIT","bugs":{"url":"https://github.com/rvagg/string_decoder/issues"},"_id":"string_decoder@0.11.10","dist":{"shasum":"f0a31205d59b2f1f2e90fdd5032d670a5f9ecf4a","tarball":"http://registry.npmjs.org/string_decoder/-/string_decoder-0.11.10.tgz"},"_from":".","_npmVersion":"1.3.13","_npmUser":{"name":"rvagg","email":"rod@vagg.org"},"maintainers":[{"name":"substack","email":"mail@substack.net"},{"name":"rvagg","email":"rod@vagg.org"}],"directories":{}},"0.10.25":{"name":"string_decoder","version":"0.10.25","description":"The string_decoder module from Node core","main":"index.js","dependencies":{},"devDependencies":{"tap":"~0.4.8"},"scripts":{"test":"tap test/simple/*.js"},"repository":{"type":"git","url":"git://github.com/rvagg/string_decoder.git"},"homepage":"https://github.com/rvagg/string_decoder","keywords":["string","decoder","browser","browserify"],"license":"MIT","bugs":{"url":"https://github.com/rvagg/string_decoder/issues"},"_id":"string_decoder@0.10.25","dist":{"shasum":"668c9da4f8efbdc937a4a6b6bf1cfbec4e9a82e2","tarball":"http://registry.npmjs.org/string_decoder/-/string_decoder-0.10.25.tgz"},"_from":".","_npmVersion":"1.2.30","_npmUser":{"name":"rvagg","email":"rod@vagg.org"},"maintainers":[{"name":"substack","email":"mail@substack.net"},{"name":"rvagg","email":"rod@vagg.org"}],"directories":{}},"0.11.10-1":{"name":"string_decoder","version":"0.11.10-1","description":"The string_decoder module from Node core","main":"index.js","dependencies":{},"devDependencies":{"tap":"~0.4.8"},"scripts":{"test":"tap test/simple/*.js"},"repository":{"type":"git","url":"git://github.com/rvagg/string_decoder.git"},"homepage":"https://github.com/rvagg/string_decoder","keywords":["string","decoder","browser","browserify"],"license":"MIT","bugs":{"url":"https://github.com/rvagg/string_decoder/issues"},"_id":"string_decoder@0.11.10-1","dist":{"shasum":"eb35282cf4612b6e5662fb411b7deeabaa757468","tarball":"http://registry.npmjs.org/string_decoder/-/string_decoder-0.11.10-1.tgz"},"_from":".","_npmVersion":"1.2.30","_npmUser":{"name":"rvagg","email":"rod@vagg.org"},"maintainers":[{"name":"substack","email":"mail@substack.net"},{"name":"rvagg","email":"rod@vagg.org"}],"directories":{}},"0.10.25-1":{"name":"string_decoder","version":"0.10.25-1","description":"The string_decoder module from Node core","main":"index.js","dependencies":{},"devDependencies":{"tap":"~0.4.8"},"scripts":{"test":"tap test/simple/*.js"},"repository":{"type":"git","url":"git://github.com/rvagg/string_decoder.git"},"homepage":"https://github.com/rvagg/string_decoder","keywords":["string","decoder","browser","browserify"],"license":"MIT","bugs":{"url":"https://github.com/rvagg/string_decoder/issues"},"_id":"string_decoder@0.10.25-1","dist":{"shasum":"f387babd95d23a2bb73b1fbf2cb3efab6f78baab","tarball":"http://registry.npmjs.org/string_decoder/-/string_decoder-0.10.25-1.tgz"},"_from":".","_npmVersion":"1.3.24","_npmUser":{"name":"rvagg","email":"rod@vagg.org"},"maintainers":[{"name":"substack","email":"mail@substack.net"},{"name":"rvagg","email":"rod@vagg.org"}],"directories":{}},"0.10.31":{"name":"string_decoder","version":"0.10.31","description":"The string_decoder module from Node core","main":"index.js","dependencies":{},"devDependencies":{"tap":"~0.4.8"},"scripts":{"test":"tap test/simple/*.js"},"repository":{"type":"git","url":"git://github.com/rvagg/string_decoder.git"},"homepage":"https://github.com/rvagg/string_decoder","keywords":["string","decoder","browser","browserify"],"license":"MIT","gitHead":"d46d4fd87cf1d06e031c23f1ba170ca7d4ade9a0","bugs":{"url":"https://github.com/rvagg/string_decoder/issues"},"_id":"string_decoder@0.10.31","_shasum":"62e203bc41766c6c28c9fc84301dab1c5310fa94","_from":".","_npmVersion":"1.4.23","_npmUser":{"name":"rvagg","email":"rod@vagg.org"},"maintainers":[{"name":"substack","email":"mail@substack.net"},{"name":"rvagg","email":"rod@vagg.org"}],"dist":{"shasum":"62e203bc41766c6c28c9fc84301dab1c5310fa94","tarball":"http://registry.npmjs.org/string_decoder/-/string_decoder-0.10.31.tgz"},"directories":{}}},"readme":"**string_decoder.js** (`require('string_decoder')`) from Node.js core\n\nCopyright Joyent, Inc. and other Node contributors. See LICENCE file for details.\n\nVersion numbers match the versions found in Node core, e.g. 0.10.24 matches Node 0.10.24, likewise 0.11.10 matches Node 0.11.10. **Prefer the stable version over the unstable.**\n\nThe *build/* directory contains a build script that will scrape the source from the [joyent/node](https://github.com/joyent/node) repo given a specific Node version.","maintainers":[{"name":"substack","email":"mail@substack.net"},{"name":"rvagg","email":"rod@vagg.org"}],"time":{"modified":"2015-03-05T18:27:18.864Z","created":"2013-12-03T20:13:26.191Z","0.0.0":"2013-12-03T20:13:27.743Z","0.0.1":"2014-01-17T19:53:23.612Z","0.10.24":"2014-01-18T05:27:35.195Z","0.11.10":"2014-01-18T05:28:38.924Z","0.10.25":"2014-01-28T02:21:38.263Z","0.11.10-1":"2014-01-28T02:24:31.052Z","0.10.25-1":"2014-02-12T09:51:56.014Z","0.10.31":"2014-08-23T04:25:19.329Z"},"repository":{"type":"git","url":"git://github.com/rvagg/string_decoder.git"},"readmeFilename":"README.md","users":{"wenbing":true,"simplyianm":true,"xgqfrms":true},"homepage":"https://github.com/rvagg/string_decoder","keywords":["string","decoder","browser","browserify"],"bugs":{"url":"https://github.com/rvagg/string_decoder/issues"},"license":"MIT","_attachments":{},"_etag":"\"3SLQP4XEWUIBONOV855WOPR0B\""}