{"digest":"4b22bbd3a8da4831603f9cd9a6719906e27b0f60","css":".command-palette .list-group .character-match {\n  color: #d7d9e0;\n  font-weight: bold;\n}\n","imports":[{"path":"static\\variables\\ui-variables.less","digest":"a51b652b59d33fcd2efa2fd725a78735dbbcf655"},{"path":"static\\variables\\syntax-variables.less","digest":"161404ff92113205d84a38441681ded1e4527102"},{"path":"node_modules\\one-dark-ui\\styles\\ui-variables.less","digest":"167b76db825c0cf96e489ecebedd0723861ea9cc"},{"path":"C:\\Users\\Abraão Batista\\.atom\\packages\\itg-dark-syntax\\styles\\syntax-variables.less","digest":"118b23aa0d349df2e906526ebc14bfdc5ff57e47"}],"version":1}