{"digest":"7843074dd162b61c7fc9ff62d55eccfbfcdb78d5","css":".deprecation-cop-status .icon.icon-alert:before {\n  width: 17px;\n}\n.deprecation-cop {\n  overflow: auto;\n  -webkit-flex: 1;\n  background-color: #202329 !important;\n}\n.deprecation-cop .deprecation-overview:after {\n  content: '';\n  clear: both;\n  display: block;\n}\n.deprecation-cop .deprecation-info {\n  padding: 0 10px;\n}\n.deprecation-cop .deprecation-info:hover {\n  background-color: #393d49 !important;\n}\n.deprecation-cop .deprecation-detail.list-item {\n  white-space: normal;\n  clear: both;\n}\n.deprecation-cop .deprecation-detail.list-item .deprecation-message {\n  padding: 5px 0 5px 28px;\n  line-height: 1.4;\n  font-size: 12px;\n}\n.deprecation-cop .deprecation-detail.list-item .deprecation-message p:last-child {\n  margin-bottom: 0;\n}\n.deprecation-cop .deprecation-detail.list-item .icon-alert {\n  margin-top: 5px;\n  float: left;\n}\n.deprecation-cop .collapsed > ul {\n  display: none;\n}\n.deprecation-cop .list {\n  list-style-type: none;\n  padding: 0;\n}\n.deprecation-cop .stack-trace {\n  background-color: #202329;\n  padding: 10px;\n  margin-bottom: 10px;\n}\n.deprecation-cop a {\n  color: #d7d9e0;\n}\n","imports":[{"path":"static/variables/ui-variables.less","digest":"c6d5219b02cf3129dbc56c526ad6541ba4e237e6"},{"path":"static/variables/syntax-variables.less","digest":"812c1b7883a023f768773d14294653adcdb932d7"},{"path":"node_modules/one-dark-ui/styles/ui-variables.less","digest":"174a79723580d128c4efde22c592790285879f08"},{"path":"node_modules/one-dark-ui/styles/ui-variables-custom.less","digest":"c18a6f2514b8bca9a476d21e54a2953130a28018"},{"path":"/home/oabraaobatista/.atom/packages/itg-dark-syntax/styles/syntax-variables.less","digest":"118b23aa0d349df2e906526ebc14bfdc5ff57e47"}],"version":1}