{"digest":"4844ed52aace7b2aabc1600197b0c67d523fa018","css":"background-tips {\n  display: block;\n  pointer-events: none;\n  position: absolute;\n  top: 0;\n  left: 0;\n  right: 0;\n  bottom: 0;\n  overflow: hidden;\n}\nbackground-tips .background-message {\n  -webkit-user-select: none;\n  cursor: default;\n}\nbackground-tips .background-message .message {\n  padding: 0 30px;\n  opacity: 0;\n  transition: opacity 0.3s ease-in-out;\n}\nbackground-tips .background-message .message.fade-in {\n  opacity: 1;\n}\nbackground-tips .background-message .message .keystroke {\n  border: 2px solid;\n  padding: 0 5px;\n  border-radius: 9px;\n  font-family: \"Helvetica Neue\", Arial, sans-serif;\n}\n","imports":[{"path":"static/variables/ui-variables.less","digest":"c6d5219b02cf3129dbc56c526ad6541ba4e237e6"},{"path":"static/variables/syntax-variables.less","digest":"812c1b7883a023f768773d14294653adcdb932d7"},{"path":"node_modules/one-dark-ui/styles/ui-variables.less","digest":"174a79723580d128c4efde22c592790285879f08"},{"path":"node_modules/one-dark-ui/styles/ui-variables-custom.less","digest":"c18a6f2514b8bca9a476d21e54a2953130a28018"},{"path":"/home/oabraaobatista/.atom/packages/itg-dark-syntax/styles/syntax-variables.less","digest":"118b23aa0d349df2e906526ebc14bfdc5ff57e47"}],"version":1}