{"_id":"special-html","_rev":"6-a279702c101808bf5b515fb8e20edf9a","name":"special-html","description":"Convert special UTF-8 characters in a string to their HTML escape code equivalents.","dist-tags":{"latest":"0.0.1"},"versions":{"0.0.1":{"name":"special-html","version":"0.0.1","description":"Convert special UTF-8 characters in a string to their HTML escape code equivalents.","main":"index.js","scripts":{"test":"node_modules/.bin/mocha -u tdd --reporter spec"},"repository":{"type":"git","url":"git://github.com/hughsk/special-html.git"},"keywords":["special","characters","html","utf8","replace","escape"],"author":{"name":"Hugh Kennedy","email":"hughskennedy@gmail.com","url":"http://hughskennedy.com"},"license":"MIT","devDependencies":{"mocha":"~1.7.4"},"readmeFilename":"README.md","gitHead":"509cb0ee5ce50a4935ba89e05e252015ea37b864","directories":{"test":"test"},"readme":"# special-html\n\nConverts special UTF-8 characters in a string to their HTML escape code equivalents.\n\n## Installation\n\n``` javascript\n$ npm install special-html\n```\n\n## Usage\n\n``` javascript\nvar special = require('special-html')\n  , original = '├── http-browserify@0.1.6 (concat-stream@0.0.8)'\n\nconsole.log(special(original))\n// &#9500;&#9472;&#9472; http-browserify@0.1.6 (concat-stream@0.0.8)\n```\n","_id":"special-html@0.0.1","dist":{"shasum":"79af233e81fc4971b9577d0642ba74ca5beba77c","tarball":"https://registry.npmjs.org/special-html/-/special-html-0.0.1.tgz"},"_npmVersion":"1.1.69","_npmUser":{"name":"hughsk","email":"hughskennedy@gmail.com"},"maintainers":[{"name":"hughsk","email":"hughskennedy@gmail.com"}]}},"readme":"# special-html\n\nConverts special UTF-8 characters in a string to their HTML escape code equivalents.\n\n## Installation\n\n``` javascript\n$ npm install special-html\n```\n\n## Usage\n\n``` javascript\nvar special = require('special-html')\n  , original = '├── http-browserify@0.1.6 (concat-stream@0.0.8)'\n\nconsole.log(special(original))\n// &#9500;&#9472;&#9472; http-browserify@0.1.6 (concat-stream@0.0.8)\n```\n","maintainers":[{"name":"hughsk","email":"hughskennedy@gmail.com"}],"time":{"modified":"2012-12-22T03:55:48.646Z","created":"2012-12-22T03:55:45.181Z","0.0.1":"2012-12-22T03:55:48.646Z"},"author":{"name":"Hugh Kennedy","email":"hughskennedy@gmail.com","url":"http://hughskennedy.com"},"repository":{"type":"git","url":"git://github.com/hughsk/special-html.git"},"users":{"cristiano.ascari":true,"xiaomaizou":true,"artjacob":true},"_attachments":{},"_etag":"W/\"50d52f44-9d1\"","_lastModified":"Sat, 22 Dec 2012 03:55:48 GMT"}