{"digest":"c7aecf94bf4c4229b6d83d8b0f913cc9bfb46231","css":".settings-view .package-readme {\n  font-size: 1.25em;\n}\n.settings-view .package-readme h1 {\n  font-size: 2em;\n  margin-top: 1.5em;\n}\n.settings-view .package-readme h2 {\n  font-size: 1.75em;\n  margin-top: 1.5em;\n}\n.settings-view .package-readme h3 {\n  font-size: 1.5em;\n  margin-top: 1.75em;\n}\n.settings-view .package-readme h4 {\n  font-size: 1.25em;\n  margin-top: 1.25em;\n}\n.settings-view .package-readme h1,\n.settings-view .package-readme h2,\n.settings-view .package-readme h3,\n.settings-view .package-readme h4 {\n  color: #d7d9e0;\n}\n.settings-view .package-readme a {\n  color: #6494ed;\n}\n.settings-view .package-readme hr {\n  border-color: rgba(158, 163, 179, 0.6);\n}\n.settings-view .package-readme blockquote {\n  border-left-color: rgba(158, 163, 179, 0.6);\n}\n.settings-view .package-readme pre {\n  margin-bottom: 1em;\n}\n.settings-view .package-readme img {\n  max-width: 100%;\n}\n.settings-view .package-readme table {\n  display: block;\n  margin-bottom: 1em;\n  width: 100%;\n  overflow: auto;\n  word-break: normal;\n}\n.settings-view .package-readme table th {\n  font-weight: bold;\n  text-align: center;\n}\n.settings-view .package-readme table th,\n.settings-view .package-readme table td {\n  padding: 6px 13px;\n  border: 1px solid #17191e;\n}\n.settings-view .package-readme table tr {\n  border-top: 1px solid #17191e;\n  background-color: #272a32;\n}\n.settings-view .package-readme table tr:nth-child(2n) {\n  background-color: #30343d;\n}\n.settings-view .package-readme kbd {\n  display: inline-block;\n  padding: .3em .4em;\n  font-size: .8em;\n  line-height: 1;\n  color: #d7d9e0;\n  vertical-align: middle;\n  background-color: #3d424f;\n  border: solid 1px #17191e;\n  border-bottom-color: #010101;\n  border-radius: 3px;\n  box-shadow: inset 0 -1px 0 #010101;\n}\n","imports":[{"path":"static/variables/ui-variables.less","digest":"c6d5219b02cf3129dbc56c526ad6541ba4e237e6"},{"path":"static/variables/syntax-variables.less","digest":"812c1b7883a023f768773d14294653adcdb932d7"},{"path":"node_modules/one-dark-ui/styles/ui-variables.less","digest":"174a79723580d128c4efde22c592790285879f08"},{"path":"node_modules/one-dark-ui/styles/ui-variables-custom.less","digest":"c18a6f2514b8bca9a476d21e54a2953130a28018"},{"path":"/home/oabraaobatista/.atom/packages/itg-dark-syntax/styles/syntax-variables.less","digest":"118b23aa0d349df2e906526ebc14bfdc5ff57e47"}],"version":1}