{"_id":"node-uuid","_rev":"190-62fd2c17f145a4cc5fcd9a1a5701af88","name":"node-uuid","description":"Rigorous implementation of RFC4122 (v1 and v4) UUIDs.","dist-tags":{"latest":"1.4.7"},"versions":{"1.2.0":{"name":"node-uuid","description":"Simple, fast generation of RFC4122 (v1 and v4) UUIDs.","url":"http://github.com/broofa/node-uuid","keywords":["uuid","guid","rfc4122"],"author":{"name":"Robert Kieffer","email":"robert@broofa.com"},"contributors":[{"name":"Christoph Tavan","email":"dev@tavan.de"}],"dependencies":{},"lib":".","main":"./uuid.js","version":"1.2.0","_npmUser":{"name":"broofa","email":"robert@broofa.com"},"_id":"node-uuid@1.2.0","devDependencies":{},"engines":{"node":"*"},"_engineSupported":true,"_npmVersion":"1.0.106","_nodeVersion":"v0.4.6","_defaultsLoaded":true,"dist":{"shasum":"81a9fe32934719852499b58b2523d2cd5fdfd65b","tarball":"http://registry.npmjs.org/node-uuid/-/node-uuid-1.2.0.tgz"},"maintainers":[{"name":"broofa","email":"robert@broofa.com"}],"directories":{}},"1.3.0":{"name":"node-uuid","description":"Rigorous implementation of RFC4122 (v1 and v4) UUIDs.","url":"http://github.com/broofa/node-uuid","keywords":["uuid","guid","rfc4122"],"author":{"name":"Robert Kieffer","email":"robert@broofa.com"},"contributors":[{"name":"Christoph Tavan","email":"dev@tavan.de"}],"dependencies":{},"lib":".","main":"./uuid.js","version":"1.3.0","_npmUser":{"name":"broofa","email":"robert@broofa.com"},"_id":"node-uuid@1.3.0","devDependencies":{},"engines":{"node":"*"},"_engineSupported":true,"_npmVersion":"1.0.106","_nodeVersion":"v0.4.6","_defaultsLoaded":true,"dist":{"shasum":"ae7aaa86c2941a2ce3af4d07de4e636f7039a051","tarball":"http://registry.npmjs.org/node-uuid/-/node-uuid-1.3.0.tgz"},"maintainers":[{"name":"broofa","email":"robert@broofa.com"}],"directories":{}},"1.3.1":{"name":"node-uuid","description":"Rigorous implementation of RFC4122 (v1 and v4) UUIDs.","url":"http://github.com/broofa/node-uuid","keywords":["uuid","guid","rfc4122"],"author":{"name":"Robert Kieffer","email":"robert@broofa.com"},"contributors":[{"name":"Christoph Tavan","email":"dev@tavan.de"}],"dependencies":{},"lib":".","main":"./uuid.js","version":"1.3.1","_npmUser":{"name":"broofa","email":"robert@broofa.com"},"_id":"node-uuid@1.3.1","devDependencies":{},"engines":{"node":"*"},"_engineSupported":true,"_npmVersion":"1.0.106","_nodeVersion":"v0.4.6","_defaultsLoaded":true,"dist":{"shasum":"a923260d441c4c5323b9b62b39fe2361014380c1","tarball":"http://registry.npmjs.org/node-uuid/-/node-uuid-1.3.1.tgz"},"maintainers":[{"name":"broofa","email":"robert@broofa.com"}],"directories":{}},"1.3.2":{"name":"node-uuid","description":"Rigorous implementation of RFC4122 (v1 and v4) UUIDs.","url":"http://github.com/broofa/node-uuid","keywords":["uuid","guid","rfc4122"],"author":{"name":"Robert Kieffer","email":"robert@broofa.com"},"contributors":[{"name":"Christoph Tavan","email":"dev@tavan.de"}],"dependencies":{},"lib":".","main":"./uuid.js","version":"1.3.2","_npmUser":{"name":"broofa","email":"robert@broofa.com"},"_id":"node-uuid@1.3.2","devDependencies":{},"engines":{"node":"*"},"_engineSupported":true,"_npmVersion":"1.0.106","_nodeVersion":"v0.4.6","_defaultsLoaded":true,"dist":{"shasum":"e7d66a0e06e7e93194e2238f94a28eebd3366e79","tarball":"http://registry.npmjs.org/node-uuid/-/node-uuid-1.3.2.tgz"},"maintainers":[{"name":"broofa","email":"robert@broofa.com"}],"directories":{}},"1.1.0":{"name":"node-uuid","description":"Simple, fast generation of RFC4122(v4) UUIDs.","url":"http://github.com/broofa/node-uuid","keywords":["uuid","guid","rfc4122"],"author":{"name":"Robert Kieffer","email":"robert@broofa.com"},"contributors":[],"dependencies":{},"lib":".","main":"./uuid.js","version":"1.1.0","_npmUser":{"name":"broofa","email":"robert@broofa.com"},"_id":"node-uuid@1.1.0","devDependencies":{},"engines":{"node":"*"},"_engineSupported":true,"_npmVersion":"1.0.106","_nodeVersion":"v0.4.6","_defaultsLoaded":true,"dist":{"shasum":"5117df805ee5cc4010f542299180142e3ff24a70","tarball":"http://registry.npmjs.org/node-uuid/-/node-uuid-1.1.0.tgz"},"maintainers":[{"name":"broofa","email":"robert@broofa.com"}],"directories":{}},"1.0.0":{"name":"node-uuid","description":"Generate standards-compliant UUID strings.","url":"http://github.com/broofa/node-uuid","keywords":["uuid","guid","rfc4122"],"author":{"name":"Robert Kieffer","email":"robert@broofa.com"},"contributors":[],"dependencies":{},"lib":".","main":"./uuid.js","version":"1.0.0","_npmUser":{"name":"broofa","email":"robert@broofa.com"},"_id":"node-uuid@1.0.0","devDependencies":{},"engines":{"node":"*"},"_engineSupported":true,"_npmVersion":"1.0.106","_nodeVersion":"v0.4.6","_defaultsLoaded":true,"dist":{"shasum":"daa362ab4121345ccef2bf37883e5d71ec66fb57","tarball":"http://registry.npmjs.org/node-uuid/-/node-uuid-1.0.0.tgz"},"maintainers":[{"name":"broofa","email":"robert@broofa.com"}],"directories":{}},"1.3.3":{"name":"node-uuid","description":"Rigorous implementation of RFC4122 (v1 and v4) UUIDs.","url":"http://github.com/broofa/node-uuid","keywords":["uuid","guid","rfc4122"],"author":{"name":"Robert Kieffer","email":"robert@broofa.com"},"contributors":[{"name":"Christoph Tavan","email":"dev@tavan.de"}],"lib":".","main":"./uuid.js","repository":{"type":"git","url":"git://github.com/broofa/node-uuid.git"},"version":"1.3.3","_npmUser":{"name":"broofa","email":"robert@broofa.com"},"_id":"node-uuid@1.3.3","dependencies":{},"devDependencies":{},"engines":{"node":"*"},"_engineSupported":true,"_npmVersion":"1.0.106","_nodeVersion":"v0.4.6","_defaultsLoaded":true,"dist":{"shasum":"d3db4d7b56810d9e4032342766282af07391729b","tarball":"http://registry.npmjs.org/node-uuid/-/node-uuid-1.3.3.tgz"},"maintainers":[{"name":"broofa","email":"robert@broofa.com"}],"directories":{}},"1.4.0":{"name":"node-uuid","description":"Rigorous implementation of RFC4122 (v1 and v4) UUIDs.","url":"http://github.com/broofa/node-uuid","keywords":["uuid","guid","rfc4122"],"author":{"name":"Robert Kieffer","email":"robert@broofa.com"},"contributors":[{"name":"Christoph Tavan","email":"dev@tavan.de"}],"lib":".","main":"./uuid.js","repository":{"type":"git","url":"https://github.com/broofa/node-uuid.git"},"version":"1.4.0","_id":"node-uuid@1.4.0","dist":{"shasum":"07f9b2337572ff6275c775e1d48513f3a45d7a65","tarball":"http://registry.npmjs.org/node-uuid/-/node-uuid-1.4.0.tgz"},"maintainers":[{"name":"broofa","email":"robert@broofa.com"}],"directories":{}},"1.4.1":{"name":"node-uuid","description":"Rigorous implementation of RFC4122 (v1 and v4) UUIDs.","url":"http://github.com/broofa/node-uuid","keywords":["uuid","guid","rfc4122"],"author":{"name":"Robert Kieffer","email":"robert@broofa.com"},"contributors":[{"name":"Christoph Tavan","email":"dev@tavan.de"}],"lib":".","main":"./uuid.js","repository":{"type":"git","url":"https://github.com/broofa/node-uuid.git"},"version":"1.4.1","bugs":{"url":"https://github.com/broofa/node-uuid/issues"},"_id":"node-uuid@1.4.1","dist":{"shasum":"39aef510e5889a3dca9c895b506c73aae1bac048","tarball":"http://registry.npmjs.org/node-uuid/-/node-uuid-1.4.1.tgz"},"_from":".","_npmVersion":"1.3.6","_npmUser":{"name":"broofa","email":"robert@broofa.com"},"maintainers":[{"name":"broofa","email":"robert@broofa.com"}],"directories":{}},"1.4.2":{"name":"node-uuid","description":"Rigorous implementation of RFC4122 (v1 and v4) UUIDs.","url":"http://github.com/broofa/node-uuid","keywords":["uuid","guid","rfc4122"],"author":{"name":"Robert Kieffer","email":"robert@broofa.com"},"contributors":[{"name":"Christoph Tavan","email":"dev@tavan.de"}],"bin":{"uuid":"./bin/uuid"},"scripts":{"test":"node test/test.js"},"lib":".","main":"./uuid.js","repository":{"type":"git","url":"https://github.com/broofa/node-uuid.git"},"version":"1.4.2","licenses":[{"type":"MIT","url":"https://raw.github.com/broofa/node-uuid/master/LICENSE.md"}],"gitHead":"14c42d2568977f7ddfc02399bd2a6b09e2cfbe5f","bugs":{"url":"https://github.com/broofa/node-uuid/issues"},"homepage":"https://github.com/broofa/node-uuid","_id":"node-uuid@1.4.2","_shasum":"907db3d11b7b6a2cf4f905fb7199f14ae7379ba0","_from":".","_npmVersion":"1.4.28","_npmUser":{"name":"broofa","email":"robert@broofa.com"},"maintainers":[{"name":"broofa","email":"robert@broofa.com"}],"dist":{"shasum":"907db3d11b7b6a2cf4f905fb7199f14ae7379ba0","tarball":"http://registry.npmjs.org/node-uuid/-/node-uuid-1.4.2.tgz"},"directories":{}},"1.4.3":{"name":"node-uuid","description":"Rigorous implementation of RFC4122 (v1 and v4) UUIDs.","url":"http://github.com/broofa/node-uuid","keywords":["uuid","guid","rfc4122"],"author":{"name":"Robert Kieffer","email":"robert@broofa.com"},"contributors":[{"name":"Christoph Tavan","email":"dev@tavan.de"}],"bin":{"uuid":"./bin/uuid"},"scripts":{"test":"node test/test.js"},"lib":".","main":"./uuid.js","repository":{"type":"git","url":"https://github.com/broofa/node-uuid.git"},"version":"1.4.3","licenses":[{"type":"MIT","url":"https://raw.github.com/broofa/node-uuid/master/LICENSE.md"}],"gitHead":"886463c660a095dfebfa69603921a8d156fdb12c","bugs":{"url":"https://github.com/broofa/node-uuid/issues"},"homepage":"https://github.com/broofa/node-uuid","_id":"node-uuid@1.4.3","_shasum":"319bb7a56e7cb63f00b5c0cd7851cd4b4ddf1df9","_from":".","_npmVersion":"1.4.28","_npmUser":{"name":"broofa","email":"robert@broofa.com"},"maintainers":[{"name":"broofa","email":"robert@broofa.com"}],"dist":{"shasum":"319bb7a56e7cb63f00b5c0cd7851cd4b4ddf1df9","tarball":"http://registry.npmjs.org/node-uuid/-/node-uuid-1.4.3.tgz"},"directories":{}},"1.4.6":{"author":{"name":"Robert Kieffer","email":"robert@broofa.com"},"bin":{"uuid":"./bin/uuid"},"bugs":{"url":"https://github.com/broofa/node-uuid/issues"},"contributors":[{"name":"AJ ONeal","email":"coolaj86@gmail.com"},{"name":"Christoph Tavan","email":"dev@tavan.de"}],"dependencies":{},"description":"Rigorous implementation of RFC4122 (v1 and v4) UUIDs.","devDependencies":{"nyc":"^2.2.0"},"directories":{},"homepage":"https://github.com/broofa/node-uuid","installable":true,"keywords":["guid","rfc4122","uuid"],"lib":".","licenses":[{"type":"MIT","url":"https://raw.github.com/broofa/node-uuid/master/LICENSE.md"}],"main":"./uuid.js","maintainers":[{"name":"broofa","email":"robert@broofa.com"},{"name":"coolaj86","email":"coolaj86@gmail.com"}],"name":"node-uuid","optionalDependencies":{},"repository":{"type":"git","url":"git+https://github.com/broofa/node-uuid.git"},"scripts":{"coverage":"nyc npm test && nyc report","test":"node test/test.js"},"url":"http://github.com/broofa/node-uuid","version":"1.4.6","gitHead":"17365b420191e391fe90d7651304ab6e82add07f","_id":"node-uuid@1.4.6","_shasum":"6a9632f46352243c84d2f45534d614c0bdcbeaf2","_from":".","_npmVersion":"3.3.6","_nodeVersion":"5.0.0","_npmUser":{"name":"coolaj86","email":"coolaj86@gmail.com"},"dist":{"shasum":"6a9632f46352243c84d2f45534d614c0bdcbeaf2","tarball":"http://registry.npmjs.org/node-uuid/-/node-uuid-1.4.6.tgz"}},"1.4.7":{"author":{"name":"Robert Kieffer","email":"robert@broofa.com"},"bin":{"uuid":"./bin/uuid"},"bugs":{"url":"https://github.com/broofa/node-uuid/issues"},"contributors":[{"name":"AJ ONeal","email":"coolaj86@gmail.com"},{"name":"Christoph Tavan","email":"dev@tavan.de"}],"dependencies":{},"description":"Rigorous implementation of RFC4122 (v1 and v4) UUIDs.","devDependencies":{"nyc":"^2.2.0"},"directories":{},"homepage":"https://github.com/broofa/node-uuid","installable":true,"keywords":["guid","rfc4122","uuid"],"lib":".","licenses":[{"type":"MIT","url":"https://raw.github.com/broofa/node-uuid/master/LICENSE.md"}],"main":"./uuid.js","maintainers":[{"name":"broofa","email":"robert@broofa.com"},{"name":"coolaj86","email":"coolaj86@gmail.com"}],"name":"node-uuid","optionalDependencies":{},"repository":{"type":"git","url":"git+https://github.com/broofa/node-uuid.git"},"scripts":{"coverage":"nyc npm test && nyc report","test":"node test/test.js"},"url":"http://github.com/broofa/node-uuid","version":"1.4.7","gitHead":"309512573ec1c60143c257157479a20f7f1f51cd","_id":"node-uuid@1.4.7","_shasum":"6da5a17668c4b3dd59623bda11cf7fa4c1f60a6f","_from":".","_npmVersion":"3.3.6","_nodeVersion":"5.0.0","_npmUser":{"name":"coolaj86","email":"coolaj86@gmail.com"},"dist":{"shasum":"6da5a17668c4b3dd59623bda11cf7fa4c1f60a6f","tarball":"http://registry.npmjs.org/node-uuid/-/node-uuid-1.4.7.tgz"}}},"readme":"# node-uuid\n\nSimple, fast generation of [RFC4122](http://www.ietf.org/rfc/rfc4122.txt) UUIDS.\n\nFeatures:\n\n* Generate RFC4122 version 1 or version 4 UUIDs\n* Runs in node.js and all browsers.\n* Registered as a [ComponentJS](https://github.com/component/component) [component](https://github.com/component/component/wiki/Components) ('broofa/node-uuid').\n* Cryptographically strong random # generation\n  * `crypto.randomBytes(n)` in node.js\n  * `window.crypto.getRandomValues(ta)` in [supported browsers](https://developer.mozilla.org/en-US/docs/Web/API/RandomSource/getRandomValues#Browser_Compatibility)\n* 1.1K minified and gzip'ed  (Want something smaller?  Check this [crazy shit](https://gist.github.com/982883) out! )\n* [Annotated source code](http://broofa.github.com/node-uuid/docs/uuid.html)\n* Comes with a Command Line Interface for generating uuids on the command line\n\n## Getting Started\n\nInstall it in your browser:\n\n```html\n<script src=\"uuid.js\"></script>\n```\n\nOr in node.js:\n\n```\nnpm install node-uuid\n```\n\n```javascript\nvar uuid = require('node-uuid');\n```\n\nThen create some ids ...\n\n```javascript\n// Generate a v1 (time-based) id\nuuid.v1(); // -> '6c84fb90-12c4-11e1-840d-7b25c5ee775a'\n\n// Generate a v4 (random) id\nuuid.v4(); // -> '110ec58a-a0f2-4ac4-8393-c866d813b8d1'\n```\n\n## API\n\n### uuid.v1([`options` [, `buffer` [, `offset`]]])\n\nGenerate and return a RFC4122 v1 (timestamp-based) UUID.\n\n* `options` - (Object) Optional uuid state to apply. Properties may include:\n\n  * `node` - (Array) Node id as Array of 6 bytes (per 4.1.6). Default: Randomly generated ID.  See note 1.\n  * `clockseq` - (Number between 0 - 0x3fff) RFC clock sequence.  Default: An internally maintained clockseq is used.\n  * `msecs` - (Number | Date) Time in milliseconds since unix Epoch.  Default: The current time is used.\n  * `nsecs` - (Number between 0-9999) additional time, in 100-nanosecond units. Ignored if `msecs` is unspecified. Default: internal uuid counter is used, as per 4.2.1.2.\n\n* `buffer` - (Array | Buffer) Array or buffer where UUID bytes are to be written.\n* `offset` - (Number) Starting index in `buffer` at which to begin writing.\n\nReturns `buffer`, if specified, otherwise the string form of the UUID\n\nNotes:\n\n1. The randomly generated node id is only guaranteed to stay constant for the lifetime of the current JS runtime. (Future versions of this module may use persistent storage mechanisms to extend this guarantee.)\n\nExample: Generate string UUID with fully-specified options\n\n```javascript\nuuid.v1({\n  node: [0x01, 0x23, 0x45, 0x67, 0x89, 0xab],\n  clockseq: 0x1234,\n  msecs: new Date('2011-11-01').getTime(),\n  nsecs: 5678\n});   // -> \"710b962e-041c-11e1-9234-0123456789ab\"\n```\n\nExample: In-place generation of two binary IDs\n\n```javascript\n// Generate two ids in an array\nvar arr = new Array(32); // -> []\nuuid.v1(null, arr, 0);   // -> [02 a2 ce 90 14 32 11 e1 85 58 0b 48 8e 4f c1 15]\nuuid.v1(null, arr, 16);  // -> [02 a2 ce 90 14 32 11 e1 85 58 0b 48 8e 4f c1 15 02 a3 1c b0 14 32 11 e1 85 58 0b 48 8e 4f c1 15]\n\n// Optionally use uuid.unparse() to get stringify the ids\nuuid.unparse(buffer);    // -> '02a2ce90-1432-11e1-8558-0b488e4fc115'\nuuid.unparse(buffer, 16) // -> '02a31cb0-1432-11e1-8558-0b488e4fc115'\n```\n\n### uuid.v4([`options` [, `buffer` [, `offset`]]])\n\nGenerate and return a RFC4122 v4 UUID.\n\n* `options` - (Object) Optional uuid state to apply. Properties may include:\n\n  * `random` - (Number[16]) Array of 16 numbers (0-255) to use in place of randomly generated values\n  * `rng` - (Function) Random # generator to use.  Set to one of the built-in generators - `uuid.mathRNG` (all platforms), `uuid.nodeRNG` (node.js only), `uuid.whatwgRNG` (WebKit only) - or a custom function that returns an array[16] of byte values.\n\n* `buffer` - (Array | Buffer) Array or buffer where UUID bytes are to be written.\n* `offset` - (Number) Starting index in `buffer` at which to begin writing.\n\nReturns `buffer`, if specified, otherwise the string form of the UUID\n\nExample: Generate string UUID with fully-specified options\n\n```javascript\nuuid.v4({\n  random: [\n    0x10, 0x91, 0x56, 0xbe, 0xc4, 0xfb, 0xc1, 0xea,\n    0x71, 0xb4, 0xef, 0xe1, 0x67, 0x1c, 0x58, 0x36\n  ]\n});\n// -> \"109156be-c4fb-41ea-b1b4-efe1671c5836\"\n```\n\nExample: Generate two IDs in a single buffer\n\n```javascript\nvar buffer = new Array(32); // (or 'new Buffer' in node.js)\nuuid.v4(null, buffer, 0);\nuuid.v4(null, buffer, 16);\n```\n\n### uuid.parse(id[, buffer[, offset]])\n### uuid.unparse(buffer[, offset])\n\nParse and unparse UUIDs\n\n  * `id` - (String) UUID(-like) string\n  * `buffer` - (Array | Buffer) Array or buffer where UUID bytes are to be written. Default: A new Array or Buffer is used\n  * `offset` - (Number) Starting index in `buffer` at which to begin writing. Default: 0\n\nExample parsing and unparsing a UUID string\n\n```javascript\nvar bytes = uuid.parse('797ff043-11eb-11e1-80d6-510998755d10'); // -> <Buffer 79 7f f0 43 11 eb 11 e1 80 d6 51 09 98 75 5d 10>\nvar string = uuid.unparse(bytes); // -> '797ff043-11eb-11e1-80d6-510998755d10'\n```\n\n### uuid.noConflict()\n\n(Browsers only) Set `uuid` property back to it's previous value.\n\nReturns the node-uuid object.\n\nExample:\n\n```javascript\nvar myUuid = uuid.noConflict();\nmyUuid.v1(); // -> '6c84fb90-12c4-11e1-840d-7b25c5ee775a'\n```\n\n## Deprecated APIs\n\nSupport for the following v1.2 APIs is available in v1.3, but is deprecated and will be removed in the next major version.\n\n### uuid([format [, buffer [, offset]]])\n\nuuid() has become uuid.v4(), and the `format` argument is now implicit in the `buffer` argument. (i.e. if you specify a buffer, the format is assumed to be binary).\n\n### uuid.BufferClass\n\nThe class of container created when generating binary uuid data if no buffer argument is specified.  This is expected to go away, with no replacement API.\n\n## Command Line Interface\n\nTo use the executable, it's probably best to install this library globally.\n\n`npm install -g node-uuid`\n\nUsage:\n\n```\nUSAGE: uuid [version] [options]\n\n\noptions:\n\n--help                     Display this message and exit\n```\n\n`version` must be an RFC4122 version that is supported by this library, which is currently version 1 and version 4 (denoted by \"v1\" and \"v4\", respectively). `version` defaults to version 4 when not supplied.\n\n### Examples\n\n```\n> uuid\n3a91f950-dec8-4688-ba14-5b7bbfc7a563\n```\n\n```\n> uuid v1\n9d0b43e0-7696-11e3-964b-250efa37a98e\n```\n\n```\n> uuid v4\n6790ac7c-24ac-4f98-8464-42f6d98a53ae\n```\n\n## Testing\n\nIn node.js\n\n```\nnpm test\n```\n\nIn Browser\n\n```\nopen test/test.html\n```\n\n### Benchmarking\n\nRequires node.js\n\n```\nnpm install uuid uuid-js\nnode benchmark/benchmark.js\n```\n\nFor a more complete discussion of node-uuid performance, please see the `benchmark/README.md` file, and the [benchmark wiki](https://github.com/broofa/node-uuid/wiki/Benchmark)\n\nFor browser performance [checkout the JSPerf tests](http://jsperf.com/node-uuid-performance).\n\n## Release notes\n\n### 1.4.6\n\n* Properly detect node crypto and whatwg crypto\n* Workaround phantomjs/browserify bug\n* Explicit check for `window` rather implicit this-global\n* Issue warning if Math.random() is being used\n* \"use strict\";\n* A few jshint / stylistic updates (=== and such)\n\n### 1.4.0\n\n* Improved module context detection\n* Removed public RNG functions\n\n### 1.3.2\n\n* Improve tests and handling of v1() options (Issue #24)\n* Expose RNG option to allow for perf testing with different generators\n\n### 1.3.0\n\n* Support for version 1 ids, thanks to [@ctavan](https://github.com/ctavan)!\n* Support for node.js crypto API\n* De-emphasizing performance in favor of a) cryptographic quality PRNGs where available and b) more manageable code\n","maintainers":[{"name":"broofa","email":"robert@broofa.com"},{"name":"coolaj86","email":"coolaj86@gmail.com"}],"time":{"modified":"2015-11-13T20:31:28.475Z","created":"2012-02-06T13:13:29.968Z","1.3.3":"2012-02-06T19:00:02.414Z","1.2.0":"2012-02-06T18:37:58.432Z","1.3.0":"2012-02-06T18:43:49.454Z","1.3.1":"2012-02-06T18:46:09.071Z","1.3.2":"2012-02-06T18:49:48.386Z","1.1.0":"2012-02-06T18:54:52.771Z","1.0.0":"2012-02-06T18:56:53.955Z","1.4.0":"2012-10-18T13:51:34.289Z","1.4.1":"2013-08-17T12:51:06.146Z","1.4.2":"2014-12-03T23:17:39.913Z","1.4.3":"2015-03-05T19:31:39.445Z","1.4.4":"2015-11-12T01:29:51.514Z","1.4.6":"2015-11-12T22:03:38.350Z","1.4.7":"2015-11-13T20:31:28.475Z"},"author":{"name":"Robert Kieffer","email":"robert@broofa.com"},"repository":{"type":"git","url":"git+https://github.com/broofa/node-uuid.git"},"users":{"fgribreau":true,"chilts":true,"hij1nx":true,"bryanburgers":true,"booyaa":true,"dannydulai":true,"tigefa":true,"spekkionu":true,"pragmadash":true,"oliversalzburg":true,"davidrlee":true,"hortinstein":true,"jorgemsrs":true,"apache2046":true,"jokeyrhyme":true,"infrasp":true,"anticom":true,"gabeio":true,"serdar2nc":true,"toogle":true,"brentonhouse":true,"shen-weizhong":true,"v6":true,"tchey":true,"josephdavisco":true,"shobhitsinghal624":true,"japh":true,"sitnin":true,"boustanihani":true,"alnafie":true,"morrelinko":true,"carlton":true,"inderdeep":true,"noopkat":true,"arthas":true,"drittich":true,"genediazjr":true,"abeldu":true,"mesin":true,"mjzac":true,"pingjiang":true,"codeq":true,"stoneren":true,"pensierinmusica":true,"ivangaravito":true,"shahzaib":true,"gazilla":true,"alxe.master":true,"thomask33":true,"kabomi":true,"gdbtek":true,"kikar":true,"kenlimmj":true,"itonyyo":true,"zerodi":true,"j3kz":true,"marco.jahn":true,"roryrjb":true,"robermac":true,"sahilsk":true,"igorkirey":true,"vboctor":true,"jamescostian":true,"9joneg":true,"skarface":true,"mp2526":true,"markthethomas":true,"lujcon":true,"flyslow":true,"mikend":true,"tonydieu":true,"justintormey":true,"moimikey":true,"jcottam":true,"richarddavenport":true,"sanketss84":true,"program247365":true,"junjiansyu":true,"smd4":true,"etsit":true,"leodutra":true,"alekseyleshko":true,"tanmaypatel":true,"leoyzy":true,"karthickt":true,"devmoreno":true,"karlbateman":true,"mjurincic":true,"xucl":true,"decoda":true,"daniilbabanin":true,"arashmilani":true,"stephn_r":true,"paulj":true,"nanook":true,"kparkov":true,"kungkk":true,"yianl":true,"reecegoddard":true,"brad-christie":true,"crazyjingling":true,"ftornik":true,"eviratec":true,"nalindak":true,"antanst":true,"josejaguirre":true,"antixrist":true,"bracketdash":true,"stretchgz":true,"superpaintman":true,"bojand":true,"hust007":true,"starfox64":true,"rbartoli":true,"tstringer":true,"pstoev":true,"seanr":true,"danielbankhead":true,"eserozvataf":true,"sirrah":true,"algonzo":true,"andersonsantos":true,"evanyeung":true,"onufrienko":true,"crusaderltd":true,"yrocq":true,"coolhanddev":true,"grantcarthew":true,"tobiasnickel":true,"dlv_201":true},"homepage":"https://github.com/broofa/node-uuid","keywords":["guid","rfc4122","uuid"],"contributors":[{"name":"AJ ONeal","email":"coolaj86@gmail.com"},{"name":"Christoph Tavan","email":"dev@tavan.de"}],"bugs":{"url":"https://github.com/broofa/node-uuid/issues"},"readmeFilename":"README.md","_attachments":{},"_etag":"\"5W39AYUPTS87AI80888R9GRNI\""}